"../../../Engine/Plugins/2D/Paper2D/Content/PlaceholderTextures/DummySpriteTexture.ubulk" 0
"../../../Engine/Plugins/2D/Paper2D/Content/PlaceholderTextures/DummySpriteTexture.uasset" 1
"../../../Engine/Plugins/2D/Paper2D/Content/PlaceholderTextures/DummySpriteTexture.uexp" 2
"../../../Engine/Plugins/2D/Paper2D/Content/DummySprite.uasset" 3
"../../../Engine/Plugins/2D/Paper2D/Content/DummySprite.uexp" 4
"../../../Engine/Plugins/2D/Paper2D/Content/DefaultPaperTerrainMaterial.uasset" 5
"../../../Engine/Plugins/2D/Paper2D/Content/DefaultPaperTerrainMaterial.uexp" 6
"../../../Engine/Plugins/Animation/ACLPlugin/Content/ACLAnimBoneCompressionSettings.uasset" 7
"../../../Engine/Plugins/Animation/ACLPlugin/Content/ACLAnimBoneCompressionSettings.uexp" 8
"../../../Engine/Content/EngineFonts/Faces/DroidSansFallback.uexp" 9
"../../../Engine/Content/EngineFonts/Faces/DroidSansFallback.uasset" 10
"../../../Engine/Content/EngineFonts/Faces/DroidSansFallback.ufont" 11
"../../../Engine/Content/EngineFonts/Faces/RobotoBold.uexp" 12
"../../../Engine/Content/EngineFonts/Faces/RobotoBold.uasset" 13
"../../../Engine/Content/EngineFonts/Faces/RobotoBold.ufont" 14
"../../../Engine/Content/EngineFonts/Faces/RobotoBoldItalic.uexp" 15
"../../../Engine/Content/EngineFonts/Faces/RobotoBoldItalic.uasset" 16
"../../../Engine/Content/EngineFonts/Faces/RobotoBoldItalic.ufont" 17
"../../../Engine/Content/EngineFonts/Faces/RobotoItalic.uexp" 18
"../../../Engine/Content/EngineFonts/Faces/RobotoItalic.uasset" 19
"../../../Engine/Content/EngineFonts/Faces/RobotoItalic.ufont" 20
"../../../Engine/Content/EngineFonts/Faces/RobotoLight.uexp" 21
"../../../Engine/Content/EngineFonts/Faces/RobotoLight.uasset" 22
"../../../Engine/Content/EngineFonts/Faces/RobotoLight.ufont" 23
"../../../Engine/Content/EngineFonts/Faces/RobotoRegular.uexp" 24
"../../../Engine/Content/EngineFonts/Faces/RobotoRegular.uasset" 25
"../../../Engine/Content/EngineFonts/Faces/RobotoRegular.ufont" 26
"../../../Engine/Content/EngineFonts/Roboto.uasset" 27
"../../../Engine/Content/EngineFonts/Roboto.uexp" 28
"../../../Engine/Plugins/Interchange/Runtime/Content/Pipelines/DefaultSceneLevelPipeline.uasset" 29
"../../../Engine/Plugins/Interchange/Runtime/Content/Pipelines/DefaultSceneLevelPipeline.uexp" 30
"../../../Engine/Content/EngineMaterials/DefaultDestructiblePhysicalMaterial.uasset" 31
"../../../Engine/Content/EngineMaterials/DefaultDestructiblePhysicalMaterial.uexp" 32
"../../../Engine/Content/EngineMaterials/DefaultPhysicalMaterial.uasset" 33
"../../../Engine/Content/EngineMaterials/DefaultPhysicalMaterial.uexp" 34
"../../../Engine/Plugins/Interchange/Runtime/Content/Pipelines/DefaultTexturePipeline.uasset" 35
"../../../Engine/Plugins/Interchange/Runtime/Content/Pipelines/DefaultTexturePipeline.uexp" 36
"../../../Engine/Content/EngineSounds/Master.uasset" 37
"../../../Engine/Content/EngineSounds/Master.uexp" 38
"../../../Engine/Content/EditorResources/S_Actor.ubulk" 39
"../../../Engine/Content/EditorResources/S_Actor.uasset" 40
"../../../Engine/Content/EditorResources/S_Actor.uexp" 41
"../../../Engine/Content/EditorResources/S_BoxReflectionCapture.uasset" 42
"../../../Engine/Content/EditorResources/S_BoxReflectionCapture.uexp" 43
"../../../Engine/Content/Functions/Engine_MaterialFunctions02/Utility/CameraDirectionVector.uasset" 44
"../../../Engine/Content/Functions/Engine_MaterialFunctions02/Utility/CameraDirectionVector.uexp" 45
"../../../Engine/Content/Functions/Engine_MaterialFunctions02/Utility/VectorLength.uasset" 46
"../../../Engine/Content/Functions/Engine_MaterialFunctions02/Utility/VectorLength.uexp" 47
"../../../Engine/Plugins/Experimental/MeshModelingToolsetExp/Content/Materials/GetDisplacementVectorForDepthBias.uasset" 48
"../../../Engine/Plugins/Experimental/MeshModelingToolsetExp/Content/Materials/GetDisplacementVectorForDepthBias.uexp" 49
"../../../Engine/Content/Functions/Engine_MaterialFunctions03/Viewport/MF_OrthoWidth.uasset" 50
"../../../Engine/Content/Functions/Engine_MaterialFunctions03/Viewport/MF_OrthoWidth.uexp" 51
"../../../Engine/Content/Functions/Engine_MaterialFunctions02/Utility/FOV.uasset" 52
"../../../Engine/Content/Functions/Engine_MaterialFunctions02/Utility/FOV.uexp" 53
"../../../Engine/Content/Functions/Engine_MaterialFunctions02/WorldPositionOffset/V2/ObjectScale.uasset" 54
"../../../Engine/Content/Functions/Engine_MaterialFunctions02/WorldPositionOffset/V2/ObjectScale.uexp" 55
"../../../Engine/Plugins/Experimental/MeshModelingToolsetExp/Content/Materials/PointSetOverlaidComponentMaterial.uasset" 56
"../../../Engine/Plugins/Experimental/MeshModelingToolsetExp/Content/Materials/PointSetOverlaidComponentMaterial.uexp" 57
"../../../Engine/Plugins/Interchange/Runtime/Content/Pipelines/DefaultAssetsPipeline.uasset" 58
"../../../Engine/Plugins/Interchange/Runtime/Content/Pipelines/DefaultAssetsPipeline.uexp" 59
"../../../Engine/Plugins/Interchange/Runtime/Content/Pipelines/DefaultAudioPipeline.uasset" 60
"../../../Engine/Plugins/Interchange/Runtime/Content/Pipelines/DefaultAudioPipeline.uexp" 61
"../../../Engine/Plugins/Interchange/Runtime/Content/Pipelines/DefaultGLTFAssetsPipeline.uasset" 62
"../../../Engine/Plugins/Interchange/Runtime/Content/Pipelines/DefaultGLTFAssetsPipeline.uexp" 63
"../../../Engine/Plugins/Interchange/Runtime/Content/Pipelines/DefaultGLTFPipeline.uasset" 64
"../../../Engine/Plugins/Interchange/Runtime/Content/Pipelines/DefaultGLTFPipeline.uexp" 65
"../../../Engine/Plugins/Interchange/Runtime/Content/Pipelines/DefaultGLTFSceneAssetsPipeline.uasset" 66
"../../../Engine/Plugins/Interchange/Runtime/Content/Pipelines/DefaultGLTFSceneAssetsPipeline.uexp" 67
"../../../Engine/Plugins/Interchange/Runtime/Content/Pipelines/DefaultMaterialPipeline.uasset" 68
"../../../Engine/Plugins/Interchange/Runtime/Content/Pipelines/DefaultMaterialPipeline.uexp" 69
"../../../Engine/Plugins/Interchange/Runtime/Content/Pipelines/DefaultMaterialXPipeline.uasset" 70
"../../../Engine/Plugins/Interchange/Runtime/Content/Pipelines/DefaultMaterialXPipeline.uexp" 71
"../../../Engine/Plugins/Interchange/Runtime/Content/Pipelines/DefaultSceneAssetsPipeline.uasset" 72
"../../../Engine/Plugins/Interchange/Runtime/Content/Pipelines/DefaultSceneAssetsPipeline.uexp" 73
"../../../Engine/Content/EngineMaterials/MiniFont.uasset" 74
"../../../Engine/Content/EngineMaterials/MiniFont.uexp" 75
"../../../Engine/Content/EngineMaterials/InvalidLightmapSettings.ubulk" 76
"../../../Engine/Content/EngineMaterials/InvalidLightmapSettings.uasset" 77
"../../../Engine/Content/EngineMaterials/InvalidLightmapSettings.uexp" 78
"../../../Engine/Content/EngineMaterials/M_InvalidLightmapSettings.uasset" 79
"../../../Engine/Content/EngineMaterials/M_InvalidLightmapSettings.uexp" 80
"../../../Engine/Content/EngineMaterials/NaniteHiddenSectionMaterial.uasset" 81
"../../../Engine/Content/EngineMaterials/NaniteHiddenSectionMaterial.uexp" 82
"../../../Engine/Content/EditorMaterials/Camera/CineMat.uasset" 83
"../../../Engine/Content/EditorMaterials/Camera/CineMat.uexp" 84
"../../../Engine/Content/EditorMaterials/Camera/MI_CineMat_Rig.uasset" 85
"../../../Engine/Content/EditorMaterials/Camera/MI_CineMat_Rig.uexp" 86
"../../../Engine/Content/EditorMeshes/Camera/SM_RailRig_Track.ubulk" 87
"../../../Engine/Content/EditorMeshes/Camera/SM_RailRig_Track.uasset" 88
"../../../Engine/Content/EditorMeshes/Camera/SM_RailRig_Track.uexp" 89
"../../../Engine/Plugins/Interchange/Assets/Content/Functions/MX_AbsorptionVDF.uasset" 90
"../../../Engine/Plugins/Interchange/Assets/Content/Functions/MX_AbsorptionVDF.uexp" 91
"../../../Engine/Plugins/Interchange/Assets/Content/Functions/MX_AnisotropicVDF.uasset" 92
"../../../Engine/Plugins/Interchange/Assets/Content/Functions/MX_AnisotropicVDF.uexp" 93
"../../../Engine/Plugins/Interchange/Assets/Content/Functions/MX_BurleyDiffuseBSDF.uasset" 94
"../../../Engine/Plugins/Interchange/Assets/Content/Functions/MX_BurleyDiffuseBSDF.uexp" 95
"../../../Engine/Content/EditorLandscapeResources/DefaultAlphaTexture.uasset" 96
"../../../Engine/Content/EditorLandscapeResources/DefaultAlphaTexture.uexp" 97
"../../../Engine/Content/EditorLandscapeResources/ColorMaskBrushMaterial.uasset" 98
"../../../Engine/Content/EditorLandscapeResources/ColorMaskBrushMaterial.uexp" 99
"../../../Engine/Content/EditorLandscapeResources/ColorMaskBrushMaterial_MaskedRegion.uasset" 100
"../../../Engine/Content/EditorLandscapeResources/ColorMaskBrushMaterial_MaskedRegion.uexp" 101
"../../../Engine/Plugins/Runtime/AudioWidgets/Content/Resources/ScrubHandleDown_Clamped.uasset" 102
"../../../Engine/Plugins/Runtime/AudioWidgets/Content/Resources/ScrubHandleDown_Clamped.uexp" 103
"../../../Engine/Content/Functions/Engine_MaterialFunctions02/WorldPositionOffset/CameraOffset.uasset" 104
"../../../Engine/Content/Functions/Engine_MaterialFunctions02/WorldPositionOffset/CameraOffset.uexp" 105
"../../../Engine/Content/EngineMaterials/PhAT_JointLimitMaterial.uasset" 106
"../../../Engine/Content/EngineMaterials/PhAT_JointLimitMaterial.uexp" 107
"../../../Engine/Plugins/Interchange/Assets/Content/Functions/MX_ChiangHairBSDF.uasset" 108
"../../../Engine/Plugins/Interchange/Assets/Content/Functions/MX_ChiangHairBSDF.uexp" 109
"../../../Engine/Content/EngineMaterials/DefaultCalibrationColor.uasset" 110
"../../../Engine/Content/EngineMaterials/DefaultCalibrationColor.uexp" 111
"../../../Engine/Content/EngineMaterials/PPM_DefaultCalibrationColor.uasset" 112
"../../../Engine/Content/EngineMaterials/PPM_DefaultCalibrationColor.uexp" 113
"../../../Engine/Content/EngineMaterials/DefaultCalibrationGrayscale.uasset" 114
"../../../Engine/Content/EngineMaterials/DefaultCalibrationGrayscale.uexp" 115
"../../../Engine/Content/EngineMaterials/PPM_DefaultCalibrationGrayscale.uasset" 116
"../../../Engine/Content/EngineMaterials/PPM_DefaultCalibrationGrayscale.uexp" 117
"../../../Engine/Plugins/Interchange/Assets/Content/Functions/MX_ConductorBSDF.uasset" 118
"../../../Engine/Plugins/Interchange/Assets/Content/Functions/MX_ConductorBSDF.uexp" 119
"../../../Engine/Plugins/Interchange/Assets/Content/Functions/MX_ConicalEDF.uasset" 120
"../../../Engine/Plugins/Interchange/Assets/Content/Functions/MX_ConicalEDF.uexp" 121
"../../../Engine/Content/EngineMaterials/PreintegratedSkinBRDF.uasset" 122
"../../../Engine/Content/EngineMaterials/PreintegratedSkinBRDF.uexp" 123
"../../../Engine/Plugins/Interchange/Assets/Content/Functions/MX_DielectricBSDF.uasset" 124
"../../../Engine/Plugins/Interchange/Assets/Content/Functions/MX_DielectricBSDF.uexp" 125
"../../../Engine/Content/Functions/Engine_MaterialFunctions02/Utility/BlendAngleCorrectedNormals.uasset" 126
"../../../Engine/Content/Functions/Engine_MaterialFunctions02/Utility/BlendAngleCorrectedNormals.uexp" 127
"../../../Engine/Plugins/Interchange/Assets/Content/Functions/MX_Displacement.uasset" 128
"../../../Engine/Plugins/Interchange/Assets/Content/Functions/MX_Displacement.uexp" 129
"../../../Engine/Content/EditorLandscapeResources/LandscapeDirtyMaterial.uasset" 130
"../../../Engine/Content/EditorLandscapeResources/LandscapeDirtyMaterial.uexp" 131
"../../../Engine/Content/EditorResources/S_Solver.ubulk" 132
"../../../Engine/Content/EditorResources/S_Solver.uasset" 133
"../../../Engine/Content/EditorResources/S_Solver.uexp" 134
"../../../Engine/Plugins/Interchange/Assets/Content/Functions/MX_GeneralizedSchlickBSDF.uasset" 135
"../../../Engine/Plugins/Interchange/Assets/Content/Functions/MX_GeneralizedSchlickBSDF.uexp" 136
"../../../Engine/Content/EditorResources/S_Terrain.ubulk" 137
"../../../Engine/Content/EditorResources/S_Terrain.uasset" 138
"../../../Engine/Content/EditorResources/S_Terrain.uexp" 139
"../../../Engine/Content/Functions/Engine_MaterialFunctions02/Utility/MakeFloat3.uasset" 140
"../../../Engine/Content/Functions/Engine_MaterialFunctions02/Utility/MakeFloat3.uexp" 141
"../../../Engine/Content/Functions/Engine_MaterialFunctions02/SplitComponents.uasset" 142
"../../../Engine/Content/Functions/Engine_MaterialFunctions02/SplitComponents.uexp" 143
"../../../Engine/Content/Functions/Engine_MaterialFunctions02/Utility/BreakOutFloat3Components.uasset" 144
"../../../Engine/Content/Functions/Engine_MaterialFunctions02/Utility/BreakOutFloat3Components.uexp" 145
"../../../Engine/Content/Functions/Engine_MaterialFunctions02/Math/Transform3x3Matrix.uasset" 146
"../../../Engine/Content/Functions/Engine_MaterialFunctions02/Math/Transform3x3Matrix.uexp" 147
"../../../Engine/Content/VREditor/SnapGrid/SnapGridMaterial.uasset" 148
"../../../Engine/Content/VREditor/SnapGrid/SnapGridMaterial.uexp" 149
"../../../Engine/Content/VREditor/SnapGrid/SnapGridPlaneMesh.ubulk" 150
"../../../Engine/Content/VREditor/SnapGrid/SnapGridPlaneMesh.uasset" 151
"../../../Engine/Content/VREditor/SnapGrid/SnapGridPlaneMesh.uexp" 152
"../../../Engine/Content/VREditor/LaserPointer/VR_LaserPower_01.ubulk" 153
"../../../Engine/Content/VREditor/LaserPointer/VR_LaserPower_01.uasset" 154
"../../../Engine/Content/VREditor/LaserPointer/VR_LaserPower_01.uexp" 155
"../../../Engine/Content/VREditor/TransformGizmo/TransformGizmoMaterial.uasset" 156
"../../../Engine/Content/VREditor/TransformGizmo/TransformGizmoMaterial.uexp" 157
"../../../Engine/Content/VREditor/TransformGizmo/TranslucentTransformGizmoMaterial.uasset" 158
"../../../Engine/Content/VREditor/TransformGizmo/TranslucentTransformGizmoMaterial.uexp" 159
"../../../Engine/Content/VREditor/TransformGizmo/PlaneTranslationHandle.ubulk" 160
"../../../Engine/Content/VREditor/TransformGizmo/PlaneTranslationHandle.uasset" 161
"../../../Engine/Content/VREditor/TransformGizmo/PlaneTranslationHandle.uexp" 162
"../../../Engine/Content/VREditor/TransformGizmo/RotationHandleFull.ubulk" 163
"../../../Engine/Content/VREditor/TransformGizmo/RotationHandleFull.uasset" 164
"../../../Engine/Content/VREditor/TransformGizmo/RotationHandleFull.uexp" 165
"../../../Engine/Content/VREditor/TransformGizmo/RotationHandleIndicator.ubulk" 166
"../../../Engine/Content/VREditor/TransformGizmo/RotationHandleIndicator.uasset" 167
"../../../Engine/Content/VREditor/TransformGizmo/RotationHandleIndicator.uexp" 168
"../../../Engine/Content/VREditor/TransformGizmo/RotationHandleQuarter.ubulk" 169
"../../../Engine/Content/VREditor/TransformGizmo/RotationHandleQuarter.uasset" 170
"../../../Engine/Content/VREditor/TransformGizmo/RotationHandleQuarter.uexp" 171
"../../../Engine/Content/VREditor/TransformGizmo/StartRotationHandleIndicator.ubulk" 172
"../../../Engine/Content/VREditor/TransformGizmo/StartRotationHandleIndicator.uasset" 173
"../../../Engine/Content/VREditor/TransformGizmo/StartRotationHandleIndicator.uexp" 174
"../../../Engine/Content/VREditor/TransformGizmo/TranslucentTransformGizmoMaterial_Inst.uasset" 175
"../../../Engine/Content/VREditor/TransformGizmo/TranslucentTransformGizmoMaterial_Inst.uexp" 176
"../../../Engine/Content/VREditor/TransformGizmo/TransformGizmoFreeRotation.ubulk" 177
"../../../Engine/Content/VREditor/TransformGizmo/TransformGizmoFreeRotation.uasset" 178
"../../../Engine/Content/VREditor/TransformGizmo/TransformGizmoFreeRotation.uexp" 179
"../../../Engine/Content/VREditor/TransformGizmo/TransformGizmoMaterial_Inst.uasset" 180
"../../../Engine/Content/VREditor/TransformGizmo/TransformGizmoMaterial_Inst.uexp" 181
"../../../Engine/Content/VREditor/TransformGizmo/TranslateArrowHandle.ubulk" 182
"../../../Engine/Content/VREditor/TransformGizmo/TranslateArrowHandle.uasset" 183
"../../../Engine/Content/VREditor/TransformGizmo/TranslateArrowHandle.uexp" 184
"../../../Engine/Content/VREditor/TransformGizmo/UniformScaleHandle.ubulk" 185
"../../../Engine/Content/VREditor/TransformGizmo/UniformScaleHandle.uasset" 186
"../../../Engine/Content/VREditor/TransformGizmo/UniformScaleHandle.uexp" 187
"../../../Engine/Content/VREditor/Sounds/UI/Drop_Item_From_ContentBrowser.ubulk" 188
"../../../Engine/Content/VREditor/Sounds/UI/Drop_Item_From_ContentBrowser.uasset" 189
"../../../Engine/Content/VREditor/Sounds/UI/Drop_Item_From_ContentBrowser.uexp" 190
"../../../Engine/Content/VREditor/Sounds/UI/Gizmo_Handle_Clicked.ubulk" 191
"../../../Engine/Content/VREditor/Sounds/UI/Gizmo_Handle_Clicked.uasset" 192
"../../../Engine/Content/VREditor/Sounds/UI/Gizmo_Handle_Clicked.uexp" 193
"../../../Engine/Content/VREditor/Sounds/UI/Object_PickUp.ubulk" 194
"../../../Engine/Content/VREditor/Sounds/UI/Object_PickUp.uasset" 195
"../../../Engine/Content/VREditor/Sounds/UI/Object_PickUp.uexp" 196
"../../../Engine/Content/VREditor/Sounds/UI/Object_Snaps_To_Another_Actor.ubulk" 197
"../../../Engine/Content/VREditor/Sounds/UI/Object_Snaps_To_Another_Actor.uasset" 198
"../../../Engine/Content/VREditor/Sounds/UI/Object_Snaps_To_Another_Actor.uexp" 199
"../../../Engine/Content/VREditor/Sounds/UI/Object_Snaps_To_Grid.ubulk" 200
"../../../Engine/Content/VREditor/Sounds/UI/Object_Snaps_To_Grid.uasset" 201
"../../../Engine/Content/VREditor/Sounds/UI/Object_Snaps_To_Grid.uexp" 202
"../../../Engine/Content/VREditor/Sounds/UI/Scaling_Down.ubulk" 203
"../../../Engine/Content/VREditor/Sounds/UI/Scaling_Down.uasset" 204
"../../../Engine/Content/VREditor/Sounds/UI/Scaling_Down.uexp" 205
"../../../Engine/Content/VREditor/Sounds/UI/Scaling_Up.ubulk" 206
"../../../Engine/Content/VREditor/Sounds/UI/Scaling_Up.uasset" 207
"../../../Engine/Content/VREditor/Sounds/UI/Scaling_Up.uexp" 208
"../../../Engine/Content/VREditor/Sounds/UI/Selection_Changes.ubulk" 209
"../../../Engine/Content/VREditor/Sounds/UI/Selection_Changes.uasset" 210
"../../../Engine/Content/VREditor/Sounds/UI/Selection_Changes.uexp" 211
"../../../Engine/Content/EngineMaterials/RemoveSurfaceMaterial.uasset" 212
"../../../Engine/Content/EngineMaterials/RemoveSurfaceMaterial.uexp" 213
"../../../Engine/Plugins/Interchange/Assets/Content/Functions/MX_MeasuredEDF.uasset" 214
"../../../Engine/Plugins/Interchange/Assets/Content/Functions/MX_MeasuredEDF.uexp" 215
"../../../Engine/Content/EditorResources/S_Trigger.ubulk" 216
"../../../Engine/Content/EditorResources/S_Trigger.uasset" 217
"../../../Engine/Content/EditorResources/S_Trigger.uexp" 218
"../../../Engine/Content/EngineMaterials/DefaultDiffuse.ubulk" 219
"../../../Engine/Content/EngineMaterials/DefaultDiffuse.uasset" 220
"../../../Engine/Content/EngineMaterials/DefaultDiffuse.uexp" 221
"../../../Engine/Content/Functions/Engine_MaterialFunctions01/Texturing/TextureCropping.uasset" 222
"../../../Engine/Content/Functions/Engine_MaterialFunctions01/Texturing/TextureCropping.uexp" 223
"../../../Engine/Content/Functions/Engine_MaterialFunctions02/ExampleContent/DebugNumberStrip.uasset" 224
"../../../Engine/Content/Functions/Engine_MaterialFunctions02/ExampleContent/DebugNumberStrip.uexp" 225
"../../../Engine/Content/Functions/Engine_MaterialFunctions01/Debug/DebugIntValues.uasset" 226
"../../../Engine/Content/Functions/Engine_MaterialFunctions01/Debug/DebugIntValues.uexp" 227
"../../../Engine/Content/Functions/Engine_MaterialFunctions02/Utility/BreakOutFloat2Components.uasset" 228
"../../../Engine/Content/Functions/Engine_MaterialFunctions02/Utility/BreakOutFloat2Components.uexp" 229
"../../../Engine/Content/Functions/Engine_MaterialFunctions01/Texturing/ScaleUVsByCenter.uasset" 230
"../../../Engine/Content/Functions/Engine_MaterialFunctions01/Texturing/ScaleUVsByCenter.uexp" 231
"../../../Engine/Content/Functions/Engine_MaterialFunctions02/WorldPositionOffset/LocalPosition.uasset" 232
"../../../Engine/Content/Functions/Engine_MaterialFunctions02/WorldPositionOffset/LocalPosition.uexp" 233
"../../../Engine/Content/EditorLandscapeResources/LandscapeLayerUsageMaterial.uasset" 234
"../../../Engine/Content/EditorLandscapeResources/LandscapeLayerUsageMaterial.uexp" 235
"../../../Engine/Plugins/Animation/ControlRig/Content/Controls/ControlRigGizmoMaterial.uasset" 236
"../../../Engine/Plugins/Animation/ControlRig/Content/Controls/ControlRigGizmoMaterial.uexp" 237
"../../../Engine/Content/EditorResources/S_TriggerBox.uasset" 238
"../../../Engine/Content/EditorResources/S_TriggerBox.uexp" 239
"../../../Engine/Plugins/Interchange/Assets/Content/Functions/MF_IridescenceNoLUT.uasset" 240
"../../../Engine/Plugins/Interchange/Assets/Content/Functions/MF_IridescenceNoLUT.uexp" 241
"../../../Engine/Plugins/Interchange/Assets/Content/Functions/MF_OrenNayerView.uasset" 242
"../../../Engine/Plugins/Interchange/Assets/Content/Functions/MF_OrenNayerView.uexp" 243
"../../../Engine/Plugins/Interchange/Assets/Content/Functions/MX_StandardSurface.uasset" 244
"../../../Engine/Plugins/Interchange/Assets/Content/Functions/MX_StandardSurface.uexp" 245
"../../../Engine/Plugins/Interchange/Assets/Content/Functions/MX_OpenPBR_Opaque.uasset" 246
"../../../Engine/Plugins/Interchange/Assets/Content/Functions/MX_OpenPBR_Opaque.uexp" 247
"../../../Engine/Content/EngineMaterials/SMAAAreaTex.uasset" 248
"../../../Engine/Content/EngineMaterials/SMAAAreaTex.uexp" 249
"../../../Engine/Plugins/Animation/ControlRig/Content/Controls/ControlRigXRayMaterial.uasset" 250
"../../../Engine/Plugins/Animation/ControlRig/Content/Controls/ControlRigXRayMaterial.uexp" 251
"../../../Engine/Content/EditorResources/S_TriggerCapsule.uasset" 252
"../../../Engine/Content/EditorResources/S_TriggerCapsule.uexp" 253
"../../../Engine/Plugins/Interchange/Assets/Content/Functions/MX_TransmissionSurface.uasset" 254
"../../../Engine/Plugins/Interchange/Assets/Content/Functions/MX_TransmissionSurface.uexp" 255
"../../../Engine/Plugins/Interchange/Assets/Content/Functions/MX_OpenPBR_Translucent.uasset" 256
"../../../Engine/Plugins/Interchange/Assets/Content/Functions/MX_OpenPBR_Translucent.uexp" 257
"../../../Engine/Content/EngineMaterials/SMAASearchTex.uasset" 258
"../../../Engine/Content/EngineMaterials/SMAASearchTex.uexp" 259
"../../../Engine/Content/EditorResources/S_TriggerSphere.uasset" 260
"../../../Engine/Content/EditorResources/S_TriggerSphere.uexp" 261
"../../../Engine/Plugins/Interchange/Assets/Content/Functions/MX_OrenNayarBSDF.uasset" 262
"../../../Engine/Plugins/Interchange/Assets/Content/Functions/MX_OrenNayarBSDF.uexp" 263
"../../../Engine/Content/EngineMaterials/T_Default_Material_Grid_M.ubulk" 264
"../../../Engine/Content/EngineMaterials/T_Default_Material_Grid_M.uasset" 265
"../../../Engine/Content/EngineMaterials/T_Default_Material_Grid_M.uexp" 266
"../../../Engine/Content/EngineMaterials/T_Default_Material_Grid_N.ubulk" 267
"../../../Engine/Content/EngineMaterials/T_Default_Material_Grid_N.uasset" 268
"../../../Engine/Content/EngineMaterials/T_Default_Material_Grid_N.uexp" 269
"../../../Engine/Content/Functions/Engine_MaterialFunctions01/Opacity/CameraDepthFade.uasset" 270
"../../../Engine/Content/Functions/Engine_MaterialFunctions01/Opacity/CameraDepthFade.uexp" 271
"../../../Engine/Content/EngineMaterials/WorldGridMaterial.uasset" 272
"../../../Engine/Content/EngineMaterials/WorldGridMaterial.uexp" 273
"../../../Engine/Plugins/Animation/ControlRig/Content/Controls/ControlRig_Arrow2_1mm.ubulk" 274
"../../../Engine/Plugins/Animation/ControlRig/Content/Controls/ControlRig_Arrow2_1mm.uasset" 275
"../../../Engine/Plugins/Animation/ControlRig/Content/Controls/ControlRig_Arrow2_1mm.uexp" 276
"../../../Engine/Plugins/Animation/ControlRig/Content/Controls/ControlRig_Arrow2_3mm.ubulk" 277
"../../../Engine/Plugins/Animation/ControlRig/Content/Controls/ControlRig_Arrow2_3mm.uasset" 278
"../../../Engine/Plugins/Animation/ControlRig/Content/Controls/ControlRig_Arrow2_3mm.uexp" 279
"../../../Engine/Content/EditorLandscapeResources/WhiteSquareTexture.uasset" 280
"../../../Engine/Content/EditorLandscapeResources/WhiteSquareTexture.uexp" 281
"../../../Engine/Content/EditorLandscapeResources/LayerVisMaterial.uasset" 282
"../../../Engine/Content/EditorLandscapeResources/LayerVisMaterial.uexp" 283
"../../../Engine/Plugins/Animation/ControlRig/Content/Controls/ControlRig_Arrow2_solid.ubulk" 284
"../../../Engine/Plugins/Animation/ControlRig/Content/Controls/ControlRig_Arrow2_solid.uasset" 285
"../../../Engine/Plugins/Animation/ControlRig/Content/Controls/ControlRig_Arrow2_solid.uexp" 286
"../../../Engine/Content/Functions/Engine_MaterialFunctions03/Math/WithinRangeFloat2.uasset" 287
"../../../Engine/Content/Functions/Engine_MaterialFunctions03/Math/WithinRangeFloat2.uexp" 288
"../../../Engine/Content/EditorLandscapeResources/MaskBrushMaterial.uasset" 289
"../../../Engine/Content/EditorLandscapeResources/MaskBrushMaterial.uexp" 290
"../../../Engine/Content/EditorLandscapeResources/MaskBrushMaterial_MaskedRegion.uasset" 291
"../../../Engine/Content/EditorLandscapeResources/MaskBrushMaterial_MaskedRegion.uexp" 292
"../../../Engine/Plugins/Animation/ControlRig/Content/Controls/ControlRig_Arrow4_1mm.ubulk" 293
"../../../Engine/Plugins/Animation/ControlRig/Content/Controls/ControlRig_Arrow4_1mm.uasset" 294
"../../../Engine/Plugins/Animation/ControlRig/Content/Controls/ControlRig_Arrow4_1mm.uexp" 295
"../../../Engine/Plugins/Animation/ControlRig/Content/Controls/ControlRig_Arrow4_3mm.ubulk" 296
"../../../Engine/Plugins/Animation/ControlRig/Content/Controls/ControlRig_Arrow4_3mm.uasset" 297
"../../../Engine/Plugins/Animation/ControlRig/Content/Controls/ControlRig_Arrow4_3mm.uexp" 298
"../../../Engine/Plugins/Interchange/Assets/Content/Functions/MX_SheenBSDF.uasset" 299
"../../../Engine/Plugins/Interchange/Assets/Content/Functions/MX_SheenBSDF.uexp" 300
"../../../Engine/Plugins/Animation/ControlRig/Content/Controls/ControlRig_Arrow4_solid.ubulk" 301
"../../../Engine/Plugins/Animation/ControlRig/Content/Controls/ControlRig_Arrow4_solid.uasset" 302
"../../../Engine/Plugins/Animation/ControlRig/Content/Controls/ControlRig_Arrow4_solid.uexp" 303
"../../../Engine/Content/EditorLandscapeResources/SelectBrushMaterial.uasset" 304
"../../../Engine/Content/EditorLandscapeResources/SelectBrushMaterial.uexp" 305
"../../../Engine/Content/EditorLandscapeResources/SelectBrushMaterial_Selected.uasset" 306
"../../../Engine/Content/EditorLandscapeResources/SelectBrushMaterial_Selected.uexp" 307
"../../../Engine/Content/EditorLandscapeResources/SelectBrushMaterial_SelectedRegion.uasset" 308
"../../../Engine/Content/EditorLandscapeResources/SelectBrushMaterial_SelectedRegion.uexp" 309
"../../../Engine/Plugins/Animation/ControlRig/Content/Controls/ControlRig_Arrow_1mm.ubulk" 310
"../../../Engine/Plugins/Animation/ControlRig/Content/Controls/ControlRig_Arrow_1mm.uasset" 311
"../../../Engine/Plugins/Animation/ControlRig/Content/Controls/ControlRig_Arrow_1mm.uexp" 312
"../../../Engine/Plugins/Interchange/Assets/Content/Functions/MX_SubsurfaceBSDF.uasset" 313
"../../../Engine/Plugins/Interchange/Assets/Content/Functions/MX_SubsurfaceBSDF.uexp" 314
"../../../Engine/Plugins/Interchange/Assets/Content/Functions/MX_Surface.uasset" 315
"../../../Engine/Plugins/Interchange/Assets/Content/Functions/MX_Surface.uexp" 316
"../../../Engine/Plugins/Animation/ControlRig/Content/Controls/ControlRig_Arrow_3mm.ubulk" 317
"../../../Engine/Plugins/Animation/ControlRig/Content/Controls/ControlRig_Arrow_3mm.uasset" 318
"../../../Engine/Plugins/Animation/ControlRig/Content/Controls/ControlRig_Arrow_3mm.uexp" 319
"../../../Engine/Content/EditorLandscapeResources/SplineEditorMeshMat.uasset" 320
"../../../Engine/Content/EditorLandscapeResources/SplineEditorMeshMat.uexp" 321
"../../../Engine/Content/EditorLandscapeResources/SplineEditorMesh.ubulk" 322
"../../../Engine/Content/EditorLandscapeResources/SplineEditorMesh.uasset" 323
"../../../Engine/Content/EditorLandscapeResources/SplineEditorMesh.uexp" 324
"../../../Engine/Plugins/Interchange/Assets/Content/Functions/MX_SurfaceUnlit.uasset" 325
"../../../Engine/Plugins/Interchange/Assets/Content/Functions/MX_SurfaceUnlit.uexp" 326
"../../../Engine/Plugins/Animation/ControlRig/Content/Controls/ControlRig_Arrow_solid.ubulk" 327
"../../../Engine/Plugins/Animation/ControlRig/Content/Controls/ControlRig_Arrow_solid.uasset" 328
"../../../Engine/Plugins/Animation/ControlRig/Content/Controls/ControlRig_Arrow_solid.uexp" 329
"../../../Engine/Plugins/Animation/ControlRig/Content/Controls/ControlRig_Box_1mm.ubulk" 330
"../../../Engine/Plugins/Animation/ControlRig/Content/Controls/ControlRig_Box_1mm.uasset" 331
"../../../Engine/Plugins/Animation/ControlRig/Content/Controls/ControlRig_Box_1mm.uexp" 332
"../../../Engine/Plugins/Interchange/Assets/Content/Functions/MX_TranslucentBSDF.uasset" 333
"../../../Engine/Plugins/Interchange/Assets/Content/Functions/MX_TranslucentBSDF.uexp" 334
"../../../Engine/Content/EngineDamageTypes/DmgTypeBP_Environmental.uasset" 335
"../../../Engine/Content/EngineDamageTypes/DmgTypeBP_Environmental.uexp" 336
"../../../Engine/Plugins/Animation/ControlRig/Content/Controls/ControlRig_Box_3mm.ubulk" 337
"../../../Engine/Plugins/Animation/ControlRig/Content/Controls/ControlRig_Box_3mm.uasset" 338
"../../../Engine/Plugins/Animation/ControlRig/Content/Controls/ControlRig_Box_3mm.uexp" 339
"../../../Engine/Content/EngineMaterials/WeightMapPlaceholderTexture.uasset" 340
"../../../Engine/Content/EngineMaterials/WeightMapPlaceholderTexture.uexp" 341
"../../../Engine/Content/EngineMaterials/WeightMapArrayPlaceholderTexture.uasset" 342
"../../../Engine/Content/EngineMaterials/WeightMapArrayPlaceholderTexture.uexp" 343
"../../../Engine/Plugins/Animation/ControlRig/Content/Controls/ControlRig_Box_solid.ubulk" 344
"../../../Engine/Plugins/Animation/ControlRig/Content/Controls/ControlRig_Box_solid.uasset" 345
"../../../Engine/Plugins/Animation/ControlRig/Content/Controls/ControlRig_Box_solid.uexp" 346
"../../../Engine/Plugins/Interchange/Assets/Content/Functions/MX_UniformEDF.uasset" 347
"../../../Engine/Plugins/Interchange/Assets/Content/Functions/MX_UniformEDF.uexp" 348
"../../../Engine/Plugins/Interchange/Assets/Content/Functions/MX_UsdPreviewSurface.uasset" 349
"../../../Engine/Plugins/Interchange/Assets/Content/Functions/MX_UsdPreviewSurface.uexp" 350
"../../../Engine/Plugins/Animation/ControlRig/Content/Controls/ControlRig_Circle_1mm.ubulk" 351
"../../../Engine/Plugins/Animation/ControlRig/Content/Controls/ControlRig_Circle_1mm.uasset" 352
"../../../Engine/Plugins/Animation/ControlRig/Content/Controls/ControlRig_Circle_1mm.uexp" 353
"../../../Engine/Content/EngineResources/WhiteSquareTexture.uasset" 354
"../../../Engine/Content/EngineResources/WhiteSquareTexture.uexp" 355
"../../../Engine/Content/EngineMaterials/Widget3DPassThrough.uasset" 356
"../../../Engine/Content/EngineMaterials/Widget3DPassThrough.uexp" 357
"../../../Engine/Content/EngineMaterials/Widget3DPassThrough_Masked.uasset" 358
"../../../Engine/Content/EngineMaterials/Widget3DPassThrough_Masked.uexp" 359
"../../../Engine/Plugins/Animation/ControlRig/Content/Controls/ControlRig_Circle_3mm.ubulk" 360
"../../../Engine/Plugins/Animation/ControlRig/Content/Controls/ControlRig_Circle_3mm.uasset" 361
"../../../Engine/Plugins/Animation/ControlRig/Content/Controls/ControlRig_Circle_3mm.uexp" 362
"../../../Engine/Content/EngineMaterials/Widget3DPassThrough_Opaque.uasset" 363
"../../../Engine/Content/EngineMaterials/Widget3DPassThrough_Opaque.uexp" 364
"../../../Engine/Content/EngineMaterials/Widget3DPassThrough_Masked_OneSided.uasset" 365
"../../../Engine/Content/EngineMaterials/Widget3DPassThrough_Masked_OneSided.uexp" 366
"../../../Engine/Plugins/Animation/ControlRig/Content/Controls/ControlRig_Circle_solid.ubulk" 367
"../../../Engine/Plugins/Animation/ControlRig/Content/Controls/ControlRig_Circle_solid.uasset" 368
"../../../Engine/Plugins/Animation/ControlRig/Content/Controls/ControlRig_Circle_solid.uexp" 369
"../../../Engine/Content/EngineMaterials/Widget3DPassThrough_Opaque_OneSided.uasset" 370
"../../../Engine/Content/EngineMaterials/Widget3DPassThrough_Opaque_OneSided.uexp" 371
"../../../Engine/Plugins/Animation/ControlRig/Content/Controls/ControlRig_Diamond_1mm.ubulk" 372
"../../../Engine/Plugins/Animation/ControlRig/Content/Controls/ControlRig_Diamond_1mm.uasset" 373
"../../../Engine/Plugins/Animation/ControlRig/Content/Controls/ControlRig_Diamond_1mm.uexp" 374
"../../../Engine/Content/EngineMaterials/Widget3DPassThrough_Translucent.uasset" 375
"../../../Engine/Content/EngineMaterials/Widget3DPassThrough_Translucent.uexp" 376
"../../../Engine/Content/EngineMaterials/Widget3DPassThrough_Translucent_OneSided.uasset" 377
"../../../Engine/Content/EngineMaterials/Widget3DPassThrough_Translucent_OneSided.uexp" 378
"../../../Engine/Plugins/Animation/ControlRig/Content/Controls/ControlRig_Diamond_3mm.ubulk" 379
"../../../Engine/Plugins/Animation/ControlRig/Content/Controls/ControlRig_Diamond_3mm.uasset" 380
"../../../Engine/Plugins/Animation/ControlRig/Content/Controls/ControlRig_Diamond_3mm.uexp" 381
"../../../Engine/Plugins/Animation/ControlRig/Content/Controls/ControlRig_Diamond_solid.ubulk" 382
"../../../Engine/Plugins/Animation/ControlRig/Content/Controls/ControlRig_Diamond_solid.uasset" 383
"../../../Engine/Plugins/Animation/ControlRig/Content/Controls/ControlRig_Diamond_solid.uexp" 384
"../../../Engine/Plugins/Animation/ControlRig/Content/Controls/ControlRig_HalfCircle_1mm.ubulk" 385
"../../../Engine/Plugins/Animation/ControlRig/Content/Controls/ControlRig_HalfCircle_1mm.uasset" 386
"../../../Engine/Plugins/Animation/ControlRig/Content/Controls/ControlRig_HalfCircle_1mm.uexp" 387
"../../../Engine/Content/EngineDebugMaterials/DebugEditorMaterial.uasset" 388
"../../../Engine/Content/EngineDebugMaterials/DebugEditorMaterial.uexp" 389
"../../../Engine/Content/EngineDebugMaterials/DebugMeshMaterial.uasset" 390
"../../../Engine/Content/EngineDebugMaterials/DebugMeshMaterial.uexp" 391
"../../../Engine/Plugins/Animation/ControlRig/Content/Controls/ControlRig_HalfCircle_3mm.ubulk" 392
"../../../Engine/Plugins/Animation/ControlRig/Content/Controls/ControlRig_HalfCircle_3mm.uasset" 393
"../../../Engine/Plugins/Animation/ControlRig/Content/Controls/ControlRig_HalfCircle_3mm.uexp" 394
"../../../Engine/Plugins/Animation/ControlRig/Content/Controls/ControlRig_HalfCircle_solid.ubulk" 395
"../../../Engine/Plugins/Animation/ControlRig/Content/Controls/ControlRig_HalfCircle_solid.uasset" 396
"../../../Engine/Plugins/Animation/ControlRig/Content/Controls/ControlRig_HalfCircle_solid.uexp" 397
"../../../Engine/Plugins/Animation/ControlRig/Content/Controls/ControlRig_Hexagon_1mm.ubulk" 398
"../../../Engine/Plugins/Animation/ControlRig/Content/Controls/ControlRig_Hexagon_1mm.uasset" 399
"../../../Engine/Plugins/Animation/ControlRig/Content/Controls/ControlRig_Hexagon_1mm.uexp" 400
"../../../Engine/Plugins/Animation/ControlRig/Content/Controls/ControlRig_Hexagon_3mm.ubulk" 401
"../../../Engine/Plugins/Animation/ControlRig/Content/Controls/ControlRig_Hexagon_3mm.uasset" 402
"../../../Engine/Plugins/Animation/ControlRig/Content/Controls/ControlRig_Hexagon_3mm.uexp" 403
"../../../Engine/Plugins/Animation/ControlRig/Content/Controls/ControlRig_Hexagon_solid.ubulk" 404
"../../../Engine/Plugins/Animation/ControlRig/Content/Controls/ControlRig_Hexagon_solid.uasset" 405
"../../../Engine/Plugins/Animation/ControlRig/Content/Controls/ControlRig_Hexagon_solid.uexp" 406
"../../../Engine/Plugins/Animation/ControlRig/Content/Controls/ControlRig_Octagon_1mm.ubulk" 407
"../../../Engine/Plugins/Animation/ControlRig/Content/Controls/ControlRig_Octagon_1mm.uasset" 408
"../../../Engine/Plugins/Animation/ControlRig/Content/Controls/ControlRig_Octagon_1mm.uexp" 409
"../../../Engine/Plugins/Runtime/HairStrands/Content/Materials/HairCardsDefaultMaterial.uasset" 410
"../../../Engine/Plugins/Runtime/HairStrands/Content/Materials/HairCardsDefaultMaterial.uexp" 411
"../../../Engine/Plugins/Animation/ControlRig/Content/Controls/ControlRig_Octagon_3mm.ubulk" 412
"../../../Engine/Plugins/Animation/ControlRig/Content/Controls/ControlRig_Octagon_3mm.uasset" 413
"../../../Engine/Plugins/Animation/ControlRig/Content/Controls/ControlRig_Octagon_3mm.uexp" 414
"../../../Engine/Content/EngineMeshes/Sphere.ubulk" 415
"../../../Engine/Content/EngineMeshes/Sphere.uasset" 416
"../../../Engine/Content/EngineMeshes/Sphere.uexp" 417
"../../../Engine/Content/Functions/Engine_MaterialFunctions02/Utility/MakeFloat2.uasset" 418
"../../../Engine/Content/Functions/Engine_MaterialFunctions02/Utility/MakeFloat2.uexp" 419
"../../../Engine/Content/EngineMaterials/HairColorMap.uasset" 420
"../../../Engine/Content/EngineMaterials/HairColorMap.uexp" 421
"../../../Engine/Content/EngineMaterials/HairDebugColor.uasset" 422
"../../../Engine/Content/EngineMaterials/HairDebugColor.uexp" 423
"../../../Engine/Plugins/Runtime/HairStrands/Content/Materials/HairGroupColors.uasset" 424
"../../../Engine/Plugins/Runtime/HairStrands/Content/Materials/HairGroupColors.uexp" 425
"../../../Engine/Plugins/Runtime/HairStrands/Content/Materials/HairDebugMaterial.uasset" 426
"../../../Engine/Plugins/Runtime/HairStrands/Content/Materials/HairDebugMaterial.uexp" 427
"../../../Engine/Plugins/Animation/ControlRig/Content/Controls/ControlRig_Octagon_solid.ubulk" 428
"../../../Engine/Plugins/Animation/ControlRig/Content/Controls/ControlRig_Octagon_solid.uasset" 429
"../../../Engine/Plugins/Animation/ControlRig/Content/Controls/ControlRig_Octagon_solid.uexp" 430
"../../../Engine/Plugins/Runtime/HairStrands/Content/Materials/HairDefaultMaterial.uasset" 431
"../../../Engine/Plugins/Runtime/HairStrands/Content/Materials/HairDefaultMaterial.uexp" 432
"../../../Engine/Plugins/Animation/ControlRig/Content/Controls/ControlRig_Pyramid_1mm.ubulk" 433
"../../../Engine/Plugins/Animation/ControlRig/Content/Controls/ControlRig_Pyramid_1mm.uasset" 434
"../../../Engine/Plugins/Animation/ControlRig/Content/Controls/ControlRig_Pyramid_1mm.uexp" 435
"../../../Engine/Plugins/Animation/ControlRig/Content/Controls/ControlRig_Pyramid_3mm.ubulk" 436
"../../../Engine/Plugins/Animation/ControlRig/Content/Controls/ControlRig_Pyramid_3mm.uasset" 437
"../../../Engine/Plugins/Animation/ControlRig/Content/Controls/ControlRig_Pyramid_3mm.uexp" 438
"../../../Engine/Plugins/Runtime/HairStrands/Content/Materials/HairMeshesDefaultMaterial.uasset" 439
"../../../Engine/Plugins/Runtime/HairStrands/Content/Materials/HairMeshesDefaultMaterial.uexp" 440
"../../../Engine/Plugins/Animation/ControlRig/Content/Controls/ControlRig_Pyramid_solid.ubulk" 441
"../../../Engine/Plugins/Animation/ControlRig/Content/Controls/ControlRig_Pyramid_solid.uasset" 442
"../../../Engine/Plugins/Animation/ControlRig/Content/Controls/ControlRig_Pyramid_solid.uexp" 443
"../../../Engine/Content/EngineDebugMaterials/M_SimpleUnlitTranslucent.uasset" 444
"../../../Engine/Content/EngineDebugMaterials/M_SimpleUnlitTranslucent.uexp" 445
"../../../Engine/Content/EngineDebugMaterials/VolumeToRender.uasset" 446
"../../../Engine/Content/EngineDebugMaterials/VolumeToRender.uexp" 447
"../../../Engine/Content/EngineDebugMaterials/M_VolumeRenderSphereTracePP.uasset" 448
"../../../Engine/Content/EngineDebugMaterials/M_VolumeRenderSphereTracePP.uexp" 449
"../../../Engine/Plugins/Animation/ControlRig/Content/Controls/ControlRig_QuarterCircle_1mm.ubulk" 450
"../../../Engine/Plugins/Animation/ControlRig/Content/Controls/ControlRig_QuarterCircle_1mm.uasset" 451
"../../../Engine/Plugins/Animation/ControlRig/Content/Controls/ControlRig_QuarterCircle_1mm.uexp" 452
"../../../Engine/Content/EditorResources/SequenceRecorder/Countdown.uasset" 453
"../../../Engine/Content/EditorResources/SequenceRecorder/Countdown.uexp" 454
"../../../Engine/Content/EditorResources/SequenceRecorder/RecordingIndicator.uasset" 455
"../../../Engine/Content/EditorResources/SequenceRecorder/RecordingIndicator.uexp" 456
"../../../Engine/Content/EngineResources/Black.uasset" 457
"../../../Engine/Content/EngineResources/Black.uexp" 458
"../../../Engine/Content/EngineResources/DefaultTextureCube.uasset" 459
"../../../Engine/Content/EngineResources/DefaultTextureCube.uexp" 460
"../../../Engine/Content/EngineResources/DefaultVolumeTexture2D.uasset" 461
"../../../Engine/Content/EngineResources/DefaultVolumeTexture2D.uexp" 462
"../../../Engine/Content/EngineResources/DefaultVolumeTexture.uasset" 463
"../../../Engine/Content/EngineResources/DefaultVolumeTexture.uexp" 464
"../../../Engine/Content/EngineResources/GradientTexture0.uasset" 465
"../../../Engine/Content/EngineResources/GradientTexture0.uexp" 466
"../../../Engine/Content/EditorMaterials/PhAT_NoCollisionMaterial.uasset" 467
"../../../Engine/Content/EditorMaterials/PhAT_NoCollisionMaterial.uexp" 468
"../../../Engine/Content/EngineResources/LandscapeVisibilityLayerInfo.uasset" 469
"../../../Engine/Content/EngineResources/LandscapeVisibilityLayerInfo.uexp" 470
"../../../Engine/Content/EditorMaterials/PhAT_UnselectedMaterial.uasset" 471
"../../../Engine/Content/EditorMaterials/PhAT_UnselectedMaterial.uexp" 472
"../../../Engine/Content/EditorMaterials/PreviewShadowIndicator.ubulk" 473
"../../../Engine/Content/EditorMaterials/PreviewShadowIndicator.uasset" 474
"../../../Engine/Content/EditorMaterials/PreviewShadowIndicator.uexp" 475
"../../../Engine/Content/EditorMaterials/PreviewShadowIndicatorMaterial.uasset" 476
"../../../Engine/Content/EditorMaterials/PreviewShadowIndicatorMaterial.uexp" 477
"../../../Engine/Plugins/Interchange/Assets/Content/Substrate/MX_SimpleVolume.uasset" 478
"../../../Engine/Plugins/Interchange/Assets/Content/Substrate/MX_SimpleVolume.uexp" 479
"../../../Engine/Plugins/Animation/ControlRig/Content/Controls/ControlRig_QuarterCircle_3mm.ubulk" 480
"../../../Engine/Plugins/Animation/ControlRig/Content/Controls/ControlRig_QuarterCircle_3mm.uasset" 481
"../../../Engine/Plugins/Animation/ControlRig/Content/Controls/ControlRig_QuarterCircle_3mm.uexp" 482
"../../../Engine/Plugins/Animation/ControlRig/Content/Controls/ControlRig_QuarterCircle_solid.ubulk" 483
"../../../Engine/Plugins/Animation/ControlRig/Content/Controls/ControlRig_QuarterCircle_solid.uasset" 484
"../../../Engine/Plugins/Animation/ControlRig/Content/Controls/ControlRig_QuarterCircle_solid.uexp" 485
"../../../Engine/Content/EngineMaterials/EnergyConservation/Diffuse_Energy.uasset" 486
"../../../Engine/Content/EngineMaterials/EnergyConservation/Diffuse_Energy.uexp" 487
"../../../Engine/Plugins/Animation/ControlRig/Content/Controls/ControlRig_RoundedSquare_1mm.ubulk" 488
"../../../Engine/Plugins/Animation/ControlRig/Content/Controls/ControlRig_RoundedSquare_1mm.uasset" 489
"../../../Engine/Plugins/Animation/ControlRig/Content/Controls/ControlRig_RoundedSquare_1mm.uexp" 490
"../../../Engine/Plugins/Animation/ControlRig/Content/Controls/ControlRig_RoundedSquare_3mm.ubulk" 491
"../../../Engine/Plugins/Animation/ControlRig/Content/Controls/ControlRig_RoundedSquare_3mm.uasset" 492
"../../../Engine/Plugins/Animation/ControlRig/Content/Controls/ControlRig_RoundedSquare_3mm.uexp" 493
"../../../Engine/Content/EngineMaterials/EnergyConservation/GGX_ReflectionEnergy.uasset" 494
"../../../Engine/Content/EngineMaterials/EnergyConservation/GGX_ReflectionEnergy.uexp" 495
"../../../Engine/Content/EngineMaterials/DefaultBloomKernel.uasset" 496
"../../../Engine/Content/EngineMaterials/DefaultBloomKernel.uexp" 497
"../../../Engine/Plugins/Animation/ControlRig/Content/Controls/ControlRig_RoundedSquare_solid.ubulk" 498
"../../../Engine/Plugins/Animation/ControlRig/Content/Controls/ControlRig_RoundedSquare_solid.uasset" 499
"../../../Engine/Plugins/Animation/ControlRig/Content/Controls/ControlRig_RoundedSquare_solid.uexp" 500
"../../../Engine/Content/EngineMaterials/DefaultBokeh.uasset" 501
"../../../Engine/Content/EngineMaterials/DefaultBokeh.uexp" 502
"../../../Engine/Plugins/Animation/ControlRig/Content/Controls/ControlRig_RoundedTriangle_1mm.ubulk" 503
"../../../Engine/Plugins/Animation/ControlRig/Content/Controls/ControlRig_RoundedTriangle_1mm.uasset" 504
"../../../Engine/Plugins/Animation/ControlRig/Content/Controls/ControlRig_RoundedTriangle_1mm.uexp" 505
"../../../Engine/Plugins/Animation/ControlRig/Content/Controls/ControlRig_RoundedTriangle_3mm.ubulk" 506
"../../../Engine/Plugins/Animation/ControlRig/Content/Controls/ControlRig_RoundedTriangle_3mm.uasset" 507
"../../../Engine/Plugins/Animation/ControlRig/Content/Controls/ControlRig_RoundedTriangle_3mm.uexp" 508
"../../../Engine/Content/EngineMaterials/EnergyConservation/GGX_TransmissionEnergyArray.uasset" 509
"../../../Engine/Content/EngineMaterials/EnergyConservation/GGX_TransmissionEnergyArray.uexp" 510
"../../../Engine/Plugins/Animation/ControlRig/Content/Controls/ControlRig_RoundedTriangle_solid.ubulk" 511
"../../../Engine/Plugins/Animation/ControlRig/Content/Controls/ControlRig_RoundedTriangle_solid.uasset" 512
"../../../Engine/Plugins/Animation/ControlRig/Content/Controls/ControlRig_RoundedTriangle_solid.uexp" 513
"../../../Engine/Content/EngineMaterials/EnergyConservation/SheenLegacy_Energy.uasset" 514
"../../../Engine/Content/EngineMaterials/EnergyConservation/SheenLegacy_Energy.uexp" 515
"../../../Engine/Content/EngineMaterials/DefaultDeferredDecalMaterial.uasset" 516
"../../../Engine/Content/EngineMaterials/DefaultDeferredDecalMaterial.uexp" 517
"../../../Engine/Plugins/Animation/ControlRig/Content/Controls/ControlRig_Sphere_1mm.ubulk" 518
"../../../Engine/Plugins/Animation/ControlRig/Content/Controls/ControlRig_Sphere_1mm.uasset" 519
"../../../Engine/Plugins/Animation/ControlRig/Content/Controls/ControlRig_Sphere_1mm.uexp" 520
"../../../Engine/Content/EngineMaterials/EnergyConservation/Sheen_Energy.uasset" 521
"../../../Engine/Content/EngineMaterials/EnergyConservation/Sheen_Energy.uexp" 522
"../../../Engine/Plugins/Animation/ControlRig/Content/Controls/ControlRig_Sphere_3mm.ubulk" 523
"../../../Engine/Plugins/Animation/ControlRig/Content/Controls/ControlRig_Sphere_3mm.uasset" 524
"../../../Engine/Plugins/Animation/ControlRig/Content/Controls/ControlRig_Sphere_3mm.uexp" 525
"../../../Engine/Content/EngineMaterials/LTC/GGX_LTCAmp.uasset" 526
"../../../Engine/Content/EngineMaterials/LTC/GGX_LTCAmp.uexp" 527
"../../../Engine/Plugins/Animation/ControlRig/Content/Controls/ControlRig_Sphere_solid.ubulk" 528
"../../../Engine/Plugins/Animation/ControlRig/Content/Controls/ControlRig_Sphere_solid.uasset" 529
"../../../Engine/Plugins/Animation/ControlRig/Content/Controls/ControlRig_Sphere_solid.uexp" 530
"../../../Engine/Content/EngineMaterials/DefaultLightFunctionMaterial.uasset" 531
"../../../Engine/Content/EngineMaterials/DefaultLightFunctionMaterial.uexp" 532
"../../../Engine/Content/EngineMaterials/LTC/GGX_LTCMat.uasset" 533
"../../../Engine/Content/EngineMaterials/LTC/GGX_LTCMat.uexp" 534
"../../../Engine/Content/EngineMaterials/LTC/Sheen_LTC.uasset" 535
"../../../Engine/Content/EngineMaterials/LTC/Sheen_LTC.uexp" 536
"../../../Engine/Plugins/Animation/ControlRig/Content/Controls/ControlRig_Square_1mm.ubulk" 537
"../../../Engine/Plugins/Animation/ControlRig/Content/Controls/ControlRig_Square_1mm.uasset" 538
"../../../Engine/Plugins/Animation/ControlRig/Content/Controls/ControlRig_Square_1mm.uexp" 539
"../../../Engine/Content/EngineMaterials/DefaultPostProcessMaterial.uasset" 540
"../../../Engine/Content/EngineMaterials/DefaultPostProcessMaterial.uexp" 541
"../../../Engine/Content/EngineFonts/RobotoDistanceField.uasset" 542
"../../../Engine/Content/EngineFonts/RobotoDistanceField.uexp" 543
"../../../Engine/Content/EngineMaterials/DefaultTextMaterialOpaque.uasset" 544
"../../../Engine/Content/EngineMaterials/DefaultTextMaterialOpaque.uexp" 545
"../../../Engine/Plugins/Animation/ControlRig/Content/Controls/ControlRig_Square_3mm.ubulk" 546
"../../../Engine/Plugins/Animation/ControlRig/Content/Controls/ControlRig_Square_3mm.uasset" 547
"../../../Engine/Plugins/Animation/ControlRig/Content/Controls/ControlRig_Square_3mm.uexp" 548
"../../../Engine/Content/EngineMaterials/DefaultWhiteGrid.ubulk" 549
"../../../Engine/Content/EngineMaterials/DefaultWhiteGrid.uasset" 550
"../../../Engine/Content/EngineMaterials/DefaultWhiteGrid.uexp" 551
"../../../Engine/Plugins/Animation/ControlRig/Content/Controls/ControlRig_Square_solid.ubulk" 552
"../../../Engine/Plugins/Animation/ControlRig/Content/Controls/ControlRig_Square_solid.uasset" 553
"../../../Engine/Plugins/Animation/ControlRig/Content/Controls/ControlRig_Square_solid.uexp" 554
"../../../Engine/Content/EngineMaterials/DefaultWhiteGrid_Low.uasset" 555
"../../../Engine/Content/EngineMaterials/DefaultWhiteGrid_Low.uexp" 556
"../../../Engine/Content/EngineMaterials/EmissiveMeshMaterial.uasset" 557
"../../../Engine/Content/EngineMaterials/EmissiveMeshMaterial.uexp" 558
"../../../Engine/Plugins/Animation/ControlRig/Content/Controls/ControlRig_Star4_1mm.ubulk" 559
"../../../Engine/Plugins/Animation/ControlRig/Content/Controls/ControlRig_Star4_1mm.uasset" 560
"../../../Engine/Plugins/Animation/ControlRig/Content/Controls/ControlRig_Star4_1mm.uexp" 561
"../../../Engine/Content/EngineResources/Development/ZenLogo_64.uasset" 562
"../../../Engine/Content/EngineResources/Development/ZenLogo_64.uexp" 563
"../../../Engine/Plugins/Animation/ControlRig/Content/Controls/ControlRig_Star4_3mm.ubulk" 564
"../../../Engine/Plugins/Animation/ControlRig/Content/Controls/ControlRig_Star4_3mm.uasset" 565
"../../../Engine/Plugins/Animation/ControlRig/Content/Controls/ControlRig_Star4_3mm.uexp" 566
"../../../Engine/Content/EngineMaterials/FastBlueNoise_scalar_128x128x64.uasset" 567
"../../../Engine/Content/EngineMaterials/FastBlueNoise_scalar_128x128x64.uexp" 568
"../../../Engine/Content/EngineMaterials/FastBlueNoise_scalar_128x128x8.uasset" 569
"../../../Engine/Content/EngineMaterials/FastBlueNoise_scalar_128x128x8.uexp" 570
"../../../Engine/Plugins/Animation/ControlRig/Content/Controls/ControlRig_Star4_solid.ubulk" 571
"../../../Engine/Plugins/Animation/ControlRig/Content/Controls/ControlRig_Star4_solid.uasset" 572
"../../../Engine/Plugins/Animation/ControlRig/Content/Controls/ControlRig_Star4_solid.uexp" 573
"../../../Engine/Content/EngineResources/FilmGrains/Marcie_Grain_v3_128_M2_000.uasset" 574
"../../../Engine/Content/EngineResources/FilmGrains/Marcie_Grain_v3_128_M2_000.uexp" 575
"../../../Engine/Content/EngineMaterials/FastBlueNoise_vec2_128x128x64.uasset" 576
"../../../Engine/Content/EngineMaterials/FastBlueNoise_vec2_128x128x64.uexp" 577
"../../../Engine/Content/EngineMaterials/BaseFlattenDiffuseMap.uasset" 578
"../../../Engine/Content/EngineMaterials/BaseFlattenDiffuseMap.uexp" 579
"../../../Engine/Content/EngineMaterials/BaseFlattenEmissiveMap.uasset" 580
"../../../Engine/Content/EngineMaterials/BaseFlattenEmissiveMap.uexp" 581
"../../../Engine/Content/EngineMaterials/BaseFlattenGrayscaleMap.uasset" 582
"../../../Engine/Content/EngineMaterials/BaseFlattenGrayscaleMap.uexp" 583
"../../../Engine/Content/EngineMaterials/BaseFlattenLinearColor.uasset" 584
"../../../Engine/Content/EngineMaterials/BaseFlattenLinearColor.uexp" 585
"../../../Engine/Content/EngineMaterials/BaseFlattenNormalMap.uasset" 586
"../../../Engine/Content/EngineMaterials/BaseFlattenNormalMap.uexp" 587
"../../../Engine/Content/Functions/Engine_MaterialFunctions02/PivotPainter2/Black_1x1_EXR_Texture.uasset" 588
"../../../Engine/Content/Functions/Engine_MaterialFunctions02/PivotPainter2/Black_1x1_EXR_Texture.uexp" 589
"../../../Engine/Content/EngineMaterials/FlattenMaterial.uasset" 590
"../../../Engine/Content/EngineMaterials/FlattenMaterial.uexp" 591
"../../../Engine/Content/EngineMaterials/BaseFlattenDiffuseMap_VT.ubulk" 592
"../../../Engine/Content/EngineMaterials/BaseFlattenDiffuseMap_VT.uasset" 593
"../../../Engine/Content/EngineMaterials/BaseFlattenDiffuseMap_VT.uexp" 594
"../../../Engine/Content/EngineMaterials/BaseFlattenEmissiveMap_VT.ubulk" 595
"../../../Engine/Content/EngineMaterials/BaseFlattenEmissiveMap_VT.uasset" 596
"../../../Engine/Content/EngineMaterials/BaseFlattenEmissiveMap_VT.uexp" 597
"../../../Engine/Content/EngineMaterials/BaseFlattenGrayscaleMap_VT.ubulk" 598
"../../../Engine/Content/EngineMaterials/BaseFlattenGrayscaleMap_VT.uasset" 599
"../../../Engine/Content/EngineMaterials/BaseFlattenGrayscaleMap_VT.uexp" 600
"../../../Engine/Content/EngineMaterials/BaseFlattenLinearColor_VT.ubulk" 601
"../../../Engine/Content/EngineMaterials/BaseFlattenLinearColor_VT.uasset" 602
"../../../Engine/Content/EngineMaterials/BaseFlattenLinearColor_VT.uexp" 603
"../../../Engine/Content/EngineMaterials/BaseFlattenNormalMap_VT.ubulk" 604
"../../../Engine/Content/EngineMaterials/BaseFlattenNormalMap_VT.uasset" 605
"../../../Engine/Content/EngineMaterials/BaseFlattenNormalMap_VT.uexp" 606
"../../../Engine/Content/EngineMaterials/Black_1x1_EXR_Texture_VT.ubulk" 607
"../../../Engine/Content/EngineMaterials/Black_1x1_EXR_Texture_VT.uasset" 608
"../../../Engine/Content/EngineMaterials/Black_1x1_EXR_Texture_VT.uexp" 609
"../../../Engine/Content/EngineMaterials/FlattenMaterial_VT.uasset" 610
"../../../Engine/Content/EngineMaterials/FlattenMaterial_VT.uexp" 611
"../../../Engine/Content/EngineMaterials/FlattenMaterial_WS_Normal_VT.uasset" 612
"../../../Engine/Content/EngineMaterials/FlattenMaterial_WS_Normal_VT.uexp" 613
"../../../Engine/Content/EngineMaterials/GizmoMaterial.uasset" 614
"../../../Engine/Content/EngineMaterials/GizmoMaterial.uexp" 615
"../../../Engine/Plugins/Animation/ControlRig/Content/Controls/ControlRig_Triangle_1mm.ubulk" 616
"../../../Engine/Plugins/Animation/ControlRig/Content/Controls/ControlRig_Triangle_1mm.uasset" 617
"../../../Engine/Plugins/Animation/ControlRig/Content/Controls/ControlRig_Triangle_1mm.uexp" 618
"../../../Engine/Plugins/Animation/ControlRig/Content/Controls/ControlRig_Triangle_3mm.ubulk" 619
"../../../Engine/Plugins/Animation/ControlRig/Content/Controls/ControlRig_Triangle_3mm.uasset" 620
"../../../Engine/Plugins/Animation/ControlRig/Content/Controls/ControlRig_Triangle_3mm.uexp" 621
"../../../Engine/Content/EditorResources/BSPVertex.uasset" 622
"../../../Engine/Content/EditorResources/BSPVertex.uexp" 623
"../../../Engine/Plugins/Animation/ControlRig/Content/Controls/ControlRig_Triangle_solid.ubulk" 624
"../../../Engine/Plugins/Animation/ControlRig/Content/Controls/ControlRig_Triangle_solid.uasset" 625
"../../../Engine/Plugins/Animation/ControlRig/Content/Controls/ControlRig_Triangle_solid.uexp" 626
"../../../Engine/Plugins/Animation/ControlRig/Content/Controls/ControlRig_Wedge_1mm.ubulk" 627
"../../../Engine/Plugins/Animation/ControlRig/Content/Controls/ControlRig_Wedge_1mm.uasset" 628
"../../../Engine/Plugins/Animation/ControlRig/Content/Controls/ControlRig_Wedge_1mm.uexp" 629
"../../../Engine/Plugins/Animation/ControlRig/Content/Controls/ControlRig_Wedge_3mm.ubulk" 630
"../../../Engine/Plugins/Animation/ControlRig/Content/Controls/ControlRig_Wedge_3mm.uasset" 631
"../../../Engine/Plugins/Animation/ControlRig/Content/Controls/ControlRig_Wedge_3mm.uexp" 632
"../../../Engine/Plugins/Animation/ControlRig/Content/Controls/ControlRig_Wedge_solid.ubulk" 633
"../../../Engine/Plugins/Animation/ControlRig/Content/Controls/ControlRig_Wedge_solid.uasset" 634
"../../../Engine/Plugins/Animation/ControlRig/Content/Controls/ControlRig_Wedge_solid.uexp" 635
"../../../Engine/Plugins/Animation/DeformerGraph/Content/DeformerFunctions/DG_Function_LinearBlendSkin_Morph_Cloth.uasset" 636
"../../../Engine/Plugins/Animation/DeformerGraph/Content/DeformerFunctions/DG_Function_LinearBlendSkin_Morph_Cloth.uexp" 637
"../../../Engine/Plugins/Animation/DeformerGraph/Content/Deformers/DG_LinearBlendSkin_Morph_Cloth.uasset" 638
"../../../Engine/Plugins/Animation/DeformerGraph/Content/Deformers/DG_LinearBlendSkin_Morph_Cloth.uexp" 639
"../../../Engine/Plugins/Animation/DeformerGraph/Content/DeformerFunctions/DG_Function_ComputeNormalsTangents.uasset" 640
"../../../Engine/Plugins/Animation/DeformerGraph/Content/DeformerFunctions/DG_Function_ComputeNormalsTangents.uexp" 641
"../../../Engine/Plugins/Animation/DeformerGraph/Content/DeformerFunctions/DG_Function_LinearBlendSkin_Morph_Cloth_PositionOnly.uasset" 642
"../../../Engine/Plugins/Animation/DeformerGraph/Content/DeformerFunctions/DG_Function_LinearBlendSkin_Morph_Cloth_PositionOnly.uexp" 643
"../../../Engine/Plugins/Animation/DeformerGraph/Content/Deformers/DG_LinearBlendSkin_Morph_Cloth_RecomputeNormals.uasset" 644
"../../../Engine/Plugins/Animation/DeformerGraph/Content/Deformers/DG_LinearBlendSkin_Morph_Cloth_RecomputeNormals.uexp" 645
"../../../Engine/Content/Functions/Engine_MaterialFunctions02/WorldPositionOffset/ObjectScale.uasset" 646
"../../../Engine/Content/Functions/Engine_MaterialFunctions02/WorldPositionOffset/ObjectScale.uexp" 647
"../../../Engine/Plugins/Editor/SpeedTreeImporter/Content/SpeedTree9/Empty.uasset" 648
"../../../Engine/Plugins/Editor/SpeedTreeImporter/Content/SpeedTree9/Empty.uexp" 649
"../../../Engine/Plugins/Editor/SpeedTreeImporter/Content/SpeedTree9/EmptyNormal.uasset" 650
"../../../Engine/Plugins/Editor/SpeedTreeImporter/Content/SpeedTree9/EmptyNormal.uexp" 651
"../../../Engine/Plugins/Editor/SpeedTreeImporter/Content/SpeedTree9/game_wind_noise.ubulk" 652
"../../../Engine/Plugins/Editor/SpeedTreeImporter/Content/SpeedTree9/game_wind_noise.uasset" 653
"../../../Engine/Plugins/Editor/SpeedTreeImporter/Content/SpeedTree9/game_wind_noise.uexp" 654
"../../../Engine/Plugins/Editor/SpeedTreeImporter/Content/SpeedTree9/SpeedTreeBillboard.uasset" 655
"../../../Engine/Plugins/Editor/SpeedTreeImporter/Content/SpeedTree9/SpeedTreeBillboard.uexp" 656
"../../../Engine/Content/Functions/Engine_MaterialFunctions02/SafeNormalize.uasset" 657
"../../../Engine/Content/Functions/Engine_MaterialFunctions02/SafeNormalize.uexp" 658
"../../../Engine/Plugins/Editor/SpeedTreeImporter/Content/SpeedTree9/SpeedTreeWindMotion.uasset" 659
"../../../Engine/Plugins/Editor/SpeedTreeImporter/Content/SpeedTree9/SpeedTreeWindMotion.uexp" 660
"../../../Engine/Plugins/Editor/SpeedTreeImporter/Content/SpeedTree9/UnpackDirection.uasset" 661
"../../../Engine/Plugins/Editor/SpeedTreeImporter/Content/SpeedTree9/UnpackDirection.uexp" 662
"../../../Engine/Plugins/Editor/SpeedTreeImporter/Content/SpeedTree9/UnpackInteger3.uasset" 663
"../../../Engine/Plugins/Editor/SpeedTreeImporter/Content/SpeedTree9/UnpackInteger3.uexp" 664
"../../../Engine/Plugins/Editor/SpeedTreeImporter/Content/SpeedTree9/SpeedTreeBranchMotion.uasset" 665
"../../../Engine/Plugins/Editor/SpeedTreeImporter/Content/SpeedTree9/SpeedTreeBranchMotion.uexp" 666
"../../../Engine/Content/Functions/Engine_MaterialFunctions02/ObjectLocalBounds.uasset" 667
"../../../Engine/Content/Functions/Engine_MaterialFunctions02/ObjectLocalBounds.uexp" 668
"../../../Engine/Content/Functions/Engine_MaterialFunctions02/UVs/BoundingBoxBased_0-1_UVW.uasset" 669
"../../../Engine/Content/Functions/Engine_MaterialFunctions02/UVs/BoundingBoxBased_0-1_UVW.uexp" 670
"../../../Engine/Plugins/Editor/SpeedTreeImporter/Content/SpeedTree9/SpeedTreeWind.uasset" 671
"../../../Engine/Plugins/Editor/SpeedTreeImporter/Content/SpeedTree9/SpeedTreeWind.uexp" 672
"../../../Engine/Plugins/Editor/SpeedTreeImporter/Content/SpeedTree9/SpeedTreeBillboardMaster.uasset" 673
"../../../Engine/Plugins/Editor/SpeedTreeImporter/Content/SpeedTree9/SpeedTreeBillboardMaster.uexp" 674
"../../../Engine/Plugins/Editor/SpeedTreeImporter/Content/SpeedTree9/SpeedTreeCameraFacing.uasset" 675
"../../../Engine/Plugins/Editor/SpeedTreeImporter/Content/SpeedTree9/SpeedTreeCameraFacing.uexp" 676
"../../../Engine/Plugins/Editor/SpeedTreeImporter/Content/SpeedTree9/SpeedTreeMaster.uasset" 677
"../../../Engine/Plugins/Editor/SpeedTreeImporter/Content/SpeedTree9/SpeedTreeMaster.uexp" 678
"../../../Engine/Content/EditorMaterials/Dataflow/DataflowTwoSidedVertexMaterial.uasset" 679
"../../../Engine/Content/EditorMaterials/Dataflow/DataflowTwoSidedVertexMaterial.uexp" 680
"../../../Engine/Content/EditorMaterials/Dataflow/DataflowVertexMaterial.uasset" 681
"../../../Engine/Content/EditorMaterials/Dataflow/DataflowVertexMaterial.uexp" 682
"../../../Engine/Content/VREditor/TransformGizmo/BoundingBoxCorner.ubulk" 683
"../../../Engine/Content/VREditor/TransformGizmo/BoundingBoxCorner.uasset" 684
"../../../Engine/Content/VREditor/TransformGizmo/BoundingBoxCorner.uexp" 685
"../../../Engine/Content/VREditor/TransformGizmo/BoundingBoxEdge.ubulk" 686
"../../../Engine/Content/VREditor/TransformGizmo/BoundingBoxEdge.uasset" 687
"../../../Engine/Content/VREditor/TransformGizmo/BoundingBoxEdge.uexp" 688
"../../../Engine/Content/Functions/Engine_MaterialFunctions01/Texturing/FlattenNormal.uasset" 689
"../../../Engine/Content/Functions/Engine_MaterialFunctions01/Texturing/FlattenNormal.uexp" 690
"../../../Engine/Plugins/Interchange/Assets/Content/Utilities/New_LUT.uasset" 691
"../../../Engine/Plugins/Interchange/Assets/Content/Utilities/New_LUT.uexp" 692
"../../../Engine/Content/Functions/Engine_MaterialFunctions03/Math/RemapValueRange.uasset" 693
"../../../Engine/Content/Functions/Engine_MaterialFunctions03/Math/RemapValueRange.uexp" 694
"../../../Engine/Plugins/Interchange/Assets/Content/Functions/MF_Iridescence.uasset" 695
"../../../Engine/Plugins/Interchange/Assets/Content/Functions/MF_Iridescence.uexp" 696
"../../../Engine/Plugins/Interchange/Assets/Content/gltf/Textures/T_White_srgb.uasset" 697
"../../../Engine/Plugins/Interchange/Assets/Content/gltf/Textures/T_White_srgb.uexp" 698
"../../../Engine/Plugins/Interchange/Assets/Content/gltf/MaterialFunctions/MF_BaseColor.uasset" 699
"../../../Engine/Plugins/Interchange/Assets/Content/gltf/MaterialFunctions/MF_BaseColor.uexp" 700
"../../../Engine/Plugins/Interchange/Assets/Content/gltf/MaterialFunctions/MF_RotateNormals_TS.uasset" 701
"../../../Engine/Plugins/Interchange/Assets/Content/gltf/MaterialFunctions/MF_RotateNormals_TS.uexp" 702
"../../../Engine/Plugins/Interchange/Assets/Content/gltf/Textures/T_Generic_N.uasset" 703
"../../../Engine/Plugins/Interchange/Assets/Content/gltf/Textures/T_Generic_N.uexp" 704
"../../../Engine/Plugins/Interchange/Assets/Content/gltf/Textures/T_White_Linear.uasset" 705
"../../../Engine/Plugins/Interchange/Assets/Content/gltf/Textures/T_White_Linear.uexp" 706
"../../../Engine/Plugins/Interchange/Assets/Content/gltf/MaterialFunctions/MF_Clearcoat.uasset" 707
"../../../Engine/Plugins/Interchange/Assets/Content/gltf/MaterialFunctions/MF_Clearcoat.uexp" 708
"../../../Engine/Plugins/Interchange/Assets/Content/gltf/MaterialFunctions/MF_Emissive.uasset" 709
"../../../Engine/Plugins/Interchange/Assets/Content/gltf/MaterialFunctions/MF_Emissive.uexp" 710
"../../../Engine/Plugins/Interchange/Assets/Content/gltf/MaterialFunctions/MF_IOR.uasset" 711
"../../../Engine/Plugins/Interchange/Assets/Content/gltf/MaterialFunctions/MF_IOR.uexp" 712
"../../../Engine/Plugins/Interchange/Assets/Content/gltf/MaterialFunctions/MF_Iridescence.uasset" 713
"../../../Engine/Plugins/Interchange/Assets/Content/gltf/MaterialFunctions/MF_Iridescence.uexp" 714
"../../../Engine/Plugins/Interchange/Assets/Content/gltf/MaterialFunctions/MF_MetallicRoughness.uasset" 715
"../../../Engine/Plugins/Interchange/Assets/Content/gltf/MaterialFunctions/MF_MetallicRoughness.uexp" 716
"../../../Engine/Plugins/Interchange/Assets/Content/gltf/MaterialFunctions/MF_ScaleNormal.uasset" 717
"../../../Engine/Plugins/Interchange/Assets/Content/gltf/MaterialFunctions/MF_ScaleNormal.uexp" 718
"../../../Engine/Plugins/Interchange/Assets/Content/gltf/MaterialFunctions/MF_Normals.uasset" 719
"../../../Engine/Plugins/Interchange/Assets/Content/gltf/MaterialFunctions/MF_Normals.uexp" 720
"../../../Engine/Plugins/Interchange/Assets/Content/gltf/MaterialFunctions/MF_Occlusion.uasset" 721
"../../../Engine/Plugins/Interchange/Assets/Content/gltf/MaterialFunctions/MF_Occlusion.uexp" 722
"../../../Engine/Plugins/Interchange/Assets/Content/gltf/MaterialFunctions/MF_Specular.uasset" 723
"../../../Engine/Plugins/Interchange/Assets/Content/gltf/MaterialFunctions/MF_Specular.uexp" 724
"../../../Engine/Plugins/Interchange/Assets/Content/gltf/Textures/T_Anisotropy_Direction_Linear.uasset" 725
"../../../Engine/Plugins/Interchange/Assets/Content/gltf/Textures/T_Anisotropy_Direction_Linear.uexp" 726
"../../../Engine/Plugins/Interchange/Assets/Content/gltf/MaterialFunctions/MF_SpecularAnisotropy.uasset" 727
"../../../Engine/Plugins/Interchange/Assets/Content/gltf/MaterialFunctions/MF_SpecularAnisotropy.uexp" 728
"../../../Engine/Plugins/Interchange/Assets/Content/gltf/MaterialFunctions/MF_RotateV2.uasset" 729
"../../../Engine/Plugins/Interchange/Assets/Content/gltf/MaterialFunctions/MF_RotateV2.uexp" 730
"../../../Engine/Plugins/Interchange/Assets/Content/gltf/MaterialFunctions/MF_TransformUVs.uasset" 731
"../../../Engine/Plugins/Interchange/Assets/Content/gltf/MaterialFunctions/MF_TransformUVs.uexp" 732
"../../../Engine/Plugins/Interchange/Assets/Content/gltf/MaterialBodies/MF_ClearCoat_Body.uasset" 733
"../../../Engine/Plugins/Interchange/Assets/Content/gltf/MaterialBodies/MF_ClearCoat_Body.uexp" 734
"../../../Engine/Plugins/Interchange/Assets/Content/gltf/M_ClearCoat.uasset" 735
"../../../Engine/Plugins/Interchange/Assets/Content/gltf/M_ClearCoat.uexp" 736
"../../../Engine/Plugins/Interchange/Assets/Content/gltf/MaterialInstances/MI_ClearCoat_Blend.uasset" 737
"../../../Engine/Plugins/Interchange/Assets/Content/gltf/MaterialInstances/MI_ClearCoat_Blend.uexp" 738
"../../../Engine/Plugins/Interchange/Assets/Content/gltf/MaterialInstances/MI_ClearCoat_Blend_DS.uasset" 739
"../../../Engine/Plugins/Interchange/Assets/Content/gltf/MaterialInstances/MI_ClearCoat_Blend_DS.uexp" 740
"../../../Engine/Plugins/Interchange/Assets/Content/gltf/MaterialInstances/MI_ClearCoat_Mask.uasset" 741
"../../../Engine/Plugins/Interchange/Assets/Content/gltf/MaterialInstances/MI_ClearCoat_Mask.uexp" 742
"../../../Engine/Plugins/Interchange/Assets/Content/gltf/MaterialInstances/MI_ClearCoat_Mask_DS.uasset" 743
"../../../Engine/Plugins/Interchange/Assets/Content/gltf/MaterialInstances/MI_ClearCoat_Mask_DS.uexp" 744
"../../../Engine/Plugins/Interchange/Assets/Content/gltf/MaterialInstances/MI_ClearCoat_Opaque.uasset" 745
"../../../Engine/Plugins/Interchange/Assets/Content/gltf/MaterialInstances/MI_ClearCoat_Opaque.uexp" 746
"../../../Engine/Plugins/Interchange/Assets/Content/gltf/MaterialInstances/MI_ClearCoat_Opaque_DS.uasset" 747
"../../../Engine/Plugins/Interchange/Assets/Content/gltf/MaterialInstances/MI_ClearCoat_Opaque_DS.uexp" 748
"../../../Engine/Plugins/Interchange/Assets/Content/gltf/MaterialBodies/MF_Default_Body.uasset" 749
"../../../Engine/Plugins/Interchange/Assets/Content/gltf/MaterialBodies/MF_Default_Body.uexp" 750
"../../../Engine/Plugins/Interchange/Assets/Content/gltf/M_Default.uasset" 751
"../../../Engine/Plugins/Interchange/Assets/Content/gltf/M_Default.uexp" 752
"../../../Engine/Plugins/Interchange/Assets/Content/gltf/MaterialInstances/MI_Default_Blend.uasset" 753
"../../../Engine/Plugins/Interchange/Assets/Content/gltf/MaterialInstances/MI_Default_Blend.uexp" 754
"../../../Engine/Plugins/Interchange/Assets/Content/gltf/MaterialInstances/MI_Default_Blend_DS.uasset" 755
"../../../Engine/Plugins/Interchange/Assets/Content/gltf/MaterialInstances/MI_Default_Blend_DS.uexp" 756
"../../../Engine/Plugins/Interchange/Assets/Content/gltf/MaterialInstances/MI_Default_Mask.uasset" 757
"../../../Engine/Plugins/Interchange/Assets/Content/gltf/MaterialInstances/MI_Default_Mask.uexp" 758
"../../../Engine/Plugins/Interchange/Assets/Content/gltf/MaterialInstances/MI_Default_Mask_DS.uasset" 759
"../../../Engine/Plugins/Interchange/Assets/Content/gltf/MaterialInstances/MI_Default_Mask_DS.uexp" 760
"../../../Engine/Plugins/Interchange/Assets/Content/gltf/MaterialInstances/MI_Default_Opaque.uasset" 761
"../../../Engine/Plugins/Interchange/Assets/Content/gltf/MaterialInstances/MI_Default_Opaque.uexp" 762
"../../../Engine/Plugins/Interchange/Assets/Content/gltf/MaterialInstances/MI_Default_Opaque_DS.uasset" 763
"../../../Engine/Plugins/Interchange/Assets/Content/gltf/MaterialInstances/MI_Default_Opaque_DS.uexp" 764
"../../../Engine/Plugins/Interchange/Assets/Content/gltf/MaterialFunctions/MF_Sheen.uasset" 765
"../../../Engine/Plugins/Interchange/Assets/Content/gltf/MaterialFunctions/MF_Sheen.uexp" 766
"../../../Engine/Plugins/Interchange/Assets/Content/gltf/MaterialBodies/MF_Sheen_Body.uasset" 767
"../../../Engine/Plugins/Interchange/Assets/Content/gltf/MaterialBodies/MF_Sheen_Body.uexp" 768
"../../../Engine/Plugins/Interchange/Assets/Content/gltf/M_Sheen.uasset" 769
"../../../Engine/Plugins/Interchange/Assets/Content/gltf/M_Sheen.uexp" 770
"../../../Engine/Plugins/Interchange/Assets/Content/gltf/MaterialInstances/MI_Sheen_Blend.uasset" 771
"../../../Engine/Plugins/Interchange/Assets/Content/gltf/MaterialInstances/MI_Sheen_Blend.uexp" 772
"../../../Engine/Plugins/Interchange/Assets/Content/gltf/MaterialInstances/MI_Sheen_Blend_DS.uasset" 773
"../../../Engine/Plugins/Interchange/Assets/Content/gltf/MaterialInstances/MI_Sheen_Blend_DS.uexp" 774
"../../../Engine/Plugins/Interchange/Assets/Content/gltf/MaterialInstances/MI_Sheen_Mask.uasset" 775
"../../../Engine/Plugins/Interchange/Assets/Content/gltf/MaterialInstances/MI_Sheen_Mask.uexp" 776
"../../../Engine/Plugins/Interchange/Assets/Content/gltf/MaterialInstances/MI_Sheen_Mask_DS.uasset" 777
"../../../Engine/Plugins/Interchange/Assets/Content/gltf/MaterialInstances/MI_Sheen_Mask_DS.uexp" 778
"../../../Engine/Plugins/Interchange/Assets/Content/gltf/MaterialInstances/MI_Sheen_Opaque.uasset" 779
"../../../Engine/Plugins/Interchange/Assets/Content/gltf/MaterialInstances/MI_Sheen_Opaque.uexp" 780
"../../../Engine/Plugins/Interchange/Assets/Content/gltf/MaterialInstances/MI_Sheen_Opaque_DS.uasset" 781
"../../../Engine/Plugins/Interchange/Assets/Content/gltf/MaterialInstances/MI_Sheen_Opaque_DS.uexp" 782
"../../../Engine/Plugins/Interchange/Assets/Content/gltf/MaterialFunctions/MF_DiffuseSpecGloss.uasset" 783
"../../../Engine/Plugins/Interchange/Assets/Content/gltf/MaterialFunctions/MF_DiffuseSpecGloss.uexp" 784
"../../../Engine/Plugins/Interchange/Assets/Content/gltf/MaterialFunctions/MF_MaxComponentValue.uasset" 785
"../../../Engine/Plugins/Interchange/Assets/Content/gltf/MaterialFunctions/MF_MaxComponentValue.uexp" 786
"../../../Engine/Content/Functions/Engine_MaterialFunctions02/Math/AddComponents.uasset" 787
"../../../Engine/Content/Functions/Engine_MaterialFunctions02/Math/AddComponents.uexp" 788
"../../../Engine/Plugins/Interchange/Assets/Content/gltf/MaterialFunctions/MF_PerceivedBrightness.uasset" 789
"../../../Engine/Plugins/Interchange/Assets/Content/gltf/MaterialFunctions/MF_PerceivedBrightness.uexp" 790
"../../../Engine/Plugins/Interchange/Assets/Content/gltf/MaterialFunctions/MF_SpecGlossToMetalRoughness.uasset" 791
"../../../Engine/Plugins/Interchange/Assets/Content/gltf/MaterialFunctions/MF_SpecGlossToMetalRoughness.uexp" 792
"../../../Engine/Plugins/Interchange/Assets/Content/gltf/MaterialBodies/MF_SpecularGlossiness_Body.uasset" 793
"../../../Engine/Plugins/Interchange/Assets/Content/gltf/MaterialBodies/MF_SpecularGlossiness_Body.uexp" 794
"../../../Engine/Plugins/Interchange/Assets/Content/gltf/M_SpecularGlossiness.uasset" 795
"../../../Engine/Plugins/Interchange/Assets/Content/gltf/M_SpecularGlossiness.uexp" 796
"../../../Engine/Plugins/Interchange/Assets/Content/gltf/MaterialInstances/MI_SpecularGlossiness_Blend.uasset" 797
"../../../Engine/Plugins/Interchange/Assets/Content/gltf/MaterialInstances/MI_SpecularGlossiness_Blend.uexp" 798
"../../../Engine/Plugins/Interchange/Assets/Content/gltf/MaterialInstances/MI_SpecularGlossiness_Blend_DS.uasset" 799
"../../../Engine/Plugins/Interchange/Assets/Content/gltf/MaterialInstances/MI_SpecularGlossiness_Blend_DS.uexp" 800
"../../../Engine/Plugins/Interchange/Assets/Content/gltf/MaterialInstances/MI_SpecularGlossiness_Mask.uasset" 801
"../../../Engine/Plugins/Interchange/Assets/Content/gltf/MaterialInstances/MI_SpecularGlossiness_Mask.uexp" 802
"../../../Engine/Plugins/Interchange/Assets/Content/gltf/MaterialInstances/MI_SpecularGlossiness_Mask_DS.uasset" 803
"../../../Engine/Plugins/Interchange/Assets/Content/gltf/MaterialInstances/MI_SpecularGlossiness_Mask_DS.uexp" 804
"../../../Engine/Plugins/Interchange/Assets/Content/gltf/MaterialInstances/MI_SpecularGlossiness_Opaque.uasset" 805
"../../../Engine/Plugins/Interchange/Assets/Content/gltf/MaterialInstances/MI_SpecularGlossiness_Opaque.uexp" 806
"../../../Engine/Plugins/Interchange/Assets/Content/gltf/MaterialInstances/MI_SpecularGlossiness_Opaque_DS.uasset" 807
"../../../Engine/Plugins/Interchange/Assets/Content/gltf/MaterialInstances/MI_SpecularGlossiness_Opaque_DS.uexp" 808
"../../../Engine/Content/EngineMaterials/Good64x64TilingNoiseHighFreq.uasset" 809
"../../../Engine/Content/EngineMaterials/Good64x64TilingNoiseHighFreq.uexp" 810
"../../../Engine/Content/Functions/Engine_MaterialFunctions02/Texturing/ScreenAlignedPixelToPixelUVs.uasset" 811
"../../../Engine/Content/Functions/Engine_MaterialFunctions02/Texturing/ScreenAlignedPixelToPixelUVs.uexp" 812
"../../../Engine/Plugins/Interchange/Assets/Content/gltf/MaterialFunctions/MF_Fresnel_DS.uasset" 813
"../../../Engine/Plugins/Interchange/Assets/Content/gltf/MaterialFunctions/MF_Fresnel_DS.uexp" 814
"../../../Engine/Plugins/Interchange/Assets/Content/gltf/MaterialFunctions/MF_Temporal_Blur.uasset" 815
"../../../Engine/Plugins/Interchange/Assets/Content/gltf/MaterialFunctions/MF_Temporal_Blur.uexp" 816
"../../../Engine/Plugins/Interchange/Assets/Content/gltf/MaterialFunctions/MF_Transmission.uasset" 817
"../../../Engine/Plugins/Interchange/Assets/Content/gltf/MaterialFunctions/MF_Transmission.uexp" 818
"../../../Engine/Plugins/Interchange/Assets/Content/gltf/MaterialBodies/MF_Transmission_Body.uasset" 819
"../../../Engine/Plugins/Interchange/Assets/Content/gltf/MaterialBodies/MF_Transmission_Body.uexp" 820
"../../../Engine/Plugins/Interchange/Assets/Content/gltf/M_Transmission.uasset" 821
"../../../Engine/Plugins/Interchange/Assets/Content/gltf/M_Transmission.uexp" 822
"../../../Engine/Plugins/Interchange/Assets/Content/gltf/MaterialInstances/MI_Transmission.uasset" 823
"../../../Engine/Plugins/Interchange/Assets/Content/gltf/MaterialInstances/MI_Transmission.uexp" 824
"../../../Engine/Plugins/Interchange/Assets/Content/gltf/MaterialInstances/MI_Transmission_DS.uasset" 825
"../../../Engine/Plugins/Interchange/Assets/Content/gltf/MaterialInstances/MI_Transmission_DS.uexp" 826
"../../../Engine/Plugins/Interchange/Assets/Content/gltf/MaterialBodies/MF_Unlit_Body.uasset" 827
"../../../Engine/Plugins/Interchange/Assets/Content/gltf/MaterialBodies/MF_Unlit_Body.uexp" 828
"../../../Engine/Plugins/Interchange/Assets/Content/gltf/M_Unlit.uasset" 829
"../../../Engine/Plugins/Interchange/Assets/Content/gltf/M_Unlit.uexp" 830
"../../../Engine/Plugins/Interchange/Assets/Content/gltf/MaterialInstances/MI_Unlit_Blend.uasset" 831
"../../../Engine/Plugins/Interchange/Assets/Content/gltf/MaterialInstances/MI_Unlit_Blend.uexp" 832
"../../../Engine/Plugins/Interchange/Assets/Content/gltf/MaterialInstances/MI_Unlit_Blend_DS.uasset" 833
"../../../Engine/Plugins/Interchange/Assets/Content/gltf/MaterialInstances/MI_Unlit_Blend_DS.uexp" 834
"../../../Engine/Plugins/Interchange/Assets/Content/gltf/MaterialInstances/MI_Unlit_Mask.uasset" 835
"../../../Engine/Plugins/Interchange/Assets/Content/gltf/MaterialInstances/MI_Unlit_Mask.uexp" 836
"../../../Engine/Plugins/Interchange/Assets/Content/gltf/MaterialInstances/MI_Unlit_Mask_DS.uasset" 837
"../../../Engine/Plugins/Interchange/Assets/Content/gltf/MaterialInstances/MI_Unlit_Mask_DS.uexp" 838
"../../../Engine/Plugins/Interchange/Assets/Content/gltf/MaterialInstances/MI_Unlit_Opaque.uasset" 839
"../../../Engine/Plugins/Interchange/Assets/Content/gltf/MaterialInstances/MI_Unlit_Opaque.uexp" 840
"../../../Engine/Plugins/Interchange/Assets/Content/gltf/MaterialInstances/MI_Unlit_Opaque_DS.uasset" 841
"../../../Engine/Plugins/Interchange/Assets/Content/gltf/MaterialInstances/MI_Unlit_Opaque_DS.uexp" 842
"../../../Engine/Content/EngineMaterials/Substrate/GLints/AGlintTex2dArray.uasset" 843
"../../../Engine/Content/EngineMaterials/Substrate/GLints/AGlintTex2dArray.uexp" 844
"../../../Engine/Content/EngineMaterials/DefaultMaterial.uasset" 845
"../../../Engine/Content/EngineMaterials/DefaultMaterial.uexp" 846
"../../../Engine/Content/BasicShapes/Sphere.ubulk" 847
"../../../Engine/Content/BasicShapes/Sphere.uasset" 848
"../../../Engine/Content/BasicShapes/Sphere.uexp" 849
"C:/Users/Ali imran/Documents/GitHub/SpaceRatTestBP/Content/Input/Actions/IA_Jump.uasset" 850
"C:/Users/Ali imran/Documents/GitHub/SpaceRatTestBP/Content/Input/Actions/IA_Jump.uexp" 851
"C:/Users/Ali imran/Documents/GitHub/SpaceRatTestBP/Content/Input/Actions/IA_Look.uasset" 852
"C:/Users/Ali imran/Documents/GitHub/SpaceRatTestBP/Content/Input/Actions/IA_Look.uexp" 853
"C:/Users/Ali imran/Documents/GitHub/SpaceRatTestBP/Content/Input/Actions/IA_Move.uasset" 854
"C:/Users/Ali imran/Documents/GitHub/SpaceRatTestBP/Content/Input/Actions/IA_Move.uexp" 855
"C:/Users/Ali imran/Documents/GitHub/SpaceRatTestBP/Content/Input/Actions/IA_MouseLook.uasset" 856
"C:/Users/Ali imran/Documents/GitHub/SpaceRatTestBP/Content/Input/Actions/IA_MouseLook.uexp" 857
"../../../Engine/Plugins/Animation/ControlRig/Content/Controls/DefaultGizmoLibraryNormalized.uasset" 858
"../../../Engine/Plugins/Animation/ControlRig/Content/Controls/DefaultGizmoLibraryNormalized.uexp" 859
"C:/Users/Ali imran/Documents/GitHub/SpaceRatTestBP/Content/FirstPerson/Anims/CtrlRig_FPWarp.uasset" 860
"C:/Users/Ali imran/Documents/GitHub/SpaceRatTestBP/Content/FirstPerson/Anims/CtrlRig_FPWarp.uexp" 861
"C:/Users/Ali imran/Documents/GitHub/SpaceRatTestBP/Content/Characters/Mannequins/Meshes/SK_Mannequin.uasset" 862
"C:/Users/Ali imran/Documents/GitHub/SpaceRatTestBP/Content/Characters/Mannequins/Meshes/SK_Mannequin.uexp" 863
"C:/Users/Ali imran/Documents/GitHub/SpaceRatTestBP/Content/FirstPerson/Anims/ABP_FP_Copy.uasset" 864
"C:/Users/Ali imran/Documents/GitHub/SpaceRatTestBP/Content/FirstPerson/Anims/ABP_FP_Copy.uexp" 865
"C:/Users/Ali imran/Documents/GitHub/SpaceRatTestBP/Content/Characters/Mannequins/Rigs/PA_Mannequin.uasset" 866
"C:/Users/Ali imran/Documents/GitHub/SpaceRatTestBP/Content/Characters/Mannequins/Rigs/PA_Mannequin.uexp" 867
"C:/Users/Ali imran/Documents/GitHub/SpaceRatTestBP/Content/Characters/Mannequins/Textures/Manny/T_Manny_01_BN.ubulk" 868
"C:/Users/Ali imran/Documents/GitHub/SpaceRatTestBP/Content/Characters/Mannequins/Textures/Manny/T_Manny_01_BN.uasset" 869
"C:/Users/Ali imran/Documents/GitHub/SpaceRatTestBP/Content/Characters/Mannequins/Textures/Manny/T_Manny_01_BN.uexp" 870
"C:/Users/Ali imran/Documents/GitHub/SpaceRatTestBP/Content/Characters/Mannequins/Textures/Manny/T_Manny_01_D.ubulk" 871
"C:/Users/Ali imran/Documents/GitHub/SpaceRatTestBP/Content/Characters/Mannequins/Textures/Manny/T_Manny_01_D.uasset" 872
"C:/Users/Ali imran/Documents/GitHub/SpaceRatTestBP/Content/Characters/Mannequins/Textures/Manny/T_Manny_01_D.uexp" 873
"C:/Users/Ali imran/Documents/GitHub/SpaceRatTestBP/Content/Characters/Mannequins/Textures/Manny/T_Manny_01_MRA.ubulk" 874
"C:/Users/Ali imran/Documents/GitHub/SpaceRatTestBP/Content/Characters/Mannequins/Textures/Manny/T_Manny_01_MRA.uasset" 875
"C:/Users/Ali imran/Documents/GitHub/SpaceRatTestBP/Content/Characters/Mannequins/Textures/Manny/T_Manny_01_MRA.uexp" 876
"C:/Users/Ali imran/Documents/GitHub/SpaceRatTestBP/Content/Characters/Mannequins/Textures/Shared/T_UE_Logo_M.uasset" 877
"C:/Users/Ali imran/Documents/GitHub/SpaceRatTestBP/Content/Characters/Mannequins/Textures/Shared/T_UE_Logo_M.uexp" 878
"C:/Users/Ali imran/Documents/GitHub/SpaceRatTestBP/Content/Characters/Mannequins/Materials/M_Mannequin.uasset" 879
"C:/Users/Ali imran/Documents/GitHub/SpaceRatTestBP/Content/Characters/Mannequins/Materials/M_Mannequin.uexp" 880
"C:/Users/Ali imran/Documents/GitHub/SpaceRatTestBP/Content/Characters/Mannequins/Materials/Manny/MI_Manny_01_New.uasset" 881
"C:/Users/Ali imran/Documents/GitHub/SpaceRatTestBP/Content/Characters/Mannequins/Materials/Manny/MI_Manny_01_New.uexp" 882
"C:/Users/Ali imran/Documents/GitHub/SpaceRatTestBP/Content/Characters/Mannequins/Textures/Manny/T_Manny_02_BN.ubulk" 883
"C:/Users/Ali imran/Documents/GitHub/SpaceRatTestBP/Content/Characters/Mannequins/Textures/Manny/T_Manny_02_BN.uasset" 884
"C:/Users/Ali imran/Documents/GitHub/SpaceRatTestBP/Content/Characters/Mannequins/Textures/Manny/T_Manny_02_BN.uexp" 885
"C:/Users/Ali imran/Documents/GitHub/SpaceRatTestBP/Content/Characters/Mannequins/Textures/Manny/T_Manny_02_D.ubulk" 886
"C:/Users/Ali imran/Documents/GitHub/SpaceRatTestBP/Content/Characters/Mannequins/Textures/Manny/T_Manny_02_D.uasset" 887
"C:/Users/Ali imran/Documents/GitHub/SpaceRatTestBP/Content/Characters/Mannequins/Textures/Manny/T_Manny_02_D.uexp" 888
"C:/Users/Ali imran/Documents/GitHub/SpaceRatTestBP/Content/Characters/Mannequins/Textures/Manny/T_Manny_02_MRA.ubulk" 889
"C:/Users/Ali imran/Documents/GitHub/SpaceRatTestBP/Content/Characters/Mannequins/Textures/Manny/T_Manny_02_MRA.uasset" 890
"C:/Users/Ali imran/Documents/GitHub/SpaceRatTestBP/Content/Characters/Mannequins/Textures/Manny/T_Manny_02_MRA.uexp" 891
"C:/Users/Ali imran/Documents/GitHub/SpaceRatTestBP/Content/Characters/Mannequins/Materials/Manny/MI_Manny_02_New.uasset" 892
"C:/Users/Ali imran/Documents/GitHub/SpaceRatTestBP/Content/Characters/Mannequins/Materials/Manny/MI_Manny_02_New.uexp" 893
"C:/Users/Ali imran/Documents/GitHub/SpaceRatTestBP/Content/Characters/Mannequins/Meshes/SKM_Manny_Simple.uasset" 894
"C:/Users/Ali imran/Documents/GitHub/SpaceRatTestBP/Content/Characters/Mannequins/Meshes/SKM_Manny_Simple.uexp" 895
"C:/Users/Ali imran/Documents/GitHub/SpaceRatTestBP/Content/Input/Touch/BPI_TouchInterface.uasset" 896
"C:/Users/Ali imran/Documents/GitHub/SpaceRatTestBP/Content/Input/Touch/BPI_TouchInterface.uexp" 897
"../../../Engine/Content/MobileResources/HUD/VirtualJoystick_Thumb.uasset" 898
"../../../Engine/Content/MobileResources/HUD/VirtualJoystick_Thumb.uexp" 899
"../../../Engine/Content/MobileResources/HUD/VirtualJoystick_Background.uasset" 900
"../../../Engine/Content/MobileResources/HUD/VirtualJoystick_Background.uexp" 901
"C:/Users/Ali imran/Documents/GitHub/SpaceRatTestBP/Content/Input/Touch/UI_Thumbstick.uasset" 902
"C:/Users/Ali imran/Documents/GitHub/SpaceRatTestBP/Content/Input/Touch/UI_Thumbstick.uexp" 903
"C:/Users/Ali imran/Documents/GitHub/SpaceRatTestBP/Content/Input/Touch/UI_TouchSimple.uasset" 904
"C:/Users/Ali imran/Documents/GitHub/SpaceRatTestBP/Content/Input/Touch/UI_TouchSimple.uexp" 905
"C:/Users/Ali imran/Documents/GitHub/SpaceRatTestBP/Content/Characters/Mannequins/Textures/Quinn/T_Quinn_01_D.ubulk" 906
"C:/Users/Ali imran/Documents/GitHub/SpaceRatTestBP/Content/Characters/Mannequins/Textures/Quinn/T_Quinn_01_D.uasset" 907
"C:/Users/Ali imran/Documents/GitHub/SpaceRatTestBP/Content/Characters/Mannequins/Textures/Quinn/T_Quinn_01_D.uexp" 908
"C:/Users/Ali imran/Documents/GitHub/SpaceRatTestBP/Content/Characters/Mannequins/Textures/Quinn/T_Quinn_01_MRA.ubulk" 909
"C:/Users/Ali imran/Documents/GitHub/SpaceRatTestBP/Content/Characters/Mannequins/Textures/Quinn/T_Quinn_01_MRA.uasset" 910
"C:/Users/Ali imran/Documents/GitHub/SpaceRatTestBP/Content/Characters/Mannequins/Textures/Quinn/T_Quinn_01_MRA.uexp" 911
"C:/Users/Ali imran/Documents/GitHub/SpaceRatTestBP/Content/Characters/Mannequins/Textures/Quinn/T_Quinn_01_N.ubulk" 912
"C:/Users/Ali imran/Documents/GitHub/SpaceRatTestBP/Content/Characters/Mannequins/Textures/Quinn/T_Quinn_01_N.uasset" 913
"C:/Users/Ali imran/Documents/GitHub/SpaceRatTestBP/Content/Characters/Mannequins/Textures/Quinn/T_Quinn_01_N.uexp" 914
"C:/Users/Ali imran/Documents/GitHub/SpaceRatTestBP/Content/Characters/Mannequins/Materials/Quinn/MI_Quinn_01.uasset" 915
"C:/Users/Ali imran/Documents/GitHub/SpaceRatTestBP/Content/Characters/Mannequins/Materials/Quinn/MI_Quinn_01.uexp" 916
"C:/Users/Ali imran/Documents/GitHub/SpaceRatTestBP/Content/Characters/Mannequins/Textures/Quinn/T_Quinn_02_D.ubulk" 917
"C:/Users/Ali imran/Documents/GitHub/SpaceRatTestBP/Content/Characters/Mannequins/Textures/Quinn/T_Quinn_02_D.uasset" 918
"C:/Users/Ali imran/Documents/GitHub/SpaceRatTestBP/Content/Characters/Mannequins/Textures/Quinn/T_Quinn_02_D.uexp" 919
"C:/Users/Ali imran/Documents/GitHub/SpaceRatTestBP/Content/Characters/Mannequins/Textures/Quinn/T_Quinn_02_MRA.ubulk" 920
"C:/Users/Ali imran/Documents/GitHub/SpaceRatTestBP/Content/Characters/Mannequins/Textures/Quinn/T_Quinn_02_MRA.uasset" 921
"C:/Users/Ali imran/Documents/GitHub/SpaceRatTestBP/Content/Characters/Mannequins/Textures/Quinn/T_Quinn_02_MRA.uexp" 922
"C:/Users/Ali imran/Documents/GitHub/SpaceRatTestBP/Content/Characters/Mannequins/Textures/Quinn/T_Quinn_02_N.ubulk" 923
"C:/Users/Ali imran/Documents/GitHub/SpaceRatTestBP/Content/Characters/Mannequins/Textures/Quinn/T_Quinn_02_N.uasset" 924
"C:/Users/Ali imran/Documents/GitHub/SpaceRatTestBP/Content/Characters/Mannequins/Textures/Quinn/T_Quinn_02_N.uexp" 925
"C:/Users/Ali imran/Documents/GitHub/SpaceRatTestBP/Content/Characters/Mannequins/Materials/Quinn/MI_Quinn_02.uasset" 926
"C:/Users/Ali imran/Documents/GitHub/SpaceRatTestBP/Content/Characters/Mannequins/Materials/Quinn/MI_Quinn_02.uexp" 927
"C:/Users/Ali imran/Documents/GitHub/SpaceRatTestBP/Content/Characters/Mannequins/Meshes/SKM_Quinn_Simple.uasset" 928
"C:/Users/Ali imran/Documents/GitHub/SpaceRatTestBP/Content/Characters/Mannequins/Meshes/SKM_Quinn_Simple.uexp" 929
"../../../Engine/Content/Animation/DefaultAnimBoneCompressionSettings.uasset" 930
"../../../Engine/Content/Animation/DefaultAnimBoneCompressionSettings.uexp" 931
"../../../Engine/Content/Animation/DefaultAnimCurveCompressionSettings.uasset" 932
"../../../Engine/Content/Animation/DefaultAnimCurveCompressionSettings.uexp" 933
"../../../Engine/Content/Animation/DefaultVariableFrameStrippingSettings.uasset" 934
"../../../Engine/Content/Animation/DefaultVariableFrameStrippingSettings.uexp" 935
"C:/Users/Ali imran/Documents/GitHub/SpaceRatTestBP/Content/Characters/Mannequins/Anims/Unarmed/MM_Idle.uasset" 936
"C:/Users/Ali imran/Documents/GitHub/SpaceRatTestBP/Content/Characters/Mannequins/Anims/Unarmed/MM_Idle.uexp" 937
"C:/Users/Ali imran/Documents/GitHub/SpaceRatTestBP/Content/Characters/Mannequins/Anims/Unarmed/Jog/MF_Unarmed_Jog_Bwd.uasset" 938
"C:/Users/Ali imran/Documents/GitHub/SpaceRatTestBP/Content/Characters/Mannequins/Anims/Unarmed/Jog/MF_Unarmed_Jog_Bwd.uexp" 939
"../../../Engine/Plugins/Animation/ACLPlugin/Content/ACLAnimCurveCompressionSettings.uasset" 940
"../../../Engine/Plugins/Animation/ACLPlugin/Content/ACLAnimCurveCompressionSettings.uexp" 941
"../../../Engine/Content/Animation/DefaultRecorderBoneCompression.uasset" 942
"../../../Engine/Content/Animation/DefaultRecorderBoneCompression.uexp" 943
"C:/Users/Ali imran/Documents/GitHub/SpaceRatTestBP/Content/Characters/Mannequins/Anims/Unarmed/Jog/MF_Unarmed_Jog_Bwd_Left.uasset" 944
"C:/Users/Ali imran/Documents/GitHub/SpaceRatTestBP/Content/Characters/Mannequins/Anims/Unarmed/Jog/MF_Unarmed_Jog_Bwd_Left.uexp" 945
"C:/Users/Ali imran/Documents/GitHub/SpaceRatTestBP/Content/Characters/Mannequins/Anims/Unarmed/Jog/MF_Unarmed_Jog_Bwd_Right.uasset" 946
"C:/Users/Ali imran/Documents/GitHub/SpaceRatTestBP/Content/Characters/Mannequins/Anims/Unarmed/Jog/MF_Unarmed_Jog_Bwd_Right.uexp" 947
"C:/Users/Ali imran/Documents/GitHub/SpaceRatTestBP/Content/Characters/Mannequins/Anims/Unarmed/Jog/MF_Unarmed_Jog_Fwd.uasset" 948
"C:/Users/Ali imran/Documents/GitHub/SpaceRatTestBP/Content/Characters/Mannequins/Anims/Unarmed/Jog/MF_Unarmed_Jog_Fwd.uexp" 949
"C:/Users/Ali imran/Documents/GitHub/SpaceRatTestBP/Content/Characters/Mannequins/Anims/Unarmed/Jog/MF_Unarmed_Jog_Fwd_Left.uasset" 950
"C:/Users/Ali imran/Documents/GitHub/SpaceRatTestBP/Content/Characters/Mannequins/Anims/Unarmed/Jog/MF_Unarmed_Jog_Fwd_Left.uexp" 951
"C:/Users/Ali imran/Documents/GitHub/SpaceRatTestBP/Content/Characters/Mannequins/Anims/Unarmed/Jog/MF_Unarmed_Jog_Fwd_Right.uasset" 952
"C:/Users/Ali imran/Documents/GitHub/SpaceRatTestBP/Content/Characters/Mannequins/Anims/Unarmed/Jog/MF_Unarmed_Jog_Fwd_Right.uexp" 953
"C:/Users/Ali imran/Documents/GitHub/SpaceRatTestBP/Content/Characters/Mannequins/Anims/Unarmed/Jog/MF_Unarmed_Jog_Left.uasset" 954
"C:/Users/Ali imran/Documents/GitHub/SpaceRatTestBP/Content/Characters/Mannequins/Anims/Unarmed/Jog/MF_Unarmed_Jog_Left.uexp" 955
"C:/Users/Ali imran/Documents/GitHub/SpaceRatTestBP/Content/Characters/Mannequins/Anims/Unarmed/Jog/MF_Unarmed_Jog_Right.uasset" 956
"C:/Users/Ali imran/Documents/GitHub/SpaceRatTestBP/Content/Characters/Mannequins/Anims/Unarmed/Jog/MF_Unarmed_Jog_Right.uexp" 957
"C:/Users/Ali imran/Documents/GitHub/SpaceRatTestBP/Content/Characters/Mannequins/Anims/Unarmed/Walk/MF_Unarmed_Walk_Bwd.uasset" 958
"C:/Users/Ali imran/Documents/GitHub/SpaceRatTestBP/Content/Characters/Mannequins/Anims/Unarmed/Walk/MF_Unarmed_Walk_Bwd.uexp" 959
"C:/Users/Ali imran/Documents/GitHub/SpaceRatTestBP/Content/Characters/Mannequins/Anims/Unarmed/Walk/MF_Unarmed_Walk_Bwd_Left.uasset" 960
"C:/Users/Ali imran/Documents/GitHub/SpaceRatTestBP/Content/Characters/Mannequins/Anims/Unarmed/Walk/MF_Unarmed_Walk_Bwd_Left.uexp" 961
"C:/Users/Ali imran/Documents/GitHub/SpaceRatTestBP/Content/Characters/Mannequins/Anims/Unarmed/Walk/MF_Unarmed_Walk_Bwd_Right.uasset" 962
"C:/Users/Ali imran/Documents/GitHub/SpaceRatTestBP/Content/Characters/Mannequins/Anims/Unarmed/Walk/MF_Unarmed_Walk_Bwd_Right.uexp" 963
"C:/Users/Ali imran/Documents/GitHub/SpaceRatTestBP/Content/Characters/Mannequins/Anims/Unarmed/Walk/MF_Unarmed_Walk_Fwd.uasset" 964
"C:/Users/Ali imran/Documents/GitHub/SpaceRatTestBP/Content/Characters/Mannequins/Anims/Unarmed/Walk/MF_Unarmed_Walk_Fwd.uexp" 965
"C:/Users/Ali imran/Documents/GitHub/SpaceRatTestBP/Content/Characters/Mannequins/Anims/Unarmed/Walk/MF_Unarmed_Walk_Fwd_Left.uasset" 966
"C:/Users/Ali imran/Documents/GitHub/SpaceRatTestBP/Content/Characters/Mannequins/Anims/Unarmed/Walk/MF_Unarmed_Walk_Fwd_Left.uexp" 967
"C:/Users/Ali imran/Documents/GitHub/SpaceRatTestBP/Content/Characters/Mannequins/Anims/Unarmed/Walk/MF_Unarmed_Walk_Fwd_Right.uasset" 968
"C:/Users/Ali imran/Documents/GitHub/SpaceRatTestBP/Content/Characters/Mannequins/Anims/Unarmed/Walk/MF_Unarmed_Walk_Fwd_Right.uexp" 969
"C:/Users/Ali imran/Documents/GitHub/SpaceRatTestBP/Content/Characters/Mannequins/Anims/Unarmed/Walk/MF_Unarmed_Walk_Left.uasset" 970
"C:/Users/Ali imran/Documents/GitHub/SpaceRatTestBP/Content/Characters/Mannequins/Anims/Unarmed/Walk/MF_Unarmed_Walk_Left.uexp" 971
"C:/Users/Ali imran/Documents/GitHub/SpaceRatTestBP/Content/Characters/Mannequins/Anims/Unarmed/Walk/MF_Unarmed_Walk_Right.uasset" 972
"C:/Users/Ali imran/Documents/GitHub/SpaceRatTestBP/Content/Characters/Mannequins/Anims/Unarmed/Walk/MF_Unarmed_Walk_Right.uexp" 973
"C:/Users/Ali imran/Documents/GitHub/SpaceRatTestBP/Content/Characters/Mannequins/Anims/Unarmed/BS_Idle_Walk_Run.uasset" 974
"C:/Users/Ali imran/Documents/GitHub/SpaceRatTestBP/Content/Characters/Mannequins/Anims/Unarmed/BS_Idle_Walk_Run.uexp" 975
"C:/Users/Ali imran/Documents/GitHub/SpaceRatTestBP/Content/Characters/Mannequins/Anims/Unarmed/Jump/MM_Fall_Loop.uasset" 976
"C:/Users/Ali imran/Documents/GitHub/SpaceRatTestBP/Content/Characters/Mannequins/Anims/Unarmed/Jump/MM_Fall_Loop.uexp" 977
"C:/Users/Ali imran/Documents/GitHub/SpaceRatTestBP/Content/Characters/Mannequins/Anims/Unarmed/Jump/MM_Jump.uasset" 978
"C:/Users/Ali imran/Documents/GitHub/SpaceRatTestBP/Content/Characters/Mannequins/Anims/Unarmed/Jump/MM_Jump.uexp" 979
"C:/Users/Ali imran/Documents/GitHub/SpaceRatTestBP/Content/Characters/Mannequins/Anims/Unarmed/Jump/MM_Land.uasset" 980
"C:/Users/Ali imran/Documents/GitHub/SpaceRatTestBP/Content/Characters/Mannequins/Anims/Unarmed/Jump/MM_Land.uexp" 981
"C:/Users/Ali imran/Documents/GitHub/SpaceRatTestBP/Content/Characters/Mannequins/Rigs/CR_Mannequin_FootIK.uasset" 982
"C:/Users/Ali imran/Documents/GitHub/SpaceRatTestBP/Content/Characters/Mannequins/Rigs/CR_Mannequin_FootIK.uexp" 983
"C:/Users/Ali imran/Documents/GitHub/SpaceRatTestBP/Content/Characters/Mannequins/Anims/Unarmed/ABP_Unarmed.uasset" 984
"C:/Users/Ali imran/Documents/GitHub/SpaceRatTestBP/Content/Characters/Mannequins/Anims/Unarmed/ABP_Unarmed.uexp" 985
"C:/Users/Ali imran/Documents/GitHub/SpaceRatTestBP/Content/NiagaraExamples/MPC_NiagaraExamples.uasset" 986
"C:/Users/Ali imran/Documents/GitHub/SpaceRatTestBP/Content/NiagaraExamples/MPC_NiagaraExamples.uexp" 987
"C:/Users/Ali imran/Documents/GitHub/SpaceRatTestBP/Content/NiagaraExamples/Textures/Noise/T_Hermite2Noise_CenteredTiling.ubulk" 988
"C:/Users/Ali imran/Documents/GitHub/SpaceRatTestBP/Content/NiagaraExamples/Textures/Noise/T_Hermite2Noise_CenteredTiling.uasset" 989
"C:/Users/Ali imran/Documents/GitHub/SpaceRatTestBP/Content/NiagaraExamples/Textures/Noise/T_Hermite2Noise_CenteredTiling.uexp" 990
"C:/Users/Ali imran/Documents/GitHub/SpaceRatTestBP/Content/NiagaraExamples/Materials/MaterialFunctions/MF_ExposureCompensation.uasset" 991
"C:/Users/Ali imran/Documents/GitHub/SpaceRatTestBP/Content/NiagaraExamples/Materials/MaterialFunctions/MF_ExposureCompensation.uexp" 992
"C:/Users/Ali imran/Documents/GitHub/SpaceRatTestBP/Content/NiagaraExamples/Materials/MasterMaterials/M_Mesh_Overlay.uasset" 993
"C:/Users/Ali imran/Documents/GitHub/SpaceRatTestBP/Content/NiagaraExamples/Materials/MasterMaterials/M_Mesh_Overlay.uexp" 994
"C:/Users/Ali imran/Documents/GitHub/SpaceRatTestBP/Content/NiagaraExamples/Materials/MI_Overlay_Player_Buff.uasset" 995
"C:/Users/Ali imran/Documents/GitHub/SpaceRatTestBP/Content/NiagaraExamples/Materials/MI_Overlay_Player_Buff.uexp" 996
"C:/Users/Ali imran/Documents/GitHub/SpaceRatTestBP/Content/StarterContent/Textures/T_Burst_M.ubulk" 997
"C:/Users/Ali imran/Documents/GitHub/SpaceRatTestBP/Content/StarterContent/Textures/T_Burst_M.uasset" 998
"C:/Users/Ali imran/Documents/GitHub/SpaceRatTestBP/Content/StarterContent/Textures/T_Burst_M.uexp" 999
"C:/Users/Ali imran/Documents/GitHub/SpaceRatTestBP/Content/StarterContent/Particles/Materials/M_Burst.uasset" 1000
"C:/Users/Ali imran/Documents/GitHub/SpaceRatTestBP/Content/StarterContent/Particles/Materials/M_Burst.uexp" 1001
"C:/Users/Ali imran/Documents/GitHub/SpaceRatTestBP/Content/StarterContent/Textures/T_Explosion_SubUV.ubulk" 1002
"C:/Users/Ali imran/Documents/GitHub/SpaceRatTestBP/Content/StarterContent/Textures/T_Explosion_SubUV.uasset" 1003
"C:/Users/Ali imran/Documents/GitHub/SpaceRatTestBP/Content/StarterContent/Textures/T_Explosion_SubUV.uexp" 1004
"C:/Users/Ali imran/Documents/GitHub/SpaceRatTestBP/Content/StarterContent/Particles/Materials/M_explosion_subUV.uasset" 1005
"C:/Users/Ali imran/Documents/GitHub/SpaceRatTestBP/Content/StarterContent/Particles/Materials/M_explosion_subUV.uexp" 1006
"C:/Users/Ali imran/Documents/GitHub/SpaceRatTestBP/Content/StarterContent/Particles/Materials/m_flare_01.uasset" 1007
"C:/Users/Ali imran/Documents/GitHub/SpaceRatTestBP/Content/StarterContent/Particles/Materials/m_flare_01.uexp" 1008
"../../../Engine/Content/Functions/Engine_MaterialFunctions01/Gradient/RadialGradient.uasset" 1009
"../../../Engine/Content/Functions/Engine_MaterialFunctions01/Gradient/RadialGradient.uexp" 1010
"C:/Users/Ali imran/Documents/GitHub/SpaceRatTestBP/Content/StarterContent/Particles/Materials/M_radial_ramp.uasset" 1011
"C:/Users/Ali imran/Documents/GitHub/SpaceRatTestBP/Content/StarterContent/Particles/Materials/M_radial_ramp.uexp" 1012
"C:/Users/Ali imran/Documents/GitHub/SpaceRatTestBP/Content/StarterContent/Textures/T_Smoke_SubUV.ubulk" 1013
"C:/Users/Ali imran/Documents/GitHub/SpaceRatTestBP/Content/StarterContent/Textures/T_Smoke_SubUV.uasset" 1014
"C:/Users/Ali imran/Documents/GitHub/SpaceRatTestBP/Content/StarterContent/Textures/T_Smoke_SubUV.uexp" 1015
"C:/Users/Ali imran/Documents/GitHub/SpaceRatTestBP/Content/StarterContent/Textures/T_Smoke_Tiled_D.ubulk" 1016
"C:/Users/Ali imran/Documents/GitHub/SpaceRatTestBP/Content/StarterContent/Textures/T_Smoke_Tiled_D.uasset" 1017
"C:/Users/Ali imran/Documents/GitHub/SpaceRatTestBP/Content/StarterContent/Textures/T_Smoke_Tiled_D.uexp" 1018
"C:/Users/Ali imran/Documents/GitHub/SpaceRatTestBP/Content/StarterContent/Particles/Materials/M_smoke_subUV.uasset" 1019
"C:/Users/Ali imran/Documents/GitHub/SpaceRatTestBP/Content/StarterContent/Particles/Materials/M_smoke_subUV.uexp" 1020
"C:/Users/Ali imran/Documents/GitHub/SpaceRatTestBP/Content/StarterContent/Particles/P_Explosion.uasset" 1021
"C:/Users/Ali imran/Documents/GitHub/SpaceRatTestBP/Content/StarterContent/Particles/P_Explosion.uexp" 1022
"C:/Users/Ali imran/Documents/GitHub/SpaceRatTestBP/Content/FirstPerson/MPPContent/FirstPerson/Blueprints/AbilityQProjectile.uasset" 1023
"C:/Users/Ali imran/Documents/GitHub/SpaceRatTestBP/Content/FirstPerson/MPPContent/FirstPerson/Blueprints/AbilityQProjectile.uexp" 1024
"C:/Users/Ali imran/Documents/GitHub/SpaceRatTestBP/Content/FirstPerson/Blueprints/BP_FirstPersonCharacterShooter.uasset" 1025
"C:/Users/Ali imran/Documents/GitHub/SpaceRatTestBP/Content/FirstPerson/Blueprints/BP_FirstPersonCharacterShooter.uexp" 1026
"C:/Users/Ali imran/Documents/GitHub/SpaceRatTestBP/Content/Mat/MatReload.uasset" 1027
"C:/Users/Ali imran/Documents/GitHub/SpaceRatTestBP/Content/Mat/MatReload.uexp" 1028
"C:/Users/Ali imran/Documents/GitHub/SpaceRatTestBP/Content/Mat/MatReload_Inst.uasset" 1029
"C:/Users/Ali imran/Documents/GitHub/SpaceRatTestBP/Content/Mat/MatReload_Inst.uexp" 1030
"C:/Users/Ali imran/Documents/GitHub/SpaceRatTestBP/Content/SoundWeapons/Blastershot.ubulk" 1031
"C:/Users/Ali imran/Documents/GitHub/SpaceRatTestBP/Content/SoundWeapons/Blastershot.uasset" 1032
"C:/Users/Ali imran/Documents/GitHub/SpaceRatTestBP/Content/SoundWeapons/Blastershot.uexp" 1033
"../../../Engine/Plugins/Experimental/MeshModelingToolsetExp/Content/Materials/GizmoDefaultMaterial.uasset" 1034
"../../../Engine/Plugins/Experimental/MeshModelingToolsetExp/Content/Materials/GizmoDefaultMaterial.uexp" 1035
"C:/Users/Ali imran/Documents/GitHub/SpaceRatTestBP/Content/FPWeapon/Materials/BaseMaterial.uasset" 1036
"C:/Users/Ali imran/Documents/GitHub/SpaceRatTestBP/Content/FPWeapon/Materials/BaseMaterial.uexp" 1037
"C:/Users/Ali imran/Documents/GitHub/SpaceRatTestBP/Content/FPWeapon/Materials/FirstPersonProjectileMaterial.uasset" 1038
"C:/Users/Ali imran/Documents/GitHub/SpaceRatTestBP/Content/FPWeapon/Materials/FirstPersonProjectileMaterial.uexp" 1039
"C:/Users/Ali imran/Documents/GitHub/SpaceRatTestBP/Content/FPWeapon/Mesh/FirstPersonProjectileMesh.ubulk" 1040
"C:/Users/Ali imran/Documents/GitHub/SpaceRatTestBP/Content/FPWeapon/Mesh/FirstPersonProjectileMesh.uasset" 1041
"C:/Users/Ali imran/Documents/GitHub/SpaceRatTestBP/Content/FPWeapon/Mesh/FirstPersonProjectileMesh.uexp" 1042
"../../../Engine/Plugins/FX/Niagara/Content/DefaultAssets/DefaultRIbbonMaterial.uasset" 1043
"../../../Engine/Plugins/FX/Niagara/Content/DefaultAssets/DefaultRIbbonMaterial.uexp" 1044
"../../../Engine/Plugins/FX/Niagara/Content/Enums/ENiagaraChannelCorrelation.uasset" 1045
"../../../Engine/Plugins/FX/Niagara/Content/Enums/ENiagaraChannelCorrelation.uexp" 1046
"../../../Engine/Plugins/FX/Niagara/Content/Enums/ENiagaraEmitterLifeCycleMode.uasset" 1047
"../../../Engine/Plugins/FX/Niagara/Content/Enums/ENiagaraEmitterLifeCycleMode.uexp" 1048
"../../../Engine/Plugins/FX/Niagara/Content/Enums/ENiagaraEmitterScalabilityMode_Limited.uasset" 1049
"../../../Engine/Plugins/FX/Niagara/Content/Enums/ENiagaraEmitterScalabilityMode_Limited.uexp" 1050
"../../../Engine/Plugins/FX/Niagara/Content/Enums/ENiagaraInactiveMode.uasset" 1051
"../../../Engine/Plugins/FX/Niagara/Content/Enums/ENiagaraInactiveMode.uexp" 1052
"../../../Engine/Plugins/FX/Niagara/Content/Enums/ENiagaraRandomnessMode.uasset" 1053
"../../../Engine/Plugins/FX/Niagara/Content/Enums/ENiagaraRandomnessMode.uexp" 1054
"../../../Engine/Plugins/FX/Niagara/Content/Enums/ENiagaraSystemInactiveMode.uasset" 1055
"../../../Engine/Plugins/FX/Niagara/Content/Enums/ENiagaraSystemInactiveMode.uexp" 1056
"../../../Engine/Plugins/FX/Niagara/Content/Enums/ENiagara_ColorInitializationMode.uasset" 1057
"../../../Engine/Plugins/FX/Niagara/Content/Enums/ENiagara_ColorInitializationMode.uexp" 1058
"../../../Engine/Plugins/FX/Niagara/Content/Enums/ENiagara_EmitterStateOptions.uasset" 1059
"../../../Engine/Plugins/FX/Niagara/Content/Enums/ENiagara_EmitterStateOptions.uexp" 1060
"../../../Engine/Plugins/FX/Niagara/Content/Enums/ENiagara_InfiniteLoopDuration.uasset" 1061
"../../../Engine/Plugins/FX/Niagara/Content/Enums/ENiagara_InfiniteLoopDuration.uexp" 1062
"../../../Engine/Plugins/FX/Niagara/Content/Enums/ENiagara_LifetimeMode.uasset" 1063
"../../../Engine/Plugins/FX/Niagara/Content/Enums/ENiagara_LifetimeMode.uexp" 1064
"../../../Engine/Plugins/FX/Niagara/Content/Enums/ENiagara_MassInitializationMode.uasset" 1065
"../../../Engine/Plugins/FX/Niagara/Content/Enums/ENiagara_MassInitializationMode.uexp" 1066
"../../../Engine/Plugins/FX/Niagara/Content/Enums/ENiagara_PositionInitializationMode.uasset" 1067
"../../../Engine/Plugins/FX/Niagara/Content/Enums/ENiagara_PositionInitializationMode.uexp" 1068
"../../../Engine/Plugins/FX/Niagara/Content/Enums/ENiagara_SizeScaleMode.uasset" 1069
"../../../Engine/Plugins/FX/Niagara/Content/Enums/ENiagara_SizeScaleMode.uexp" 1070
"../../../Engine/Plugins/FX/Niagara/Content/Enums/ENiagara_SpriteRotationMode.uasset" 1071
"../../../Engine/Plugins/FX/Niagara/Content/Enums/ENiagara_SpriteRotationMode.uexp" 1072
"../../../Engine/Plugins/FX/Niagara/Content/Enums/ENiagara_UVFlippingMode.uasset" 1073
"../../../Engine/Plugins/FX/Niagara/Content/Enums/ENiagara_UVFlippingMode.uexp" 1074
"../../../Engine/Plugins/FX/Niagara/Content/Enums/Angles/ENiagara_AngleInput.uasset" 1075
"../../../Engine/Plugins/FX/Niagara/Content/Enums/Angles/ENiagara_AngleInput.uexp" 1076
"../../../Engine/Plugins/FX/Niagara/Content/Enums/Ribbons/ENiagara_UnsetDirectSet.uasset" 1077
"../../../Engine/Plugins/FX/Niagara/Content/Enums/Ribbons/ENiagara_UnsetDirectSet.uexp" 1078
"../../../Engine/Plugins/FX/Niagara/Content/Enums/Ribbons/ENiagara_UnsetDirectSetRandom.uasset" 1079
"../../../Engine/Plugins/FX/Niagara/Content/Enums/Ribbons/ENiagara_UnsetDirectSetRandom.uexp" 1080
"../../../Engine/Plugins/FX/Niagara/Content/Enums/Transforms/ENiagara_RotationMode.uasset" 1081
"../../../Engine/Plugins/FX/Niagara/Content/Enums/Transforms/ENiagara_RotationMode.uexp" 1082
"../../../Engine/Plugins/FX/Niagara/Content/Enums/Utility/ENiagara_VelocityMode.uasset" 1083
"../../../Engine/Plugins/FX/Niagara/Content/Enums/Utility/ENiagara_VelocityMode.uexp" 1084
"../../../Engine/Plugins/FX/Niagara/Content/Icons/Modules/T_Icon_Scalability_Emitter.uasset" 1085
"../../../Engine/Plugins/FX/Niagara/Content/Icons/Modules/T_Icon_Scalability_Emitter.uexp" 1086
"../../../Engine/Plugins/FX/Niagara/Content/Icons/Modules/T_Icon_Scalability_System.uasset" 1087
"../../../Engine/Plugins/FX/Niagara/Content/Icons/Modules/T_Icon_Scalability_System.uexp" 1088
"../../../Engine/Plugins/FX/Niagara/Content/Icons/Modules/T_Icon_Solver_LimitAccel.uasset" 1089
"../../../Engine/Plugins/FX/Niagara/Content/Icons/Modules/T_Icon_Solver_LimitAccel.uexp" 1090
"../../../Engine/Plugins/FX/Niagara/Content/Icons/Modules/T_Icon_Solver_LimitSpeed.uasset" 1091
"../../../Engine/Plugins/FX/Niagara/Content/Icons/Modules/T_Icon_Solver_LimitSpeed.uexp" 1092
"../../../Engine/Plugins/FX/Niagara/Content/Icons/Modules/T_Icon_Solver_RotationalSolve.uasset" 1093
"../../../Engine/Plugins/FX/Niagara/Content/Icons/Modules/T_Icon_Solver_RotationalSolve.uexp" 1094
"../../../Engine/Plugins/FX/Niagara/Content/Enums/ENiagaraRandomnessEvaluation.uasset" 1095
"../../../Engine/Plugins/FX/Niagara/Content/Enums/ENiagaraRandomnessEvaluation.uexp" 1096
"../../../Engine/Plugins/FX/Niagara/Content/Icons/Modules/T_Icon_Particle_InfiniteLife.uasset" 1097
"../../../Engine/Plugins/FX/Niagara/Content/Icons/Modules/T_Icon_Particle_InfiniteLife.uexp" 1098
"C:/Users/Ali imran/Documents/GitHub/SpaceRatTestBP/Content/FirstPerson/MPPContent/FirstPerson/Blueprints/BulletBeam1.uasset" 1099
"C:/Users/Ali imran/Documents/GitHub/SpaceRatTestBP/Content/FirstPerson/MPPContent/FirstPerson/Blueprints/BulletBeam1.uexp" 1100
"C:/Users/Ali imran/Documents/GitHub/SpaceRatTestBP/Content/FirstPerson/MPPContent/FirstPerson/Blueprints/BP_FirstPersonProjectile1.uasset" 1101
"C:/Users/Ali imran/Documents/GitHub/SpaceRatTestBP/Content/FirstPerson/MPPContent/FirstPerson/Blueprints/BP_FirstPersonProjectile1.uexp" 1102
"C:/Users/Ali imran/Documents/GitHub/SpaceRatTestBP/Content/Variant_Shooter/Anims/Ctrl_HandAdjusment.uasset" 1103
"C:/Users/Ali imran/Documents/GitHub/SpaceRatTestBP/Content/Variant_Shooter/Anims/Ctrl_HandAdjusment.uexp" 1104
"C:/Users/Ali imran/Documents/GitHub/SpaceRatTestBP/Content/Variant_Shooter/Anims/ABP_FP_Weapon.uasset" 1105
"C:/Users/Ali imran/Documents/GitHub/SpaceRatTestBP/Content/Variant_Shooter/Anims/ABP_FP_Weapon.uexp" 1106
"C:/Users/Ali imran/Documents/GitHub/SpaceRatTestBP/Content/Characters/Mannequins/Anims/Rifle/MF_Rifle_Idle_ADS.uasset" 1107
"C:/Users/Ali imran/Documents/GitHub/SpaceRatTestBP/Content/Characters/Mannequins/Anims/Rifle/MF_Rifle_Idle_ADS.uexp" 1108
"C:/Users/Ali imran/Documents/GitHub/SpaceRatTestBP/Content/Characters/Mannequins/Anims/Rifle/AIM/MM_Rifle_Idle_ADS_AO_CC.uasset" 1109
"C:/Users/Ali imran/Documents/GitHub/SpaceRatTestBP/Content/Characters/Mannequins/Anims/Rifle/AIM/MM_Rifle_Idle_ADS_AO_CC.uexp" 1110
"C:/Users/Ali imran/Documents/GitHub/SpaceRatTestBP/Content/Characters/Mannequins/Anims/Rifle/AIM/MM_Rifle_Idle_ADS_AO_CD.uasset" 1111
"C:/Users/Ali imran/Documents/GitHub/SpaceRatTestBP/Content/Characters/Mannequins/Anims/Rifle/AIM/MM_Rifle_Idle_ADS_AO_CD.uexp" 1112
"C:/Users/Ali imran/Documents/GitHub/SpaceRatTestBP/Content/Characters/Mannequins/Anims/Rifle/AIM/MM_Rifle_Idle_ADS_AO_CU.uasset" 1113
"C:/Users/Ali imran/Documents/GitHub/SpaceRatTestBP/Content/Characters/Mannequins/Anims/Rifle/AIM/MM_Rifle_Idle_ADS_AO_CU.uexp" 1114
"C:/Users/Ali imran/Documents/GitHub/SpaceRatTestBP/Content/Characters/Mannequins/Anims/Rifle/AIM/AO_Rifle.uasset" 1115
"C:/Users/Ali imran/Documents/GitHub/SpaceRatTestBP/Content/Characters/Mannequins/Anims/Rifle/AIM/AO_Rifle.uexp" 1116
"C:/Users/Ali imran/Documents/GitHub/SpaceRatTestBP/Content/Variant_Shooter/Anims/ABP_TP_Rifle.uasset" 1117
"C:/Users/Ali imran/Documents/GitHub/SpaceRatTestBP/Content/Variant_Shooter/Anims/ABP_TP_Rifle.uexp" 1118
"C:/Users/Ali imran/Documents/GitHub/SpaceRatTestBP/Content/Variant_Shooter/Blueprints/Pickups/BPI_WeaponHolder.uasset" 1119
"C:/Users/Ali imran/Documents/GitHub/SpaceRatTestBP/Content/Variant_Shooter/Blueprints/Pickups/BPI_WeaponHolder.uexp" 1120
"C:/Users/Ali imran/Documents/GitHub/SpaceRatTestBP/Content/Weapons/GunMain/SK_FPS_Player_Weapon_3_DefaultMaterial_BaseColor.ubulk" 1121
"C:/Users/Ali imran/Documents/GitHub/SpaceRatTestBP/Content/Weapons/GunMain/SK_FPS_Player_Weapon_3_DefaultMaterial_BaseColor.uasset" 1122
"C:/Users/Ali imran/Documents/GitHub/SpaceRatTestBP/Content/Weapons/GunMain/SK_FPS_Player_Weapon_3_DefaultMaterial_BaseColor.uexp" 1123
"C:/Users/Ali imran/Documents/GitHub/SpaceRatTestBP/Content/Weapons/GunMain/SK_FPS_Player_Weapon_3_DefaultMaterial_Emissive.ubulk" 1124
"C:/Users/Ali imran/Documents/GitHub/SpaceRatTestBP/Content/Weapons/GunMain/SK_FPS_Player_Weapon_3_DefaultMaterial_Emissive.uasset" 1125
"C:/Users/Ali imran/Documents/GitHub/SpaceRatTestBP/Content/Weapons/GunMain/SK_FPS_Player_Weapon_3_DefaultMaterial_Emissive.uexp" 1126
"C:/Users/Ali imran/Documents/GitHub/SpaceRatTestBP/Content/Weapons/GunMain/SK_FPS_Player_Weapon_3_DefaultMaterial_Normal.ubulk" 1127
"C:/Users/Ali imran/Documents/GitHub/SpaceRatTestBP/Content/Weapons/GunMain/SK_FPS_Player_Weapon_3_DefaultMaterial_Normal.uasset" 1128
"C:/Users/Ali imran/Documents/GitHub/SpaceRatTestBP/Content/Weapons/GunMain/SK_FPS_Player_Weapon_3_DefaultMaterial_Normal.uexp" 1129
"C:/Users/Ali imran/Documents/GitHub/SpaceRatTestBP/Content/Weapons/GunMain/SK_FPS_Player_Weapon_3_DefaultMaterial_OcclusionRoughnessMetallic.ubulk" 1130
"C:/Users/Ali imran/Documents/GitHub/SpaceRatTestBP/Content/Weapons/GunMain/SK_FPS_Player_Weapon_3_DefaultMaterial_OcclusionRoughnessMetallic.uasset" 1131
"C:/Users/Ali imran/Documents/GitHub/SpaceRatTestBP/Content/Weapons/GunMain/SK_FPS_Player_Weapon_3_DefaultMaterial_OcclusionRoughnessMetallic.uexp" 1132
"C:/Users/Ali imran/Documents/GitHub/SpaceRatTestBP/Content/Weapons/GunMain/GunBody.uasset" 1133
"C:/Users/Ali imran/Documents/GitHub/SpaceRatTestBP/Content/Weapons/GunMain/GunBody.uexp" 1134
"../../../Engine/Content/EngineResources/DefaultTexture.ubulk" 1135
"../../../Engine/Content/EngineResources/DefaultTexture.uasset" 1136
"../../../Engine/Content/EngineResources/DefaultTexture.uexp" 1137
"../../../Engine/Content/EngineMaterials/DefaultNormal.ubulk" 1138
"../../../Engine/Content/EngineMaterials/DefaultNormal.uasset" 1139
"../../../Engine/Content/EngineMaterials/DefaultNormal.uexp" 1140
"../../../Engine/Content/Functions/Engine_MaterialFunctions03/Procedurals/NormalFromHeightmap.uasset" 1141
"../../../Engine/Content/Functions/Engine_MaterialFunctions03/Procedurals/NormalFromHeightmap.uexp" 1142
"../../../Engine/Plugins/Interchange/Assets/Content/Functions/MF_PhongToMetalRoughness.uasset" 1143
"../../../Engine/Plugins/Interchange/Assets/Content/Functions/MF_PhongToMetalRoughness.uexp" 1144
"../../../Engine/Plugins/Interchange/Assets/Content/Materials/FBXLegacyPhongSurfaceMaterial.uasset" 1145
"../../../Engine/Plugins/Interchange/Assets/Content/Materials/FBXLegacyPhongSurfaceMaterial.uexp" 1146
"C:/Users/Ali imran/Documents/GitHub/SpaceRatTestBP/Content/Weapons/GunMain/Body.uasset" 1147
"C:/Users/Ali imran/Documents/GitHub/SpaceRatTestBP/Content/Weapons/GunMain/Body.uexp" 1148
"C:/Users/Ali imran/Documents/GitHub/SpaceRatTestBP/Content/Weapons/GunMain/GunMPP_PhysicsAsset.uasset" 1149
"C:/Users/Ali imran/Documents/GitHub/SpaceRatTestBP/Content/Weapons/GunMain/GunMPP_PhysicsAsset.uexp" 1150
"C:/Users/Ali imran/Documents/GitHub/SpaceRatTestBP/Content/Weapons/GunMain/GunMPP_Skeleton.uasset" 1151
"C:/Users/Ali imran/Documents/GitHub/SpaceRatTestBP/Content/Weapons/GunMain/GunMPP_Skeleton.uexp" 1152
"C:/Users/Ali imran/Documents/GitHub/SpaceRatTestBP/Content/Weapons/GunMain/GunMPP.uasset" 1153
"C:/Users/Ali imran/Documents/GitHub/SpaceRatTestBP/Content/Weapons/GunMain/GunMPP.uexp" 1154
"C:/Users/Ali imran/Documents/GitHub/SpaceRatTestBP/Content/LevelPrototyping/Materials/M_FlatCol.uasset" 1155
"C:/Users/Ali imran/Documents/GitHub/SpaceRatTestBP/Content/LevelPrototyping/Materials/M_FlatCol.uexp" 1156
"C:/Users/Ali imran/Documents/GitHub/SpaceRatTestBP/Content/LevelPrototyping/Materials/MI_DefaultColorway.uasset" 1157
"C:/Users/Ali imran/Documents/GitHub/SpaceRatTestBP/Content/LevelPrototyping/Materials/MI_DefaultColorway.uexp" 1158
"C:/Users/Ali imran/Documents/GitHub/SpaceRatTestBP/Content/FirstPerson/MI_FirstPersonColorway.uasset" 1159
"C:/Users/Ali imran/Documents/GitHub/SpaceRatTestBP/Content/FirstPerson/MI_FirstPersonColorway.uexp" 1160
"C:/Users/Ali imran/Documents/GitHub/SpaceRatTestBP/Content/Weapons/GrenadeLauncher/Materials/M_ProjectileBullet.uasset" 1161
"C:/Users/Ali imran/Documents/GitHub/SpaceRatTestBP/Content/Weapons/GrenadeLauncher/Materials/M_ProjectileBullet.uexp" 1162
"C:/Users/Ali imran/Documents/GitHub/SpaceRatTestBP/Content/Weapons/GrenadeLauncher/Meshes/FirstPersonProjectileMesh.ubulk" 1163
"C:/Users/Ali imran/Documents/GitHub/SpaceRatTestBP/Content/Weapons/GrenadeLauncher/Meshes/FirstPersonProjectileMesh.uasset" 1164
"C:/Users/Ali imran/Documents/GitHub/SpaceRatTestBP/Content/Weapons/GrenadeLauncher/Meshes/FirstPersonProjectileMesh.uexp" 1165
"C:/Users/Ali imran/Documents/GitHub/SpaceRatTestBP/Content/Variant_Shooter/Blueprints/Pickups/Projectiles/BP_ShooterProjectileBase.uasset" 1166
"C:/Users/Ali imran/Documents/GitHub/SpaceRatTestBP/Content/Variant_Shooter/Blueprints/Pickups/Projectiles/BP_ShooterProjectileBase.uexp" 1167
"../../../Engine/Content/EngineMaterials/FlatNormal.uasset" 1168
"../../../Engine/Content/EngineMaterials/FlatNormal.uexp" 1169
"../../../Engine/Plugins/Interchange/Assets/Content/Functions/MF_SchlickApprox.uasset" 1170
"../../../Engine/Plugins/Interchange/Assets/Content/Functions/MF_SchlickApprox.uexp" 1171
"../../../Engine/Plugins/Interchange/Assets/Content/Materials/OrenNayerMaterial.uasset" 1172
"../../../Engine/Plugins/Interchange/Assets/Content/Materials/OrenNayerMaterial.uexp" 1173
"C:/Users/Ali imran/Documents/GitHub/SpaceRatTestBP/Content/FirstPerson/MPPContent/FirstPerson/Blueprints/BulletBeam.uasset" 1174
"C:/Users/Ali imran/Documents/GitHub/SpaceRatTestBP/Content/FirstPerson/MPPContent/FirstPerson/Blueprints/BulletBeam.uexp" 1175
"C:/Users/Ali imran/Documents/GitHub/SpaceRatTestBP/Content/Variant_Shooter/Blueprints/Pickups/Projectiles/Meshes/SM_FoamBullet.ubulk" 1176
"C:/Users/Ali imran/Documents/GitHub/SpaceRatTestBP/Content/Variant_Shooter/Blueprints/Pickups/Projectiles/Meshes/SM_FoamBullet.uasset" 1177
"C:/Users/Ali imran/Documents/GitHub/SpaceRatTestBP/Content/Variant_Shooter/Blueprints/Pickups/Projectiles/Meshes/SM_FoamBullet.uexp" 1178
"C:/Users/Ali imran/Documents/GitHub/SpaceRatTestBP/Content/Variant_Shooter/Blueprints/Pickups/Projectiles/BP_ShooterProjectile_Bullet.uasset" 1179
"C:/Users/Ali imran/Documents/GitHub/SpaceRatTestBP/Content/Variant_Shooter/Blueprints/Pickups/Projectiles/BP_ShooterProjectile_Bullet.uexp" 1180
"C:/Users/Ali imran/Documents/GitHub/SpaceRatTestBP/Content/Variant_Shooter/Blueprints/Pickups/BP_ShooterWeaponBase.uasset" 1181
"C:/Users/Ali imran/Documents/GitHub/SpaceRatTestBP/Content/Variant_Shooter/Blueprints/Pickups/BP_ShooterWeaponBase.uexp" 1182
"C:/Users/Ali imran/Documents/GitHub/SpaceRatTestBP/Content/UiMap/exit_hover.uasset" 1183
"C:/Users/Ali imran/Documents/GitHub/SpaceRatTestBP/Content/UiMap/exit_hover.uexp" 1184
"C:/Users/Ali imran/Documents/GitHub/SpaceRatTestBP/Content/UiMap/exit_idle.uasset" 1185
"C:/Users/Ali imran/Documents/GitHub/SpaceRatTestBP/Content/UiMap/exit_idle.uexp" 1186
"C:/Users/Ali imran/Documents/GitHub/SpaceRatTestBP/Content/UiMap/exit_press.uasset" 1187
"C:/Users/Ali imran/Documents/GitHub/SpaceRatTestBP/Content/UiMap/exit_press.uexp" 1188
"C:/Users/Ali imran/Documents/GitHub/SpaceRatTestBP/Content/UiMap/menu_base.uasset" 1189
"C:/Users/Ali imran/Documents/GitHub/SpaceRatTestBP/Content/UiMap/menu_base.uexp" 1190
"C:/Users/Ali imran/Documents/GitHub/SpaceRatTestBP/Content/UiMap/settings_hover.uasset" 1191
"C:/Users/Ali imran/Documents/GitHub/SpaceRatTestBP/Content/UiMap/settings_hover.uexp" 1192
"C:/Users/Ali imran/Documents/GitHub/SpaceRatTestBP/Content/UiMap/settings_idle.uasset" 1193
"C:/Users/Ali imran/Documents/GitHub/SpaceRatTestBP/Content/UiMap/settings_idle.uexp" 1194
"C:/Users/Ali imran/Documents/GitHub/SpaceRatTestBP/Content/UiMap/settings_press.uasset" 1195
"C:/Users/Ali imran/Documents/GitHub/SpaceRatTestBP/Content/UiMap/settings_press.uexp" 1196
"C:/Users/Ali imran/Documents/GitHub/SpaceRatTestBP/Content/UiMap/start_hover.uasset" 1197
"C:/Users/Ali imran/Documents/GitHub/SpaceRatTestBP/Content/UiMap/start_hover.uexp" 1198
"C:/Users/Ali imran/Documents/GitHub/SpaceRatTestBP/Content/UiMap/start_idle.uasset" 1199
"C:/Users/Ali imran/Documents/GitHub/SpaceRatTestBP/Content/UiMap/start_idle.uexp" 1200
"C:/Users/Ali imran/Documents/GitHub/SpaceRatTestBP/Content/UiMap/start_press.uasset" 1201
"C:/Users/Ali imran/Documents/GitHub/SpaceRatTestBP/Content/UiMap/start_press.uexp" 1202
"C:/Users/Ali imran/Documents/GitHub/SpaceRatTestBP/Content/UiMap/Untitled222_20260225171936.uasset" 1203
"C:/Users/Ali imran/Documents/GitHub/SpaceRatTestBP/Content/UiMap/Untitled222_20260225171936.uexp" 1204
"C:/Users/Ali imran/Documents/GitHub/SpaceRatTestBP/Content/UiMap/Untitled222_20260225171939.uasset" 1205
"C:/Users/Ali imran/Documents/GitHub/SpaceRatTestBP/Content/UiMap/Untitled222_20260225171939.uexp" 1206
"C:/Users/Ali imran/Documents/GitHub/SpaceRatTestBP/Content/UiMap/Untitled222_20260225171957.uasset" 1207
"C:/Users/Ali imran/Documents/GitHub/SpaceRatTestBP/Content/UiMap/Untitled222_20260225171957.uexp" 1208
"C:/Users/Ali imran/Documents/GitHub/SpaceRatTestBP/Content/PauseMenu.uasset" 1209
"C:/Users/Ali imran/Documents/GitHub/SpaceRatTestBP/Content/PauseMenu.uexp" 1210
"../../../Engine/Content/BasicShapes/BasicShapeMaterial.uasset" 1211
"../../../Engine/Content/BasicShapes/BasicShapeMaterial.uexp" 1212
"C:/Users/Ali imran/Documents/GitHub/SpaceRatTestBP/Content/NiagaraExamples/Materials/MI_Overlay_Weapon_Buff.uasset" 1213
"C:/Users/Ali imran/Documents/GitHub/SpaceRatTestBP/Content/NiagaraExamples/Materials/MI_Overlay_Weapon_Buff.uexp" 1214
"C:/Users/Ali imran/Documents/GitHub/SpaceRatTestBP/Content/Weapons/Shield.ubulk" 1215
"C:/Users/Ali imran/Documents/GitHub/SpaceRatTestBP/Content/Weapons/Shield.uasset" 1216
"C:/Users/Ali imran/Documents/GitHub/SpaceRatTestBP/Content/Weapons/Shield.uexp" 1217
"C:/Users/Ali imran/Documents/GitHub/SpaceRatTestBP/Content/Blueprints/Shield.uasset" 1218
"C:/Users/Ali imran/Documents/GitHub/SpaceRatTestBP/Content/Blueprints/Shield.uexp" 1219
"../../../Engine/Plugins/FX/Niagara/Content/DefaultAssets/DefaultSpriteMaterial.uasset" 1220
"../../../Engine/Plugins/FX/Niagara/Content/DefaultAssets/DefaultSpriteMaterial.uexp" 1221
"../../../Engine/Plugins/FX/Niagara/Content/Enums/ENiagaraScaleColorMode.uasset" 1222
"../../../Engine/Plugins/FX/Niagara/Content/Enums/ENiagaraScaleColorMode.uexp" 1223
"../../../Engine/Plugins/FX/Niagara/Content/Enums/ENiagaraShapeTorusMode.uasset" 1224
"../../../Engine/Plugins/FX/Niagara/Content/Enums/ENiagaraShapeTorusMode.uexp" 1225
"../../../Engine/Plugins/FX/Niagara/Content/Enums/ENiagaraSphereDistributionMode.uasset" 1226
"../../../Engine/Plugins/FX/Niagara/Content/Enums/ENiagaraSphereDistributionMode.uexp" 1227
"../../../Engine/Plugins/FX/Niagara/Content/Enums/ENiagaraTorusDistributionMode.uasset" 1228
"../../../Engine/Plugins/FX/Niagara/Content/Enums/ENiagaraTorusDistributionMode.uexp" 1229
"../../../Engine/Plugins/FX/Niagara/Content/Enums/ENiagara_AttributeSamplingApplyOutput.uasset" 1230
"../../../Engine/Plugins/FX/Niagara/Content/Enums/ENiagara_AttributeSamplingApplyOutput.uexp" 1231
"../../../Engine/Plugins/FX/Niagara/Content/Enums/Location/ENiagaraRingDiscMode.uasset" 1232
"../../../Engine/Plugins/FX/Niagara/Content/Enums/Location/ENiagaraRingDiscMode.uexp" 1233
"../../../Engine/Plugins/FX/Niagara/Content/Enums/Location/ENiagara_BoxPlaneMode.uasset" 1234
"../../../Engine/Plugins/FX/Niagara/Content/Enums/Location/ENiagara_BoxPlaneMode.uexp" 1235
"../../../Engine/Plugins/FX/Niagara/Content/Enums/Location/ENiagara_ConeMode.uasset" 1236
"../../../Engine/Plugins/FX/Niagara/Content/Enums/Location/ENiagara_ConeMode.uexp" 1237
"../../../Engine/Plugins/FX/Niagara/Content/Enums/Location/ENiagara_CylinderMode.uasset" 1238
"../../../Engine/Plugins/FX/Niagara/Content/Enums/Location/ENiagara_CylinderMode.uexp" 1239
"../../../Engine/Plugins/FX/Niagara/Content/Enums/Location/ENiagara_LocationShapes.uasset" 1240
"../../../Engine/Plugins/FX/Niagara/Content/Enums/Location/ENiagara_LocationShapes.uexp" 1241
"../../../Engine/Plugins/FX/Niagara/Content/Enums/Transforms/ENiagara_OffsetMode.uasset" 1242
"../../../Engine/Plugins/FX/Niagara/Content/Enums/Transforms/ENiagara_OffsetMode.uexp" 1243
"../../../Engine/Plugins/FX/Niagara/Content/Enums/Transforms/ENiagara_ScaleMode.uasset" 1244
"../../../Engine/Plugins/FX/Niagara/Content/Enums/Transforms/ENiagara_ScaleMode.uexp" 1245
"../../../Engine/Plugins/FX/Niagara/Content/Enums/Transforms/ENiagara_TransformOrder.uasset" 1246
"../../../Engine/Plugins/FX/Niagara/Content/Enums/Transforms/ENiagara_TransformOrder.uexp" 1247
"../../../Engine/Plugins/FX/Niagara/Content/Enums/Transforms/ENiagara_TransformType.uasset" 1248
"../../../Engine/Plugins/FX/Niagara/Content/Enums/Transforms/ENiagara_TransformType.uexp" 1249
"../../../Engine/Plugins/FX/Niagara/Content/Enums/ENiagaraExpansionMode.uasset" 1250
"../../../Engine/Plugins/FX/Niagara/Content/Enums/ENiagaraExpansionMode.uexp" 1251
"../../../Engine/Plugins/FX/Niagara/Content/Enums/ENiagaraCurlNoiseQuality.uasset" 1252
"../../../Engine/Plugins/FX/Niagara/Content/Enums/ENiagaraCurlNoiseQuality.uexp" 1253
"../../../Engine/Plugins/FX/Niagara/Content/VectorFields/Assets/TilingCurl32.uasset" 1254
"../../../Engine/Plugins/FX/Niagara/Content/VectorFields/Assets/TilingCurl32.uexp" 1255
"../../../Engine/Plugins/FX/Niagara/Content/Enums/SpriteRenderer/ENiagara_ScaleSpriteSize.uasset" 1256
"../../../Engine/Plugins/FX/Niagara/Content/Enums/SpriteRenderer/ENiagara_ScaleSpriteSize.uexp" 1257
"../../../Engine/Plugins/FX/Niagara/Content/Enums/ENiagaraVector4_Channels.uasset" 1258
"../../../Engine/Plugins/FX/Niagara/Content/Enums/ENiagaraVector4_Channels.uexp" 1259
"../../../Engine/Plugins/FX/Niagara/Content/VectorFields/Assets/TilingCurl16.uasset" 1260
"../../../Engine/Plugins/FX/Niagara/Content/VectorFields/Assets/TilingCurl16.uexp" 1261
"../../../Engine/Plugins/FX/Niagara/Content/VectorFields/Assets/TilingCurl64.uasset" 1262
"../../../Engine/Plugins/FX/Niagara/Content/VectorFields/Assets/TilingCurl64.uexp" 1263
"C:/Users/Ali imran/Documents/GitHub/SpaceRatTestBP/Content/FirstPerson/MPPContent/LaserBeamBlue.uasset" 1264
"C:/Users/Ali imran/Documents/GitHub/SpaceRatTestBP/Content/FirstPerson/MPPContent/LaserBeamBlue.uexp" 1265
"C:/Users/Ali imran/Documents/GitHub/SpaceRatTestBP/Content/Variant_Shooter/Blueprints/BPI_Shooter.uasset" 1266
"C:/Users/Ali imran/Documents/GitHub/SpaceRatTestBP/Content/Variant_Shooter/Blueprints/BPI_Shooter.uexp" 1267
"C:/Users/Ali imran/Documents/GitHub/SpaceRatTestBP/Content/Variant_Shooter/Input/BPI_Touch_Shooter.uasset" 1268
"C:/Users/Ali imran/Documents/GitHub/SpaceRatTestBP/Content/Variant_Shooter/Input/BPI_Touch_Shooter.uexp" 1269
"C:/Users/Ali imran/Documents/GitHub/SpaceRatTestBP/Content/Variant_Shooter/Input/Actions/IA_Shoot.uasset" 1270
"C:/Users/Ali imran/Documents/GitHub/SpaceRatTestBP/Content/Variant_Shooter/Input/Actions/IA_Shoot.uexp" 1271
"C:/Users/Ali imran/Documents/GitHub/SpaceRatTestBP/Content/Variant_Shooter/Input/Actions/IA_SwapWeapon.uasset" 1272
"C:/Users/Ali imran/Documents/GitHub/SpaceRatTestBP/Content/Variant_Shooter/Input/Actions/IA_SwapWeapon.uexp" 1273
"C:/Users/Ali imran/Documents/GitHub/SpaceRatTestBP/Content/Variant_Shooter/Input/UI_TouchInterface_Shooter.uasset" 1274
"C:/Users/Ali imran/Documents/GitHub/SpaceRatTestBP/Content/Variant_Shooter/Input/UI_TouchInterface_Shooter.uexp" 1275
"C:/Users/Ali imran/Documents/GitHub/SpaceRatTestBP/Content/FirstPerson/MPPContent/FirstPerson/Blueprints/GunShot.uasset" 1276
"C:/Users/Ali imran/Documents/GitHub/SpaceRatTestBP/Content/FirstPerson/MPPContent/FirstPerson/Blueprints/GunShot.uexp" 1277
"C:/Users/Ali imran/Documents/GitHub/SpaceRatTestBP/Content/Variant_Shooter/Blueprints/Pickups/BPI_Pickups.uasset" 1278
"C:/Users/Ali imran/Documents/GitHub/SpaceRatTestBP/Content/Variant_Shooter/Blueprints/Pickups/BPI_Pickups.uexp" 1279
"C:/Users/Ali imran/Documents/GitHub/SpaceRatTestBP/Content/Weapons/LaserKol/LaserKol.ubulk" 1280
"C:/Users/Ali imran/Documents/GitHub/SpaceRatTestBP/Content/Weapons/LaserKol/LaserKol.uasset" 1281
"C:/Users/Ali imran/Documents/GitHub/SpaceRatTestBP/Content/Weapons/LaserKol/LaserKol.uexp" 1282
"C:/Users/Ali imran/Documents/GitHub/SpaceRatTestBP/Content/Weapons/LaserKol/LaserKol__3__DefaultMaterial_BaseColor.ubulk" 1283
"C:/Users/Ali imran/Documents/GitHub/SpaceRatTestBP/Content/Weapons/LaserKol/LaserKol__3__DefaultMaterial_BaseColor.uasset" 1284
"C:/Users/Ali imran/Documents/GitHub/SpaceRatTestBP/Content/Weapons/LaserKol/LaserKol__3__DefaultMaterial_BaseColor.uexp" 1285
"C:/Users/Ali imran/Documents/GitHub/SpaceRatTestBP/Content/Weapons/LaserKol/LaserKol__3__DefaultMaterial_Normal.ubulk" 1286
"C:/Users/Ali imran/Documents/GitHub/SpaceRatTestBP/Content/Weapons/LaserKol/LaserKol__3__DefaultMaterial_Normal.uasset" 1287
"C:/Users/Ali imran/Documents/GitHub/SpaceRatTestBP/Content/Weapons/LaserKol/LaserKol__3__DefaultMaterial_Normal.uexp" 1288
"C:/Users/Ali imran/Documents/GitHub/SpaceRatTestBP/Content/Weapons/LaserKol/LaserKol__3__DefaultMaterial_OcclusionRoughnessMetallic.ubulk" 1289
"C:/Users/Ali imran/Documents/GitHub/SpaceRatTestBP/Content/Weapons/LaserKol/LaserKol__3__DefaultMaterial_OcclusionRoughnessMetallic.uasset" 1290
"C:/Users/Ali imran/Documents/GitHub/SpaceRatTestBP/Content/Weapons/LaserKol/LaserKol__3__DefaultMaterial_OcclusionRoughnessMetallic.uexp" 1291
"C:/Users/Ali imran/Documents/GitHub/SpaceRatTestBP/Content/Weapons/LaserKol/LaserKolMat.uasset" 1292
"C:/Users/Ali imran/Documents/GitHub/SpaceRatTestBP/Content/Weapons/LaserKol/LaserKolMat.uexp" 1293
"C:/Users/Ali imran/Documents/GitHub/SpaceRatTestBP/Content/Variant_Shooter/Blueprints/BP_ShooterCharacter.uasset" 1294
"C:/Users/Ali imran/Documents/GitHub/SpaceRatTestBP/Content/Variant_Shooter/Blueprints/BP_ShooterCharacter.uexp" 1295
"C:/Users/Ali imran/Documents/GitHub/SpaceRatTestBP/Content/Input/IMC_Default.uasset" 1296
"C:/Users/Ali imran/Documents/GitHub/SpaceRatTestBP/Content/Input/IMC_Default.uexp" 1297
"C:/Users/Ali imran/Documents/GitHub/SpaceRatTestBP/Content/Input/IMC_MouseLook.uasset" 1298
"C:/Users/Ali imran/Documents/GitHub/SpaceRatTestBP/Content/Input/IMC_MouseLook.uexp" 1299
"C:/Users/Ali imran/Documents/GitHub/SpaceRatTestBP/Content/FirstPerson/Blueprints/BP_FirstPersonCameraManager.uasset" 1300
"C:/Users/Ali imran/Documents/GitHub/SpaceRatTestBP/Content/FirstPerson/Blueprints/BP_FirstPersonCameraManager.uexp" 1301
"C:/Users/Ali imran/Documents/GitHub/SpaceRatTestBP/Content/FirstPerson/Blueprints/BP_FirstPersonPlayerController.uasset" 1302
"C:/Users/Ali imran/Documents/GitHub/SpaceRatTestBP/Content/FirstPerson/Blueprints/BP_FirstPersonPlayerController.uexp" 1303
"C:/Users/Ali imran/Documents/GitHub/SpaceRatTestBP/Content/FirstPerson/Blueprints/BP_FirstPersonGameMode.uasset" 1304
"C:/Users/Ali imran/Documents/GitHub/SpaceRatTestBP/Content/FirstPerson/Blueprints/BP_FirstPersonGameMode.uexp" 1305
"../../../Engine/Content/EditorMaterials/ParticleSystems/PSysThumbnail_NoImage.ubulk" 1306
"../../../Engine/Content/EditorMaterials/ParticleSystems/PSysThumbnail_NoImage.uasset" 1307
"../../../Engine/Content/EditorMaterials/ParticleSystems/PSysThumbnail_NoImage.uexp" 1308
"../../../Engine/Content/EditorMaterials/ParticleSystems/PSysThumbnail_OOD.ubulk" 1309
"../../../Engine/Content/EditorMaterials/ParticleSystems/PSysThumbnail_OOD.uasset" 1310
"../../../Engine/Content/EditorMaterials/ParticleSystems/PSysThumbnail_OOD.uexp" 1311
"../../../Engine/Content/ArtTools/RenderToTexture/Meshes/S_1_Unit_Plane.ubulk" 1312
"../../../Engine/Content/ArtTools/RenderToTexture/Meshes/S_1_Unit_Plane.uasset" 1313
"../../../Engine/Content/ArtTools/RenderToTexture/Meshes/S_1_Unit_Plane.uexp" 1314
"../../../Engine/Content/EngineMaterials/Substrate/Glints2/AGlintTex2dArray2.uasset" 1315
"../../../Engine/Content/EngineMaterials/Substrate/Glints2/AGlintTex2dArray2.uexp" 1316
"../../../Engine/Content/EditorMeshes/Camera/SM_CraneRig_Arm.ubulk" 1317
"../../../Engine/Content/EditorMeshes/Camera/SM_CraneRig_Arm.uasset" 1318
"../../../Engine/Content/EditorMeshes/Camera/SM_CraneRig_Arm.uexp" 1319
"../../../Engine/Content/EditorMeshes/Camera/SM_CraneRig_Base.ubulk" 1320
"../../../Engine/Content/EditorMeshes/Camera/SM_CraneRig_Base.uasset" 1321
"../../../Engine/Content/EditorMeshes/Camera/SM_CraneRig_Base.uexp" 1322
"../../../Engine/Content/EditorMeshes/Camera/SM_CraneRig_Body.ubulk" 1323
"../../../Engine/Content/EditorMeshes/Camera/SM_CraneRig_Body.uasset" 1324
"../../../Engine/Content/EditorMeshes/Camera/SM_CraneRig_Body.uexp" 1325
"../../../Engine/Content/EditorMeshes/Camera/SM_CraneRig_Mount.ubulk" 1326
"../../../Engine/Content/EditorMeshes/Camera/SM_CraneRig_Mount.uasset" 1327
"../../../Engine/Content/EditorMeshes/Camera/SM_CraneRig_Mount.uexp" 1328
"../../../Engine/Content/EditorMeshes/Camera/SM_RailRig_Mount.ubulk" 1329
"../../../Engine/Content/EditorMeshes/Camera/SM_RailRig_Mount.uasset" 1330
"../../../Engine/Content/EditorMeshes/Camera/SM_RailRig_Mount.uexp" 1331
"../../../Engine/Content/Functions/Engine_MaterialFunctions01/Shading/ConvertFromDiffSpec.uasset" 1332
"../../../Engine/Content/Functions/Engine_MaterialFunctions01/Shading/ConvertFromDiffSpec.uexp" 1333
"../../../Engine/Content/Functions/Engine_MaterialFunctions01/Shading/PowerToRoughness.uasset" 1334
"../../../Engine/Content/Functions/Engine_MaterialFunctions01/Shading/PowerToRoughness.uexp" 1335
"../../../Engine/Content/EngineMaterials/Substrate/Volume/SubstrateSimpleVolumeEnvLUT3D.uasset" 1336
"../../../Engine/Content/EngineMaterials/Substrate/Volume/SubstrateSimpleVolumeEnvLUT3D.uexp" 1337
"../../../Engine/Content/EngineMaterials/Substrate/Volume/SubstrateSimpleVolumeLUT3D.uasset" 1338
"../../../Engine/Content/EngineMaterials/Substrate/Volume/SubstrateSimpleVolumeLUT3D.uexp" 1339
"../../../Engine/Plugins/2D/Paper2D/Content/DefaultSpriteMaterial.uasset" 1340
"../../../Engine/Plugins/2D/Paper2D/Content/DefaultSpriteMaterial.uexp" 1341
"../../../Engine/Plugins/2D/Paper2D/Content/MaskedUnlitSpriteMaterial.uasset" 1342
"../../../Engine/Plugins/2D/Paper2D/Content/MaskedUnlitSpriteMaterial.uexp" 1343
"../../../Engine/Plugins/2D/Paper2D/Content/OpaqueUnlitSpriteMaterial.uasset" 1344
"../../../Engine/Plugins/2D/Paper2D/Content/OpaqueUnlitSpriteMaterial.uexp" 1345
"../../../Engine/Plugins/Animation/ControlRig/Content/M_Manip.uasset" 1346
"../../../Engine/Plugins/Animation/ControlRig/Content/M_Manip.uexp" 1347
"../../../Engine/Plugins/Media/MediaPlate/Content/SM_MediaPlateScreen.ubulk" 1348
"../../../Engine/Plugins/Media/MediaPlate/Content/SM_MediaPlateScreen.uasset" 1349
"../../../Engine/Plugins/Media/MediaPlate/Content/SM_MediaPlateScreen.uexp" 1350
"../../../Engine/Plugins/NNE/NNEDenoiser/Content/NNEDIM_ColorAlbedoNormal_Alpha.uasset" 1351
"../../../Engine/Plugins/NNE/NNEDenoiser/Content/NNEDIM_ColorAlbedoNormal_Alpha.uexp" 1352
"../../../Engine/Plugins/NNE/NNEDenoiser/Content/NNEDIM_ColorAlbedoNormal_Default.uasset" 1353
"../../../Engine/Plugins/NNE/NNEDenoiser/Content/NNEDIM_ColorAlbedoNormal_Default.uexp" 1354
"../../../Engine/Plugins/NNE/NNEDenoiser/Content/NNEDIM_HighQuality_Alpha.uasset" 1355
"../../../Engine/Plugins/NNE/NNEDenoiser/Content/NNEDIM_HighQuality_Alpha.uexp" 1356
"../../../Engine/Plugins/NNE/NNEDenoiser/Content/NNEDIM_HighQuality_Default.uasset" 1357
"../../../Engine/Plugins/NNE/NNEDenoiser/Content/NNEDIM_HighQuality_Default.uexp" 1358
"../../../Engine/Plugins/NNE/NNEDenoiser/Content/NNEDOM_Output_Alpha.uasset" 1359
"../../../Engine/Plugins/NNE/NNEDenoiser/Content/NNEDOM_Output_Alpha.uexp" 1360
"../../../Engine/Plugins/NNE/NNEDenoiser/Content/NNEDOM_Output_Default.uasset" 1361
"../../../Engine/Plugins/NNE/NNEDenoiser/Content/NNEDOM_Output_Default.uexp" 1362
"../../../Engine/Plugins/NNE/NNEDenoiser/Content/NNEDTIM_ColorAlbedoNormal_Alpha.uasset" 1363
"../../../Engine/Plugins/NNE/NNEDenoiser/Content/NNEDTIM_ColorAlbedoNormal_Alpha.uexp" 1364
"../../../Engine/Plugins/NNE/NNEDenoiser/Content/NNEDTIM_ColorAlbedoNormal_Default.uasset" 1365
"../../../Engine/Plugins/NNE/NNEDenoiser/Content/NNEDTIM_ColorAlbedoNormal_Default.uexp" 1366
"../../../Engine/Plugins/NNE/NNEDenoiser/Content/NNEDTOM_Output_Alpha.uasset" 1367
"../../../Engine/Plugins/NNE/NNEDenoiser/Content/NNEDTOM_Output_Alpha.uexp" 1368
"../../../Engine/Plugins/NNE/NNEDenoiser/Content/NNEDTOM_Output_Default.uasset" 1369
"../../../Engine/Plugins/NNE/NNEDenoiser/Content/NNEDTOM_Output_Default.uexp" 1370
"../../../Engine/Plugins/NNE/NNEDenoiser/Content/NNEDT_Oidn2-3_Balanced.uasset" 1371
"../../../Engine/Plugins/NNE/NNEDenoiser/Content/NNEDT_Oidn2-3_Balanced.uexp" 1372
"../../../Engine/Plugins/NNE/NNEDenoiser/Content/NNEDT_Oidn2-3_Balanced_Alpha.uasset" 1373
"../../../Engine/Plugins/NNE/NNEDenoiser/Content/NNEDT_Oidn2-3_Balanced_Alpha.uexp" 1374
"../../../Engine/Plugins/NNE/NNEDenoiser/Content/NNED_Oidn2-3_Balanced.uasset" 1375
"../../../Engine/Plugins/NNE/NNEDenoiser/Content/NNED_Oidn2-3_Balanced.uexp" 1376
"../../../Engine/Plugins/NNE/NNEDenoiser/Content/NNED_Oidn2-3_Balanced_Alpha.uasset" 1377
"../../../Engine/Plugins/NNE/NNEDenoiser/Content/NNED_Oidn2-3_Balanced_Alpha.uexp" 1378
"../../../Engine/Plugins/NNE/NNEDenoiser/Content/NNED_Oidn2-3_Fast.uasset" 1379
"../../../Engine/Plugins/NNE/NNEDenoiser/Content/NNED_Oidn2-3_Fast.uexp" 1380
"../../../Engine/Plugins/NNE/NNEDenoiser/Content/NNED_Oidn2-3_Fast_Alpha.uasset" 1381
"../../../Engine/Plugins/NNE/NNEDenoiser/Content/NNED_Oidn2-3_Fast_Alpha.uexp" 1382
"../../../Engine/Plugins/NNE/NNEDenoiser/Content/NNED_Oidn2-3_HighQuality.uasset" 1383
"../../../Engine/Plugins/NNE/NNEDenoiser/Content/NNED_Oidn2-3_HighQuality.uexp" 1384
"../../../Engine/Plugins/NNE/NNEDenoiser/Content/NNED_Oidn2-3_HighQuality_Alpha.uasset" 1385
"../../../Engine/Plugins/NNE/NNEDenoiser/Content/NNED_Oidn2-3_HighQuality_Alpha.uexp" 1386
"../../../Engine/Plugins/NNE/NNEDenoiser/Content/NNE_oidn2-3-0_rt_hdr_alb_nrm_small__dyn__fp16_opset11_DenoiseAlpha.uasset" 1387
"../../../Engine/Plugins/NNE/NNEDenoiser/Content/NNE_oidn2-3-0_rt_hdr_alb_nrm_small__dyn__fp16_opset11_DenoiseAlpha.uexp" 1388
"../../../Engine/Plugins/NNE/NNEDenoiser/Content/NNE_oidn2-3-0_rt_hdr_alb_nrm_small__dyn__fp16_opset11_ForwardAlpha.uasset" 1389
"../../../Engine/Plugins/NNE/NNEDenoiser/Content/NNE_oidn2-3-0_rt_hdr_alb_nrm_small__dyn__fp16_opset11_ForwardAlpha.uexp" 1390
"../../../Engine/Plugins/NNE/NNEDenoiser/Content/NNE_oidn2-3-0_rt_hdr_alb_nrm__dyn__fp16_opset11_DenoiseAlpha.uasset" 1391
"../../../Engine/Plugins/NNE/NNEDenoiser/Content/NNE_oidn2-3-0_rt_hdr_alb_nrm__dyn__fp16_opset11_DenoiseAlpha.uexp" 1392
"../../../Engine/Plugins/NNE/NNEDenoiser/Content/NNE_oidn2-3-0_rt_hdr_alb_nrm__dyn__fp16_opset11_ForwardAlpha.uasset" 1393
"../../../Engine/Plugins/NNE/NNEDenoiser/Content/NNE_oidn2-3-0_rt_hdr_alb_nrm__dyn__fp16_opset11_ForwardAlpha.uexp" 1394
"../../../Engine/Plugins/NNE/NNEDenoiser/Content/NNE_oidn2-3-0_rt_hdr_calb_cnrm_large__dyn__fp16_opset11_DenoiseAlpha.uasset" 1395
"../../../Engine/Plugins/NNE/NNEDenoiser/Content/NNE_oidn2-3-0_rt_hdr_calb_cnrm_large__dyn__fp16_opset11_DenoiseAlpha.uexp" 1396
"../../../Engine/Plugins/NNE/NNEDenoiser/Content/NNE_oidn2-3-0_rt_hdr_calb_cnrm_large__dyn__fp16_opset11_ForwardAlpha.uasset" 1397
"../../../Engine/Plugins/NNE/NNEDenoiser/Content/NNE_oidn2-3-0_rt_hdr_calb_cnrm_large__dyn__fp16_opset11_ForwardAlpha.uexp" 1398
"../../../Engine/Content/BasicShapes/Cone.ubulk" 1399
"../../../Engine/Content/BasicShapes/Cone.uasset" 1400
"../../../Engine/Content/BasicShapes/Cone.uexp" 1401
"../../../Engine/Content/BasicShapes/Cube.ubulk" 1402
"../../../Engine/Content/BasicShapes/Cube.uasset" 1403
"../../../Engine/Content/BasicShapes/Cube.uexp" 1404
"../../../Engine/Content/BasicShapes/Cylinder.ubulk" 1405
"../../../Engine/Content/BasicShapes/Cylinder.uasset" 1406
"../../../Engine/Content/BasicShapes/Cylinder.uexp" 1407
"../../../Engine/Content/BasicShapes/Plane.ubulk" 1408
"../../../Engine/Content/BasicShapes/Plane.uasset" 1409
"../../../Engine/Content/BasicShapes/Plane.uexp" 1410
"../../../Engine/Content/Maps/Entry_BuiltData.uasset" 1411
"../../../Engine/Content/Maps/Entry_BuiltData.uexp" 1412
"../../../Engine/Content/Maps/Entry.uexp" 1413
"../../../Engine/Content/Maps/Entry.umap" 1414
"C:/Users/Ali imran/Documents/GitHub/SpaceRatTestBP/Content/UiMap/IMG_5705.uasset" 1415
"C:/Users/Ali imran/Documents/GitHub/SpaceRatTestBP/Content/UiMap/IMG_5705.uexp" 1416
"C:/Users/Ali imran/Documents/GitHub/SpaceRatTestBP/Content/UiMap/MainMenu.uasset" 1417
"C:/Users/Ali imran/Documents/GitHub/SpaceRatTestBP/Content/UiMap/MainMenu.uexp" 1418
"C:/Users/Ali imran/Documents/GitHub/SpaceRatTestBP/Content/MainMenuMap.uexp" 1419
"C:/Users/Ali imran/Documents/GitHub/SpaceRatTestBP/Content/MainMenuMap.umap" 1420
