"C:/Users/Ali imran/Documents/GitHub/SpaceRatTestBP/SpaceRatTestBP.uproject" 1
"../../../Engine/Plugins/ChaosInsights/ChaosInsights.uplugin" 2
"../../../Engine/Plugins/AudioInsights/AudioInsights.uplugin" 3
"../../../Engine/Plugins/AudioGameplayVolume/AudioGameplayVolume.uplugin" 4
"../../../Engine/Plugins/BlueprintFileUtils/BlueprintFileUtils.uplugin" 5
"../../../Engine/Plugins/BaseMaterial/BaseMaterial.uplugin" 6
"../../../Engine/Plugins/Bridge/Bridge.uplugin" 7
"../../../Engine/Plugins/ChaosCloth/ChaosCloth.uplugin" 8
"../../../Engine/Plugins/ChaosClothAsset/ChaosClothAsset.uplugin" 9
"../../../Engine/Plugins/AudioGameplay/AudioGameplay.uplugin" 10
"../../../Engine/Plugins/ChaosVD/ChaosVD.uplugin" 11
"../../../Engine/Plugins/ChaosClothAssetEditor/ChaosClothAssetEditor.uplugin" 12
"../../../Engine/Plugins/Chooser/Chooser.uplugin" 13
"../../../Engine/Plugins/DiscoveryBeaconReceiver/DiscoveryBeaconReceiver.uplugin" 14
"../../../Engine/Plugins/EnhancedInput/EnhancedInput.uplugin" 15
"../../../Engine/Plugins/Fab/Fab.uplugin" 16
"../../../Engine/Plugins/LightWeightInstancesEditor/LightWeightInstancesEditor.uplugin" 17
"../../../Engine/Plugins/JsonBlueprintUtilities/JsonBlueprintUtilities.uplugin" 18
"../../../Engine/Plugins/IoStoreInsights/IoStoreInsights.uplugin" 19
"../../../Engine/Plugins/CmdLinkServer/CmdLinkServer.uplugin" 20
"../../../Engine/Plugins/MeshPainting/MeshPainting.uplugin" 21
"../../../Engine/Plugins/MassInsights/MassInsights.uplugin" 22
"../../../Engine/Plugins/FastBuildController/FastBuildController.uplugin" 23
"../../../Engine/Plugins/Mutable/Mutable.uplugin" 24
"../../../Engine/Plugins/RenderGraphInsights/RenderGraphInsights.uplugin" 25
"../../../Engine/Plugins/MemoryUsageQueries/MemoryUsageQueries.uplugin" 26
"../../../Engine/Plugins/TextureGraph/TextureGraph.uplugin" 27
"../../../Engine/Plugins/UbaController/UbaController.uplugin" 28
"../../../Engine/Plugins/ScriptPlugin/ScriptPlugin.uplugin" 29
"../../../Engine/Plugins/Cameras/GameplayCameras/GameplayCameras.uplugin" 30
"../../../Engine/Plugins/PCG/PCG.uplugin" 31
"../../../Engine/Plugins/TraceUtilities/TraceUtilities.uplugin" 32
"../../../Engine/Plugins/AI/EnvironmentQueryEditor/EnvironmentQueryEditor.uplugin" 33
"../../../Engine/Plugins/WorldMetrics/WorldMetrics.uplugin" 34
"../../../Engine/Plugins/XGEController/XGEController.uplugin" 35
"../../../Engine/Plugins/FX/Cascade/Cascade.uplugin" 36
"../../../Engine/Plugins/Cameras/EngineCameras/EngineCameras.uplugin" 37
"../../../Engine/Plugins/AI/AISupport/AISupport.uplugin" 38
"../../../Engine/Plugins/FX/CascadeToNiagaraConverter/CascadeToNiagaraConverter.uplugin" 39
"../../../Engine/Plugins/AI/HTNPlanner/HTNPlanner.uplugin" 40
"../../../Engine/Plugins/Cameras/CameraShakePreviewer/CameraShakePreviewer.uplugin" 41
"../../../Engine/Plugins/Messaging/UdpMessaging/UdpMessaging.uplugin" 42
"../../../Engine/Plugins/AI/MassCrowd/MassCrowd.uplugin" 43
"../../../Engine/Plugins/FX/NiagaraFluids/NiagaraFluids.uplugin" 44
"../../../Engine/Plugins/AI/MLAdapter/MLAdapter.uplugin" 45
"../../../Engine/Plugins/AI/MassAI/MassAI.uplugin" 46
"../../../Engine/Plugins/FX/ExampleCustomDataInterface/ExampleCustomDataInterface.uplugin" 47
"../../../Engine/Plugins/Messaging/TcpMessaging/TcpMessaging.uplugin" 48
"../../../Engine/Plugins/FX/NiagaraNanite/NiagaraNanite.uplugin" 49
"../../../Engine/Plugins/Messaging/MessagingDebugger/MessagingDebugger.uplugin" 50
"../../../Engine/Plugins/FX/Niagara/Niagara.uplugin" 51
"../../../Engine/Plugins/FX/NiagaraSimCaching/NiagaraSimCaching.uplugin" 52
"../../../Engine/Plugins/FX/NiagaraPreviewContent/NiagaraPreviewContent.uplugin" 53
"../../../Engine/Plugins/Slate/SlateScripting/SlateScripting.uplugin" 54
"../../../Engine/Plugins/Slate/SlateInsights/SlateInsights.uplugin" 55
"../../../Engine/Plugins/Importers/USDImporterMDL/USDImporterMDL.uplugin" 56
"../../../Engine/Plugins/Importers/AlembicHairImporter/AlembicHairImporter.uplugin" 57
"../../../Engine/Plugins/Importers/AlembicImporter/AlembicImporter.uplugin" 58
"../../../Engine/Plugins/FX/NiagaraMRQ/NiagaraMRQ.uplugin" 59
"../../../Engine/Plugins/Importers/USDImporter/USDImporter.uplugin" 60
"../../../Engine/Plugins/PCGInterops/PCGPythonInterop/PCGPythonInterop.uplugin" 61
"../../../Engine/Plugins/MetaHuman/MetaHumanCalibrationProcessing/MetaHumanCalibrationProcessing.uplugin" 62
"../../../Engine/Plugins/MetaHuman/MetaHumanAnimator/MetaHuman.uplugin" 63
"../../../Engine/Plugins/Compositing/CompositeCore/CompositeCore.uplugin" 64
"../../../Engine/Plugins/MetaHuman/MetaHumanSDK/MetaHumanSDK.uplugin" 65
"../../../Engine/Plugins/MetaHuman/MetaHumanCoreTechLib/MetaHumanCoreTech.uplugin" 66
"../../../Engine/Plugins/Enterprise/AxFImporter/AxFImporter.uplugin" 67
"../../../Engine/Plugins/MetaHuman/MetaHumanLiveLink/MetaHumanLiveLink.uplugin" 68
"../../../Engine/Plugins/MetaHuman/MetaHumanCharacter/MetaHumanCharacter.uplugin" 69
"../../../Engine/Plugins/Compositing/HoldoutComposite/HoldoutComposite.uplugin" 70
"../../../Engine/Plugins/Importers/USDMultiUser/USDMultiUser.uplugin" 71
"../../../Engine/Plugins/Compositing/OpenColorIO/OpenColorIO.uplugin" 72
"../../../Engine/Plugins/Compositing/LensDistortion/LensDistortion.uplugin" 73
"../../../Engine/Plugins/Compositing/Composure/Composure.uplugin" 74
"../../../Engine/Plugins/Compositing/OpenCVLensDistortion/OpenCVLensDistortion.uplugin" 75
"../../../Engine/Plugins/PCGInterops/PCGGeometryScriptInterop/PCGGeometryScriptInterop.uplugin" 76
"../../../Engine/Plugins/Compositing/Composite/Composite.uplugin" 77
"../../../Engine/Plugins/Enterprise/DatasmithFBXImporter/DatasmithFBXImporter.uplugin" 78
"../../../Engine/Plugins/Enterprise/DataprepEditor/DataprepEditor.uplugin" 79
"../../../Engine/Plugins/Enterprise/DatasmithContent/DatasmithContent.uplugin" 80
"../../../Engine/Plugins/Enterprise/DatasmithC4DImporter/DatasmithC4DImporter.uplugin" 81
"../../../Engine/Plugins/Enterprise/DatasmithCADImporter/DatasmithCADImporter.uplugin" 82
"../../../Engine/Plugins/PCGInterops/PCGExternalDataInterop/PCGExternalDataInterop.uplugin" 83
"../../../Engine/Plugins/Enterprise/LidarPointCloud/LidarPointCloud.uplugin" 84
"../../../Engine/Plugins/Enterprise/VariantManagerContent/VariantManagerContent.uplugin" 85
"../../../Engine/Plugins/Enterprise/GLTFExporter/GLTFExporter.uplugin" 86
"../../../Engine/Plugins/MovieScene/ActorSequence/ActorSequence.uplugin" 87
"../../../Engine/Plugins/Protocols/MQTT/MQTT.uplugin" 88
"../../../Engine/Plugins/Enterprise/VariantManager/VariantManager.uplugin" 89
"../../../Engine/Plugins/Enterprise/DatasmithImporter/DatasmithImporter.uplugin" 90
"../../../Engine/Plugins/Interchange/Editor/InterchangeEditor.uplugin" 91
"../../../Engine/Plugins/Interchange/Assets/InterchangeAssets.uplugin" 92
"../../../Engine/Plugins/Interchange/Runtime/Interchange.uplugin" 93
"../../../Engine/Plugins/MovieScene/LevelSequenceEditor/LevelSequenceEditor.uplugin" 94
"../../../Engine/Plugins/Enterprise/MDLImporter/MDLImporter.uplugin" 95
"../../../Engine/Plugins/MovieScene/MovieRenderPipeline/MovieRenderPipeline.uplugin" 96
"../../../Engine/Plugins/Performance/AutomatedPerfTesting/AutomatedPerfTesting.uplugin" 97
"../../../Engine/Plugins/MovieScene/MovieSceneTextTrack/MovieSceneTextTrack.uplugin" 98
"../../../Engine/Plugins/MovieScene/ReplayTracks/ReplayTracks.uplugin" 99
"../../../Engine/Plugins/MovieScene/MoviePipelineMaskRenderPass/MoviePipelineMaskRenderPass.uplugin" 100
"../../../Engine/Plugins/MovieScene/CustomizableSequencerTracks/CustomizableSequencerTracks.uplugin" 101
"../../../Engine/Plugins/MovieScene/SequenceValidator/SequenceValidator.uplugin" 102
"../../../Engine/Plugins/Performance/PerformanceMonitor/PerformanceMonitor.uplugin" 103
"../../../Engine/Plugins/Developer/AnimationSharing/AnimationSharing.uplugin" 104
"../../../Engine/Plugins/Developer/BlankPlugin/BlankPlugin.uplugin" 105
"../../../Engine/Plugins/Developer/CLionSourceCodeAccess/CLionSourceCodeAccess.uplugin" 106
"../../../Engine/Plugins/Web/HttpBlueprint/HttpBlueprint.uplugin" 107
"../../../Engine/Plugins/Developer/GitSourceControl/GitSourceControl.uplugin" 108
"../../../Engine/Plugins/MovieScene/SequencerScripting/SequencerScripting.uplugin" 109
"../../../Engine/Plugins/MovieScene/TemplateSequence/TemplateSequence.uplugin" 110
"../../../Engine/Plugins/Developer/DumpGPUServices/DumpGPUServices.uplugin" 111
"../../../Engine/Plugins/Developer/GPUReshape/GPUReshape.uplugin" 112
"../../../Engine/Plugins/Developer/DirectoryPlaceholder/DirectoryPlaceholder.uplugin" 113
"../../../Engine/Plugins/Developer/PluginUtils/PluginUtils.uplugin" 114
"../../../Engine/Plugins/Developer/CodeLiteSourceCodeAccess/CodeLiteSourceCodeAccess.uplugin" 115
"../../../Engine/Plugins/Developer/FieldNotificationTrace/FieldNotificationTrace.uplugin" 116
"../../../Engine/Plugins/Developer/KDevelopSourceCodeAccess/KDevelopSourceCodeAccess.uplugin" 117
"../../../Engine/Plugins/Developer/N10XSourceCodeAccess/N10XSourceCodeAccess.uplugin" 118
"../../../Engine/Plugins/Developer/RenderDocPlugin/RenderDocPlugin.uplugin" 119
"../../../Engine/Plugins/Developer/SubversionSourceControl/SubversionSourceControl.uplugin" 120
"../../../Engine/Plugins/Developer/NamingTokens/NamingTokens.uplugin" 121
"../../../Engine/Plugins/Developer/NullSourceCodeAccess/NullSourceCodeAccess.uplugin" 122
"../../../Engine/Plugins/Developer/PropertyAccessNode/PropertyAccessNode.uplugin" 123
"../../../Engine/Plugins/Developer/PixWinPlugin/PixWinPlugin.uplugin" 124
"../../../Engine/Plugins/Developer/ProjectLauncher/ProjectLauncher.uplugin" 125
"../../../Engine/Plugins/NetcodeUnitTest/NetcodeUnitTest/NetcodeUnitTest.uplugin" 126
"../../../Engine/Plugins/Developer/PlasticSourceControl/PlasticSourceControl.uplugin" 127
"../../../Engine/Plugins/Developer/OneSkyLocalizationService/OneSkyLocalizationService.uplugin" 128
"../../../Engine/Plugins/Developer/PerforceSourceControl/PerforceSourceControl.uplugin" 129
"../../../Engine/Plugins/Developer/RiderSourceCodeAccess/RiderSourceCodeAccess.uplugin" 130
"../../../Engine/Plugins/Portal/LauncherChunkInstaller/LauncherChunkInstaller.uplugin" 131
"../../../Engine/Plugins/Developer/TextureFormatOodle/TextureFormatOodle.uplugin" 132
"../../../Engine/Plugins/Developer/VisualStudioCodeSourceCodeAccess/VisualStudioCodeSourceCodeAccess.uplugin" 133
"../../../Engine/Plugins/Developer/VisualStudioSourceCodeAccess/VisualStudioSourceCodeAccess.uplugin" 134
"../../../Engine/Plugins/Developer/UObjectPlugin/UObjectPlugin.uplugin" 135
"../../../Engine/Plugins/Tests/AudioCQTests/AudioCQTests.uplugin" 136
"../../../Engine/Plugins/Developer/TraceSourceFiltering/TraceSourceFilters.uplugin" 137
"../../../Engine/Plugins/Tests/CQTest/CQTest.uplugin" 138
"../../../Engine/Plugins/Developer/XCodeSourceCodeAccess/XCodeSourceCodeAccess.uplugin" 139
"../../../Engine/Plugins/Developer/XcodeGPUDebuggerPlugin/XcodeGPUDebuggerPlugin.uplugin" 140
"../../../Engine/Plugins/Tests/AutomationDriverTests/AutomationDriverTests.uplugin" 141
"../../../Engine/Plugins/Tests/EditorTests/EditorTests.uplugin" 142
"../../../Engine/Plugins/NetcodeUnitTest/NUTUnrealEngine/NUTUnrealEngine.uplugin" 143
"../../../Engine/Plugins/Tests/RuntimeTests/RuntimeTests.uplugin" 144
"../../../Engine/Plugins/Tests/PythonAutomationTest/PythonAutomationTest.uplugin" 145
"../../../Engine/Plugins/Tests/TestFramework/TestFramework.uplugin" 146
"../../../Engine/Plugins/Tests/FbxAutomationTestBuilder/FbxAutomationTestBuilder.uplugin" 147
"../../../Engine/Plugins/Tests/TestSamples/TestSamples.uplugin" 148
"../../../Engine/Plugins/Tests/CQTestEnhancedInput/CQTestEnhancedInput.uplugin" 149
"../../../Engine/Plugins/Experimental/ActorPalette/ActorPalette.uplugin" 150
"../../../Engine/Plugins/Tests/WidgetAutomationTests/WidgetAutomationTests.uplugin" 151
"../../../Engine/Plugins/Tests/RHITests/RHITests.uplugin" 152
"../../../Engine/Plugins/Tests/FunctionalTestingEditor/FunctionalTestingEditor.uplugin" 153
"../../../Engine/Plugins/Tests/InterchangeTests/InterchangeTests.uplugin" 154
"../../../Engine/Plugins/Tests/CQTestExperimental/CQTestExperimental.uplugin" 155
"../../../Engine/Plugins/Experimental/AdvancedRenamer/AdvancedRenamer.uplugin" 156
"../../../Engine/Plugins/Experimental/AvalancheDisplayCluster/AvalancheDisplayCluster.uplugin" 157
"../../../Engine/Plugins/Experimental/AbilitySystemGameFeatureActions/AbilitySystemGameFeatureActions.uplugin" 158
"../../../Engine/Plugins/Experimental/AutomationUtils/AutomationUtils.uplugin" 159
"../../../Engine/Plugins/Experimental/AIAssistant/AIAssistant.uplugin" 160
"../../../Engine/Plugins/Experimental/AnimToTexture/AnimToTexture.uplugin" 161
"../../../Engine/Plugins/Experimental/AsyncMessageSystemTests/AsyncMessageSystemTests.uplugin" 162
"../../../Engine/Plugins/Experimental/AsyncMessageSystem/AsyncMessageSystem.uplugin" 163
"../../../Engine/Plugins/Experimental/BackChannel/BackChannel.uplugin" 164
"../../../Engine/Plugins/Experimental/BlueprintStats/BlueprintStats.uplugin" 165
"../../../Engine/Plugins/Experimental/ChaosCachingUSD/ChaosCachingUSD.uplugin" 166
"../../../Engine/Plugins/Experimental/BlueprintSnapNodes/BlueprintSnapNodes.uplugin" 167
"../../../Engine/Plugins/Experimental/ChaosClothEditor/ChaosClothEditor.uplugin" 168
"../../../Engine/Plugins/Experimental/ChaosMover/ChaosMover.uplugin" 169
"../../../Engine/Plugins/Experimental/ChaosFlesh/ChaosFlesh.uplugin" 170
"../../../Engine/Plugins/Experimental/AvalancheSequenceNavigator/AvalancheSequenceNavigator.uplugin" 171
"../../../Engine/Plugins/Experimental/ChaosNiagara/ChaosNiagara.uplugin" 172
"../../../Engine/Plugins/Experimental/Buoyancy/Buoyancy.uplugin" 173
"../../../Engine/Plugins/Experimental/ChaosEditor/ChaosEditor.uplugin" 174
"../../../Engine/Plugins/Experimental/CelestialVault/CelestialVault.uplugin" 175
"../../../Engine/Plugins/Experimental/ChaosCaching/ChaosCaching.uplugin" 176
"../../../Engine/Plugins/Experimental/ChaosModularVehicle/ChaosModularVehicle.uplugin" 177
"../../../Engine/Plugins/Experimental/ChaosSolverPlugin/ChaosSolverPlugin.uplugin" 178
"../../../Engine/Plugins/Experimental/ChaosModularVehicleExamples/ChaosModularVehicleExamples.uplugin" 179
"../../../Engine/Plugins/Experimental/ChaosUserDataPT/ChaosUserDataPT.uplugin" 180
"../../../Engine/Plugins/Experimental/ChaosOutfitAsset/ChaosOutfitAsset.uplugin" 181
"../../../Engine/Plugins/Experimental/ChaosVehiclesPlugin/ChaosVehiclesPlugin.uplugin" 182
"../../../Engine/Plugins/Experimental/ChaosRigidAsset/ChaosRigidAsset.uplugin" 183
"../../../Engine/Plugins/Experimental/CharacterAI/CharacterAI.uplugin" 184
"../../../Engine/Plugins/Experimental/CineCameraRigs/CineCameraRigs.uplugin" 185
"../../../Engine/Plugins/Experimental/ControlFlows/ControlFlows.uplugin" 186
"../../../Engine/Plugins/Experimental/CinematicPrestreaming/CinematicPrestreaming.uplugin" 187
"../../../Engine/Plugins/Experimental/CodeView/CodeView.uplugin" 188
"../../../Engine/Plugins/Experimental/CodeEditor/CodeEditor.uplugin" 189
"../../../Engine/Plugins/Experimental/CineCameraSceneCapture/CineCameraSceneCapture.uplugin" 190
"../../../Engine/Plugins/Experimental/CommonConversation/CommonConversation.uplugin" 191
"../../../Engine/Plugins/Experimental/CinematicSequenceNavigator/CinematicSequenceNavigator.uplugin" 192
"../../../Engine/Plugins/Experimental/ColorCorrectRegions/ColorCorrectRegions.uplugin" 193
"../../../Engine/Plugins/Experimental/DaySequence/DaySequence.uplugin" 194
"../../../Engine/Plugins/Experimental/ControlRigPhysics/ControlRigPhysics.uplugin" 195
"../../../Engine/Plugins/Experimental/DefaultInstallBundleManager/DefaultInstallBundleManager.uplugin" 196
"../../../Engine/Plugins/Experimental/DynamicWind/DynamicWind.uplugin" 197
"../../../Engine/Plugins/Experimental/EditorDataStorageFeatures/EditorDataStorageFeatures.uplugin" 198
"../../../Engine/Plugins/Experimental/Dataflow/Dataflow.uplugin" 199
"../../../Engine/Plugins/Experimental/Gauntlet/Gauntlet.uplugin" 200
"../../../Engine/Plugins/Experimental/DrawDebugLibrary/DrawDebugLibrary.uplugin" 201
"../../../Engine/Plugins/Experimental/Fracture/Fracture.uplugin" 202
"../../../Engine/Plugins/Experimental/FloatingProperties/FloatingProperties.uplugin" 203
"../../../Engine/Plugins/Experimental/EditorTelemetry/EditorTelemetry.uplugin" 204
"../../../Engine/Plugins/Experimental/EditorDataStorage/EditorDataStorage.uplugin" 205
"../../../Engine/Plugins/Experimental/DynamicMaterialMediaStreamBridge/DynamicMaterialMediaStreamBridge.uplugin" 206
"../../../Engine/Plugins/Experimental/EditorPerformance/EditorPerformance.uplugin" 207
"../../../Engine/Plugins/Experimental/FastGeoStreaming/FastGeoStreaming.uplugin" 208
"../../../Engine/Plugins/Experimental/FullBodyIK/FullBodyIK.uplugin" 209
"../../../Engine/Plugins/Experimental/EvaluationNotifies/EvaluationNotifies.uplugin" 210
"../../../Engine/Plugins/Experimental/FieldSystemPlugin/FieldSystemPlugin.uplugin" 211
"../../../Engine/Plugins/Experimental/GameInputWindows/GameInputWindows.uplugin" 212
"../../../Engine/Plugins/Experimental/GameplayTargetingSystem/TargetingSystem.uplugin" 213
"../../../Engine/Plugins/Experimental/GeometryCacheAbcFile/GeometryCacheAbcFile.uplugin" 214
"../../../Engine/Plugins/Experimental/GeometryDataflow/GeometryDataflow.uplugin" 215
"../../../Engine/Plugins/Experimental/GameplayBehaviors/GameplayBehaviors.uplugin" 216
"../../../Engine/Plugins/Experimental/GeometryFlow/GeometryFlow.uplugin" 217
"../../../Engine/Plugins/Experimental/GizmoEdMode/GizmoEdMode.uplugin" 218
"../../../Engine/Plugins/Experimental/GameplayGraph/GameplayGraph.uplugin" 219
"../../../Engine/Plugins/Experimental/GeometryCollectionPlugin/GeometryCollectionPlugin.uplugin" 220
"../../../Engine/Plugins/Experimental/GizmoFramework/GizmoFramework.uplugin" 221
"../../../Engine/Plugins/Experimental/ImpostorBaker/ImpostorBaker.uplugin" 222
"../../../Engine/Plugins/Experimental/Iris/Iris.uplugin" 223
"../../../Engine/Plugins/Experimental/GeometryCacheLevelSequenceBaker/GeometryCacheLevelSequenceBaker.uplugin" 224
"../../../Engine/Plugins/Experimental/GPULightmass/GPULightmass.uplugin" 225
"../../../Engine/Plugins/Experimental/HairStrandsMutable/HairStrandsMutable.uplugin" 226
"../../../Engine/Plugins/Experimental/JWT/JWT.uplugin" 227
"../../../Engine/Plugins/Experimental/ImagePlate/ImagePlate.uplugin" 228
"../../../Engine/Plugins/Experimental/GlobalConfigurationData/GlobalConfigurationData.uplugin" 229
"../../../Engine/Plugins/Experimental/InEditorDocumentation/InEditorDocumentation.uplugin" 230
"../../../Engine/Plugins/Experimental/HairModelingToolset/HairModelingToolset.uplugin" 231
"../../../Engine/Plugins/Experimental/InstanceDataObjectFixupTool/InstanceDataObjectFixupTool.uplugin" 232
"../../../Engine/Plugins/Experimental/InteractionInterface/InteractionInterface.uplugin" 233
"../../../Engine/Plugins/Experimental/LowLevelNetTrace/LowLevelNetTrace.uplugin" 234
"../../../Engine/Plugins/Experimental/Landmass/Landmass.uplugin" 235
"../../../Engine/Plugins/Experimental/ImageWidgets/ImageWidgets.uplugin" 236
"../../../Engine/Plugins/Experimental/InlineMaterialInstance/InlineMaterialInstance.uplugin" 237
"../../../Engine/Plugins/Experimental/HairCardGenerator/HairCardGenerator.uplugin" 238
"../../../Engine/Plugins/Experimental/LevelSequenceNavigatorBridge/LevelSequenceNavigatorBridge.uplugin" 239
"../../../Engine/Plugins/Experimental/LiveLinkControlRig/LiveLinkControlRig.uplugin" 240
"../../../Engine/Plugins/Experimental/LearningAgents/LearningAgents.uplugin" 241
"../../../Engine/Plugins/Experimental/LiveLinkFaceImporter/LiveLinkFaceImporter.uplugin" 242
"../../../Engine/Plugins/Experimental/LocalizableMessage/LocalizableMessage.uplugin" 243
"../../../Engine/Plugins/Experimental/MediaStream/MediaStream.uplugin" 244
"../../../Engine/Plugins/Experimental/MLflow/MLflow.uplugin" 245
"../../../Engine/Plugins/Experimental/MeshResizing/MeshResizing.uplugin" 246
"../../../Engine/Plugins/Experimental/MoverTests/MoverTests.uplugin" 247
"../../../Engine/Plugins/Experimental/MovieSceneAnimMixer/MovieSceneAnimMixer.uplugin" 248
"../../../Engine/Plugins/Experimental/MotorSimOutputMotoSynth/MotorSimOutputMotoSynth.uplugin" 249
"../../../Engine/Plugins/Experimental/LiveLinkOpenVR/LiveLinkOpenVR.uplugin" 250
"../../../Engine/Plugins/Experimental/Mover/Mover.uplugin" 251
"../../../Engine/Plugins/Experimental/MeshModelingToolsetExp/MeshModelingToolsetExp.uplugin" 252
"../../../Engine/Plugins/Experimental/MoverExamples/MoverExamples.uplugin" 253
"../../../Engine/Plugins/Experimental/MotoSynth/MotoSynth.uplugin" 254
"../../../Engine/Plugins/Experimental/MetasoundExperimental/MetasoundExperimental.uplugin" 255
"../../../Engine/Plugins/Experimental/MoverIntegrations/MoverIntegrations.uplugin" 256
"../../../Engine/Plugins/Experimental/MovieScenePoseSearchTracks/MovieScenePoseSearchTracks.uplugin" 257
"../../../Engine/Plugins/Experimental/MutablePopulation/MutablePopulation.uplugin" 258
"../../../Engine/Plugins/Experimental/MutableClothing/MutableClothing.uplugin" 259
"../../../Engine/Plugins/Experimental/MoverAnimNext/MoverAnimNext.uplugin" 260
"../../../Engine/Plugins/Experimental/NaniteDisplacedMesh/NaniteDisplacedMesh.uplugin" 261
"../../../Engine/Plugins/Experimental/MutableDataflow/MutableDataflow.uplugin" 262
"../../../Engine/Plugins/Experimental/NFORDenoise/NFORDenoise.uplugin" 263
"../../../Engine/Plugins/Experimental/NNERuntimeBasicCpu/NNERuntimeBasicCpu.uplugin" 264
"../../../Engine/Plugins/Experimental/NaniteAssemblyEditorUtils/NaniteAssemblyEditorUtils.uplugin" 265
"../../../Engine/Plugins/Experimental/NeuralRendering/NeuralRendering.uplugin" 266
"../../../Engine/Plugins/Experimental/OpenImageDenoise/OpenImageDenoise.uplugin" 267
"../../../Engine/Plugins/Experimental/PanoramicCapture/PanoramicCapture.uplugin" 268
"../../../Engine/Plugins/Experimental/NNERuntimeIREE/NNERuntimeIREE.uplugin" 269
"../../../Engine/Plugins/Experimental/OptiXDenoise/OptiXDenoise.uplugin" 270
"../../../Engine/Plugins/Experimental/NNERuntimeCoreML/NNERuntimeCoreML.uplugin" 271
"../../../Engine/Plugins/Experimental/PCGBiomeCore/PCGBiomeCore.uplugin" 272
"../../../Engine/Plugins/Experimental/NNERuntimeRDG/NNERuntimeRDG.uplugin" 273
"../../../Engine/Plugins/Experimental/PCGBiomeSample/PCGBiomeSample.uplugin" 274
"../../../Engine/Plugins/Experimental/PhysicsControl/PhysicsControl.uplugin" 275
"../../../Engine/Plugins/Experimental/PixelStreamingPlayer/PixelStreamingPlayer.uplugin" 276
"../../../Engine/Plugins/Experimental/PlainProps/PlainProps.uplugin" 277
"../../../Engine/Plugins/Experimental/PlainPropsEngine/PlainPropsEngine.uplugin" 278
"../../../Engine/Plugins/Experimental/PlainPropsUObject/PlainPropsUObject.uplugin" 279
"../../../Engine/Plugins/Experimental/PlatformCrypto/PlatformCrypto.uplugin" 280
"../../../Engine/Plugins/Experimental/ProceduralVegetationEditor/ProceduralVegetationEditor.uplugin" 281
"../../../Engine/Plugins/Experimental/PlanarCutPlugin/PlanarCut.uplugin" 282
"../../../Engine/Plugins/Experimental/PluginTemplateTool/PluginTemplateTool.uplugin" 283
"../../../Engine/Plugins/Experimental/PluginAudit/PluginAudit.uplugin" 284
"../../../Engine/Plugins/Experimental/PluginReferenceViewer/PluginReferenceViewer.uplugin" 285
"../../../Engine/Plugins/Experimental/PostProcessMaterialChainGraph/PostProcessMaterialChainGraph.uplugin" 286
"../../../Engine/Plugins/Experimental/PSDImporterMaterialDesignerBridge/PSDImporterMaterialDesignerBridge.uplugin" 287
"../../../Engine/Plugins/Experimental/PythonMLPackages/PythonMLPackages.uplugin" 288
"../../../Engine/Plugins/Experimental/PSDImporter/PSDImporter.uplugin" 289
"../../../Engine/Plugins/Experimental/SecuritySandbox/SecuritySandbox.uplugin" 290
"../../../Engine/Plugins/Experimental/RemoteControlActorModifierBridge/RemoteControlActorModifierBridge.uplugin" 291
"../../../Engine/Plugins/Experimental/QuicMessaging/QuicMessaging.uplugin" 292
"../../../Engine/Plugins/Experimental/RazerChromaDevices/RazerChromaDevices.uplugin" 293
"../../../Engine/Plugins/Experimental/PythonScriptPlugin/PythonScriptPlugin.uplugin" 294
"../../../Engine/Plugins/Experimental/RuntimeTelemetry/RuntimeTelemetry.uplugin" 295
"../../../Engine/Plugins/Experimental/RemoteControlComponents/RemoteControlComponents.uplugin" 296
"../../../Engine/Plugins/Experimental/PythonFoundationPackages/PythonFoundationPackages.uplugin" 297
"../../../Engine/Plugins/Experimental/RemoteSession/RemoteSession.uplugin" 298
"../../../Engine/Plugins/Experimental/RawInput/RawInput.uplugin" 299
"../../../Engine/Plugins/Experimental/RenderGrid/RenderGrid.uplugin" 300
"../../../Engine/Plugins/Experimental/RigLogicUAF/RigLogicUAF.uplugin" 301
"../../../Engine/Plugins/Experimental/ScreenReader/ScreenReader.uplugin" 302
"../../../Engine/Plugins/Experimental/RigLogicMutable/RigLogicMutable.uplugin" 303
"../../../Engine/Plugins/Experimental/SimpleHMD/SimpleHMD.uplugin" 304
"../../../Engine/Plugins/Experimental/SlateIM/SlateIM.uplugin" 305
"../../../Engine/Plugins/Experimental/Shotgrid/Shotgrid.uplugin" 306
"../../../Engine/Plugins/Experimental/SerializationUtils/SerializationUtils.uplugin" 307
"../../../Engine/Plugins/Experimental/SkeletalReduction/SkeletalReduction.uplugin" 308
"../../../Engine/Plugins/Experimental/StructUtils/StructUtils.uplugin" 309
"../../../Engine/Plugins/Experimental/Tensorboard/Tensorboard.uplugin" 310
"../../../Engine/Plugins/Experimental/StateGraph/StateGraph.uplugin" 311
"../../../Engine/Plugins/Experimental/SequenceNavigator/SequenceNavigator.uplugin" 312
"../../../Engine/Plugins/Experimental/SlateScreenReader/SlateScreenReader.uplugin" 313
"../../../Engine/Plugins/Experimental/SlateModelViewViewModel/SlateModelViewViewModel.uplugin" 314
"../../../Engine/Plugins/Experimental/SubtitlesAndClosedCaptions/SubtitlesAndClosedCaptions.uplugin" 315
"../../../Engine/Plugins/Experimental/UIFramework/UIFramework.uplugin" 316
"../../../Engine/Plugins/Experimental/TargetDeviceServicesScripting/TargetDeviceServicesScripting.uplugin" 317
"../../../Engine/Plugins/Experimental/SurfaceEffects/SurfaceEffects.uplugin" 318
"../../../Engine/Plugins/Experimental/ToolPresets/ToolPresets.uplugin" 319
"../../../Engine/Plugins/Experimental/UserToolBoxBasicCommand/UserToolBoxBasicCommand.uplugin" 320
"../../../Engine/Plugins/Experimental/UserToolBoxCore/UserToolBoxCore.uplugin" 321
"../../../Engine/Plugins/Experimental/SpatialReadiness/SpatialReadiness.uplugin" 322
"../../../Engine/Plugins/Experimental/SubmitToolEditor/SubmitToolEditor.uplugin" 323
"../../../Engine/Plugins/Experimental/WaterExtras/WaterExtras.uplugin" 324
"../../../Engine/Plugins/Experimental/TextToSpeech/TextToSpeech.uplugin" 325
"../../../Engine/Plugins/Experimental/TetMeshing/TetMeshing.uplugin" 326
"../../../Engine/Plugins/Experimental/Water/Water.uplugin" 327
"../../../Engine/Plugins/Experimental/TechAudioTools/TechAudioTools.uplugin" 328
"../../../Engine/Plugins/Experimental/Volumetrics/Volumetrics.uplugin" 329
"../../../Engine/Plugins/Experimental/WebSocketNetworking/WebSocketNetworking.uplugin" 330
"../../../Engine/Plugins/Experimental/WidgetEditorToolPalette/WidgetEditorToolPalette.uplugin" 331
"../../../Engine/Plugins/Experimental/VirtualHeightfieldMesh/VirtualHeightfieldMesh.uplugin" 332
"../../../Engine/Plugins/Experimental/XRCreativeFramework/XRCreativeFramework.uplugin" 333
"../../../Engine/Plugins/Experimental/VirtualProductionUtilities/VirtualProductionUtilities.uplugin" 334
"../../../Engine/Plugins/Experimental/Workspace/Workspace.uplugin" 335
"../../../Engine/Plugins/Experimental/WaterAdvanced/WaterAdvanced.uplugin" 336
"../../../Engine/Plugins/Media/AjaMedia/AjaMedia.uplugin" 337
"../../../Engine/Plugins/Experimental/WaveFunctionCollapse/WaveFunctionCollapse.uplugin" 338
"../../../Engine/Plugins/Experimental/WebSocketMessaging/WebSocketMessaging.uplugin" 339
"../../../Engine/Plugins/Media/AvidDNxMedia/AvidDNxMedia.uplugin" 340
"../../../Engine/Plugins/Media/AndroidMedia/AndroidMedia.uplugin" 341
"../../../Engine/Plugins/Media/AndroidCamera/AndroidCamera.uplugin" 342
"../../../Engine/Plugins/Media/AppleProResMedia/AppleProResMedia.uplugin" 343
"../../../Engine/Plugins/Media/AudioCaptureTimecodeProvider/AudioCaptureTimecodeProvider.uplugin" 344
"../../../Engine/Plugins/Media/AvfMedia/AvfMedia.uplugin" 345
"../../../Engine/Plugins/Media/D3D12VideoDecodersElectra/D3D12VideoDecodersElectra.uplugin" 346
"../../../Engine/Plugins/Media/BinkMedia/BinkMedia.uplugin" 347
"../../../Engine/Plugins/Media/ElectraSubtitles/ElectraSubtitles.uplugin" 348
"../../../Engine/Plugins/Media/AppleProResDecoderElectra/AppleProResDecoderElectra.uplugin" 349
"../../../Engine/Plugins/Media/AvidDNxHDDecoderElectra/AvidDNxHDDecoderElectra.uplugin" 350
"../../../Engine/Plugins/Media/BlackmagicMedia/BlackmagicMedia.uplugin" 351
"../../../Engine/Plugins/Media/ElectraCDM/ElectraCDM.uplugin" 352
"../../../Engine/Plugins/Media/ElectraUtil/ElectraUtil.uplugin" 353
"../../../Engine/Plugins/Media/ElectraPlayer/ElectraPlayer.uplugin" 354
"../../../Engine/Plugins/Media/ElectraCodecs/ElectraCodecs.uplugin" 355
"../../../Engine/Plugins/Media/HAPMedia/HAPMedia.uplugin" 356
"../../../Engine/Plugins/Media/ImgMedia/ImgMedia.uplugin" 357
"../../../Engine/Plugins/Media/FlacDecoderElectra/FlacDecoderElectra.uplugin" 358
"../../../Engine/Plugins/Media/MediaFrameworkUtilities/MediaFrameworkUtilities.uplugin" 359
"../../../Engine/Plugins/Media/LinearTimecode/LinearTimecode.uplugin" 360
"../../../Engine/Plugins/Media/HAPDecoderElectra/HAPDecoderElectra.uplugin" 361
"../../../Engine/Plugins/Media/MediaMovieStreamer/MediaMovieStreamer.uplugin" 362
"../../../Engine/Plugins/Media/MediaIOFramework/MediaIOFramework.uplugin" 363
"../../../Engine/Plugins/Media/HardwareEncoders/HardwareEncoders.uplugin" 364
"../../../Engine/Plugins/Media/MediaViewer/MediaViewer.uplugin" 365
"../../../Engine/Plugins/Media/MediaCompositing/MediaCompositing.uplugin" 366
"../../../Engine/Plugins/Media/MediaPlayerEditor/MediaPlayerEditor.uplugin" 367
"../../../Engine/Plugins/Media/PixelStreaming/PixelStreaming.uplugin" 368
"../../../Engine/Plugins/Media/MfMedia/MfMedia.uplugin" 369
"../../../Engine/Plugins/Media/PixelStreaming2/PixelStreaming2.uplugin" 370
"../../../Engine/Plugins/Media/TimecodeSynchronizer/TimecodeSynchronizer.uplugin" 371
"../../../Engine/Plugins/Media/OpusDecoderElectra/OpusDecoderElectra.uplugin" 372
"../../../Engine/Plugins/Media/PixelCapture/PixelCapture.uplugin" 373
"../../../Engine/Plugins/Runtime/ADM/ADM.uplugin" 374
"../../../Engine/Plugins/Media/VPxDecoderElectra/VPxDecoderElectra.uplugin" 375
"../../../Engine/Plugins/Media/WmfMedia/WmfMedia.uplugin" 376
"../../../Engine/Plugins/Media/MJPEGDecoderElectra/MJPEGDecoderElectra.uplugin" 377
"../../../Engine/Plugins/Runtime/ActorLayerUtilities/ActorLayerUtilities.uplugin" 378
"../../../Engine/Plugins/Runtime/AndroidBackgroundService/AndroidBackgroundService.uplugin" 379
"../../../Engine/Plugins/Runtime/AndroidMoviePlayer/AndroidMoviePlayer.uplugin" 380
"../../../Engine/Plugins/Runtime/AppleMoviePlayer/AppleMoviePlayer.uplugin" 381
"../../../Engine/Plugins/Runtime/AndroidPermission/AndroidPermission.uplugin" 382
"../../../Engine/Plugins/Media/MediaPlate/MediaPlate.uplugin" 383
"../../../Engine/Plugins/Media/NDIMedia/NDIMedia.uplugin" 384
"../../../Engine/Plugins/Runtime/AnimationBudgetAllocator/AnimationBudgetAllocator.uplugin" 385
"../../../Engine/Plugins/Runtime/AndroidDeviceProfileSelector/AndroidDeviceProfileSelector.uplugin" 386
"../../../Engine/Plugins/Runtime/AndroidFileServer/AndroidFileServer.uplugin" 387
"../../../Engine/Plugins/Runtime/AppleImageUtils/AppleImageUtils.uplugin" 388
"../../../Engine/Plugins/Runtime/AssetTags/AssetTags.uplugin" 389
"../../../Engine/Plugins/Runtime/CustomMeshComponent/CustomMeshComponent.uplugin" 390
"../../../Engine/Plugins/Runtime/ApexDestruction/ApexDestruction.uplugin" 391
"../../../Engine/Plugins/Runtime/AudioModulation/AudioModulation.uplugin" 392
"../../../Engine/Plugins/Runtime/ArchVisCharacter/ArchVisCharacter.uplugin" 393
"../../../Engine/Plugins/Runtime/AudioWidgets/AudioWidgets.uplugin" 394
"../../../Engine/Plugins/Runtime/AudioMotorSim/AudioMotorSim.uplugin" 395
"../../../Engine/Plugins/Media/WebMMedia/WebMMedia.uplugin" 396
"../../../Engine/Plugins/Runtime/AudioSynesthesia/AudioSynesthesia.uplugin" 397
"../../../Engine/Plugins/Runtime/ChunkDownloader/ChunkDownloader.uplugin" 398
"../../../Engine/Plugins/Runtime/CableComponent/CableComponent.uplugin" 399
"../../../Engine/Plugins/Runtime/ComputeFramework/ComputeFramework.uplugin" 400
"../../../Engine/Plugins/Runtime/DataRegistry/DataRegistry.uplugin" 401
"../../../Engine/Plugins/Runtime/Firebase/Firebase.uplugin" 402
"../../../Engine/Plugins/Runtime/GameFeatures/GameFeatures.uplugin" 403
"../../../Engine/Plugins/Runtime/CommonUI/CommonUI.uplugin" 404
"../../../Engine/Plugins/Runtime/ExampleDeviceProfileSelector/ExampleDeviceProfileSelector.uplugin" 405
"../../../Engine/Plugins/Runtime/GameInput/GameInput.uplugin" 406
"../../../Engine/Plugins/Runtime/ExternalGPUStatistics/ExternalGPUStatistics.uplugin" 407
"../../../Engine/Plugins/Runtime/GameplayAbilities/GameplayAbilities.uplugin" 408
"../../../Engine/Plugins/Runtime/GameplayStateTree/GameplayStateTree.uplugin" 409
"../../../Engine/Plugins/Runtime/GameplayBehaviorSmartObjects/GameplayBehaviorSmartObjects.uplugin" 410
"../../../Engine/Plugins/Runtime/GooglePAD/GooglePAD.uplugin" 411
"../../../Engine/Plugins/Runtime/GameplayInteractions/GameplayInteractions.uplugin" 412
"../../../Engine/Plugins/Runtime/GoogleCloudMessaging/GoogleCloudMessaging.uplugin" 413
"../../../Engine/Plugins/Runtime/Harmonix/Harmonix.uplugin" 414
"../../../Engine/Plugins/Runtime/AudioCapture/AudioCapture.uplugin" 415
"../../../Engine/Plugins/Runtime/InputDebugging/InputDebugging.uplugin" 416
"../../../Engine/Plugins/Runtime/GeometryScripting/GeometryScripting.uplugin" 417
"../../../Engine/Plugins/Runtime/GeoReferencing/GeoReferencing.uplugin" 418
"../../../Engine/Plugins/Runtime/GeometryProcessing/GeometryProcessing.uplugin" 419
"../../../Engine/Plugins/Runtime/GeometryCache/GeometryCache.uplugin" 420
"../../../Engine/Plugins/Runtime/HPMotionController/HPMotionController.uplugin" 421
"../../../Engine/Plugins/Runtime/HDRIBackdrop/HDRIBackdrop.uplugin" 422
"../../../Engine/Plugins/Runtime/HairStrands/HairStrands.uplugin" 423
"../../../Engine/Plugins/Runtime/LiveLinkOvernDisplay/LiveLinkOverNDisplay.uplugin" 424
"../../../Engine/Plugins/Runtime/HTTPChunkInstaller/HTTPChunkInstaller.uplugin" 425
"../../../Engine/Plugins/Runtime/InstancedActors/InstancedActors.uplugin" 426
"../../../Engine/Plugins/Runtime/IOSReplayKit/IOSReplayKit.uplugin" 427
"../../../Engine/Plugins/Runtime/LevelStreamingPersistence/LevelStreamingPersistence.uplugin" 428
"../../../Engine/Plugins/Runtime/LocationServicesAndroidImpl/LocationServicesAndroidImpl.uplugin" 429
"../../../Engine/Plugins/Runtime/MassEntity/MassEntity.uplugin" 430
"../../../Engine/Plugins/Runtime/LocationServicesBPLibrary/LocationServicesBPLibrary.uplugin" 431
"../../../Engine/Plugins/Runtime/IOSDeviceProfileSelector/IOSDeviceProfileSelector.uplugin" 432
"../../../Engine/Plugins/Runtime/MeshModelingToolset/MeshModelingToolset.uplugin" 433
"../../../Engine/Plugins/Runtime/LinuxDeviceProfileSelector/LinuxDeviceProfileSelector.uplugin" 434
"../../../Engine/Plugins/Runtime/MassGameplay/MassGameplay.uplugin" 435
"../../../Engine/Plugins/Runtime/LocationServicesIOSImpl/LocationServicesIOSImpl.uplugin" 436
"../../../Engine/Plugins/Runtime/MIDIDevice/MIDIDevice.uplugin" 437
"../../../Engine/Plugins/Runtime/Metasound/Metasound.uplugin" 438
"../../../Engine/Plugins/Runtime/MicrosoftSpatialAudio/MicroSoftSpatialSound.uplugin" 439
"../../../Engine/Plugins/Runtime/ModelViewViewModel/ModelViewViewModel.uplugin" 440
"../../../Engine/Plugins/Runtime/ModularGameplay/ModularGameplay.uplugin" 441
"../../../Engine/Plugins/Runtime/MultiServerReplication/MultiServerReplication.uplugin" 442
"../../../Engine/Plugins/Runtime/MobilePatchingUtils/MobilePatchingUtils.uplugin" 443
"../../../Engine/Plugins/Runtime/MsQuic/MsQuic.uplugin" 444
"../../../Engine/Plugins/Runtime/MixedRealityCaptureFramework/MixedRealityCaptureFramework.uplugin" 445
"../../../Engine/Plugins/Runtime/NavCorridor/NavCorridor.uplugin" 446
"../../../Engine/Plugins/Runtime/MusicEnvironment/MusicEnvironment.uplugin" 447
"../../../Engine/Plugins/Runtime/NetworkPredictionExtras/NetworkPredictionExtras.uplugin" 448
"../../../Engine/Plugins/Runtime/OpenXRViveTracker/OpenXRViveTracker.uplugin" 449
"../../../Engine/Plugins/Runtime/OpenXREyeTracker/OpenXREyeTracker.uplugin" 450
"../../../Engine/Plugins/Runtime/nDisplayModularFeatures/nDisplayModularFeatures.uplugin" 451
"../../../Engine/Plugins/Runtime/nDisplay/nDisplay.uplugin" 452
"../../../Engine/Plugins/Runtime/NetworkPrediction/NetworkPrediction.uplugin" 453
"../../../Engine/Plugins/Runtime/OpenCV/OpenCV.uplugin" 454
"../../../Engine/Plugins/Runtime/NetworkPredictionInsights/NetworkPredictionInsights.uplugin" 455
"../../../Engine/Plugins/Runtime/OSC/OSC.uplugin" 456
"../../../Engine/Plugins/Runtime/OpenXRMsftHandInteraction/OpenXRMsftHandInteraction.uplugin" 457
"../../../Engine/Plugins/Runtime/OpenXRHandTracking/OpenXRHandTracking.uplugin" 458
"../../../Engine/Plugins/Runtime/OpenXR/OpenXR.uplugin" 459
"../../../Engine/Plugins/Runtime/PreLoadScreenMoviePlayer/PreLoadScreenMoviePlayer.uplugin" 460
"../../../Engine/Plugins/Runtime/PropertyAccess/PropertyAccessEditor.uplugin" 461
"../../../Engine/Plugins/Runtime/PropertyBindingUtils/PropertyBindingUtils.uplugin" 462
"../../../Engine/Plugins/Runtime/ReplicationGraph/ReplicationGraph.uplugin" 463
"../../../Engine/Plugins/Runtime/RenderTrace/RenderTrace.uplugin" 464
"../../../Engine/Plugins/Runtime/SoundCueTemplates/SoundCueTemplates.uplugin" 465
"../../../Engine/Plugins/Runtime/OptionalMobileFeaturesBPLibrary/OptionalMobileFeaturesBPLibrary.uplugin" 466
"../../../Engine/Plugins/Runtime/ProceduralMeshComponent/ProceduralMeshComponent.uplugin" 467
"../../../Engine/Plugins/Runtime/ReplicationSystemTestPlugin/ReplicationSystemTestPlugin.uplugin" 468
"../../../Engine/Plugins/Runtime/ScriptableToolsFramework/ScriptableToolsFramework.uplugin" 469
"../../../Engine/Plugins/Runtime/RigVM/RigVM.uplugin" 470
"../../../Engine/Plugins/Runtime/SoundMod/SoundMod.uplugin" 471
"../../../Engine/Plugins/Runtime/SmartObjects/SmartObjects.uplugin" 472
"../../../Engine/Plugins/Runtime/SkeletalMerging/SkeletalMerging.uplugin" 473
"../../../Engine/Plugins/Runtime/SignificanceManager/SignificanceManager.uplugin" 474
"../../../Engine/Plugins/Runtime/ResonanceAudio/ResonanceAudio.uplugin" 475
"../../../Engine/Plugins/Runtime/StateTree/StateTree.uplugin" 476
"../../../Engine/Plugins/Runtime/SunPosition/SunPosition.uplugin" 477
"../../../Engine/Plugins/Runtime/Soundscape/Soundscape.uplugin" 478
"../../../Engine/Plugins/Runtime/Spatialization/Spatialization.uplugin" 479
"../../../Engine/Plugins/Runtime/SoundFields/SoundFields.uplugin" 480
"../../../Engine/Plugins/Runtime/SoundUtilities/SoundUtilities.uplugin" 481
"../../../Engine/Plugins/Runtime/USDCore/USDCore.uplugin" 482
"../../../Engine/Plugins/Runtime/WebBrowserWidget/WebBrowserWidget.uplugin" 483
"../../../Engine/Plugins/Runtime/WebBrowserNativeProxy/WebBrowserNativeProxy.uplugin" 484
"../../../Engine/Plugins/Runtime/WarpUtils/WarpUtils.uplugin" 485
"../../../Engine/Plugins/Runtime/WebMMoviePlayer/WebMMoviePlayer.uplugin" 486
"../../../Engine/Plugins/Runtime/Synthesis/Synthesis.uplugin" 487
"../../../Engine/Plugins/Runtime/WaveTable/WaveTable.uplugin" 488
"../../../Engine/Plugins/Runtime/XRBase/XRBase.uplugin" 489
"../../../Engine/Plugins/Runtime/WindowsMoviePlayer/WindowsMoviePlayer.uplugin" 490
"../../../Engine/Plugins/NNE/NNEDenoiser/NNEDenoiser.uplugin" 491
"../../../Engine/Plugins/Runtime/ZoneGraph/ZoneGraph.uplugin" 492
"../../../Engine/Plugins/Runtime/WorldConditions/WorldConditions.uplugin" 493
"../../../Engine/Plugins/Runtime/ZoneGraphAnnotations/ZoneGraphAnnotations.uplugin" 494
"../../../Engine/Plugins/Runtime/WindowsDeviceProfileSelector/WindowsDeviceProfileSelector.uplugin" 495
"../../../Engine/Plugins/Animation/ACLPlugin/ACLPlugin.uplugin" 496
"../../../Engine/Plugins/Animation/AnimationData/AnimationData.uplugin" 497
"../../../Engine/Plugins/Animation/AnimationWarping/AnimationWarping.uplugin" 498
"../../../Engine/Plugins/Animation/BlendSpaceMotionAnalysis/BlendSpaceMotionAnalysis.uplugin" 499
"../../../Engine/Plugins/Animation/ControlRig/ControlRig.uplugin" 500
"../../../Engine/Plugins/Animation/AnimatorKit/AnimatorKit.uplugin" 501
"../../../Engine/Plugins/Animation/AnimationLocomotionLibrary/AnimationLocomotionLibrary.uplugin" 502
"../../../Engine/Plugins/Animation/AnimationModifierLibrary/AnimationModifierLibrary.uplugin" 503
"../../../Engine/Plugins/NNE/NNERuntimeORT/NNERuntimeORT.uplugin" 504
"../../../Engine/Plugins/Animation/BlendStack/BlendStack.uplugin" 505
"../../../Engine/Plugins/Animation/ControlRigSpline/ControlRigSpline.uplugin" 506
"../../../Engine/Plugins/Animation/GeneSplicer/GeneSplicer.uplugin" 507
"../../../Engine/Plugins/2D/Paper2D/Paper2D.uplugin" 508
"../../../Engine/Plugins/Animation/DeformerGraph/DeformerGraph.uplugin" 509
"../../../Engine/Plugins/Animation/IKRig/IKRig.uplugin" 510
"../../../Engine/Plugins/Animation/GameplayInsights/GameplayInsights.uplugin" 511
"../../../Engine/Plugins/Animation/ControlRigModules/ControlRigModules.uplugin" 512
"../../../Engine/Plugins/Animation/DNACalib/DNACalib.uplugin" 513
"../../../Engine/Plugins/Animation/LiveLinkDevice/LiveLinkDevice.uplugin" 514
"../../../Engine/Plugins/Animation/EaseCurveTool/EaseCurveTool.uplugin" 515
"../../../Engine/Plugins/Animation/LiveLinkCurveDebugUI/LiveLinkCurveDebugUI.uplugin" 516
"../../../Engine/Plugins/Animation/LiveLinkHub/LiveLinkHub.uplugin" 517
"../../../Engine/Plugins/Animation/LiveLinkExampleDevice/LiveLinkExampleDevice.uplugin" 518
"../../../Engine/Plugins/Animation/LiveLink/LiveLink.uplugin" 519
"../../../Engine/Plugins/Animation/PoseSearch/PoseSearch.uplugin" 520
"../../../Engine/Plugins/Animation/TweeningUtils/TweeningUtils.uplugin" 521
"../../../Engine/Plugins/Editor/AssetManagerEditor/AssetManagerEditor.uplugin" 522
"../../../Engine/Plugins/Animation/MotionWarping/MotionWarping.uplugin" 523
"../../../Engine/Plugins/Animation/PerformanceCaptureCore/PerformanceCaptureCore.uplugin" 524
"../../../Engine/Plugins/Animation/LiveLinkUnrealDevice/LiveLinkUnrealDevice.uplugin" 525
"../../../Engine/Plugins/Editor/AssetRegistryExport/AssetRegistryExport.uplugin" 526
"../../../Engine/Plugins/Animation/RigLogic/RigLogic.uplugin" 527
"../../../Engine/Plugins/Editor/AssetSearch/AssetSearch.uplugin" 528
"../../../Engine/Plugins/Animation/SkeletalMeshModelingTools/SkeletalMeshModelingTools.uplugin" 529
"../../../Engine/Plugins/Editor/ChangelistReview/ChangelistReview.uplugin" 530
"../../../Engine/Plugins/Editor/CryptoKeys/CryptoKeys.uplugin" 531
"../../../Engine/Plugins/Editor/BlueprintMaterialTextureNodes/BlueprintMaterialTextureNodes.uplugin" 532
"../../../Engine/Plugins/Editor/ColorGrading/ColorGrading.uplugin" 533
"../../../Engine/Plugins/Editor/BlueprintHeaderView/BlueprintHeaderView.uplugin" 534
"../../../Engine/Plugins/Editor/AssetReferenceRestrictions/AssetReferenceRestrictions.uplugin" 535
"../../../Engine/Plugins/Editor/CurveEditorTools/CurveEditorTools.uplugin" 536
"../../../Engine/Plugins/Editor/DataValidation/DataValidation.uplugin" 537
"../../../Engine/Plugins/Compression/OodleNetwork/OodleNetwork.uplugin" 538
"../../../Engine/Plugins/Editor/ConsoleVariablesEditor/ConsoleVariables.uplugin" 539
"../../../Engine/Plugins/Editor/EditorDebugTools/EditorDebugTools.uplugin" 540
"../../../Engine/Plugins/Editor/DisplayClusterLaunch/DisplayClusterLaunch.uplugin" 541
"../../../Engine/Plugins/Editor/GameplayTagsEditor/GameplayTagsEditor.uplugin" 542
"../../../Engine/Plugins/Editor/GeometryMode/GeometryMode.uplugin" 543
"../../../Engine/Plugins/Editor/GuidedTutorials/GuidedTutorials.uplugin" 544
"../../../Engine/Plugins/Editor/EditorScriptingUtilities/EditorScriptingUtilities.uplugin" 545
"../../../Engine/Plugins/Editor/LandscapePatch/LandscapePatch.uplugin" 546
"../../../Engine/Plugins/Editor/MacGraphicsSwitching/MacGraphicsSwitching.uplugin" 547
"../../../Engine/Plugins/Editor/FacialAnimation/FacialAnimation.uplugin" 548
"../../../Engine/Plugins/Editor/EngineAssetDefinitions/EngineAssetDefinitions.uplugin" 549
"../../../Engine/Plugins/Editor/ScriptableToolsEditorMode/ScriptableToolsEditorMode.uplugin" 550
"../../../Engine/Plugins/Editor/EditorSysConfigAssistant/EditorSysConfigAssistant.uplugin" 551
"../../../Engine/Plugins/Editor/MakeCookedEditorAsDLC/MakeCookedEditorAsDLC.uplugin" 552
"../../../Engine/Plugins/Editor/LiveUpdateForSlate/LiveUpdateForSlate.uplugin" 553
"../../../Engine/Plugins/Editor/MobileLauncherProfileWizard/MobileLauncherProfileWizard.uplugin" 554
"../../../Engine/Plugins/Editor/MeshLODToolset/MeshLODToolset.uplugin" 555
"../../../Engine/Plugins/Editor/SampleToolsEditorMode/SampleToolsEditorMode.uplugin" 556
"../../../Engine/Plugins/Editor/ModelViewViewModelPreview/ModelViewViewModelPreview.uplugin" 557
"../../../Engine/Plugins/Editor/MaterialAnalyzer/MaterialAnalyzer.uplugin" 558
"../../../Engine/Plugins/Editor/ProxyLODPlugin/ProxyLODPlugin.uplugin" 559
"../../../Engine/Plugins/Editor/PluginBrowser/PluginBrowser.uplugin" 560
"../../../Engine/Plugins/Editor/ModelingToolsEditorMode/ModelingToolsEditorMode.uplugin" 561
"../../../Engine/Plugins/Editor/SequencerAnimTools/SequencerAnimTools.uplugin" 562
"../../../Engine/Plugins/Online/EOSOverlayInputProvider/EOSOverlayInputProvider.uplugin" 563
"../../../Engine/Plugins/Editor/UVEditor/UVEditor.uplugin" 564
"../../../Engine/Plugins/Editor/SpeedTreeImporter/SpeedTreeImporter.uplugin" 565
"../../../Engine/Plugins/Editor/StylusInput/StylusInput.uplugin" 566
"../../../Engine/Plugins/Online/OnlineServices/OnlineServices.uplugin" 567
"../../../Engine/Plugins/Online/EOSShared/EOSShared.uplugin" 568
"../../../Engine/Plugins/Editor/UMGWidgetPreview/UMGWidgetPreview.uplugin" 569
"../../../Engine/Plugins/Editor/WaveformEditor/WaveformEditor.uplugin" 570
"../../../Engine/Plugins/Editor/WorldPartitionHLODUtilities/WorldPartitionHLODUtilities.uplugin" 571
"../../../Engine/Plugins/Editor/StaticMeshEditorModeling/StaticMeshEditorModeling.uplugin" 572
"../../../Engine/Plugins/Online/OnlineServicesEOS/OnlineServicesEOS.uplugin" 573
"../../../Engine/Plugins/Online/OnlineServicesEOSGS/OnlineServicesEOSGS.uplugin" 574
"../../../Engine/Plugins/Online/OnlineFramework/OnlineFramework.uplugin" 575
"../../../Engine/Plugins/Online/OnlineServicesEpicCommon/OnlineServicesEpicCommon.uplugin" 576
"../../../Engine/Plugins/Online/OnlineSubsystemApple/OnlineSubsystemApple.uplugin" 577
"../../../Engine/Plugins/Online/OnlineFrameworkCommon/OnlineFrameworkCommon.uplugin" 578
"../../../Engine/Plugins/Online/OnlineServicesNull/OnlineServicesNull.uplugin" 579
"../../../Engine/Plugins/Online/OnlineSubsystem/OnlineSubsystem.uplugin" 580
"../../../Engine/Plugins/Online/OnlineBase/OnlineBase.uplugin" 581
"../../../Engine/Plugins/Online/OnlineSubsystemAmazon/OnlineSubsystemAmazon.uplugin" 582
"../../../Engine/Plugins/Online/OnlineSubsystemGoogle/OnlineSubsystemGoogle.uplugin" 583
"../../../Engine/Plugins/Online/OnlineSubsystemFacebook/OnlineSubsystemFacebook.uplugin" 584
"../../../Engine/Plugins/Online/OnlineSubsystemEOS/OnlineSubsystemEOS.uplugin" 585
"../../../Engine/Plugins/Online/OnlineSubsystemTencent/OnlineSubsystemTencent.uplugin" 586
"../../../Engine/Plugins/Online/OnlineSubsystemSteam/OnlineSubsystemSteam.uplugin" 587
"../../../Engine/Plugins/Online/OnlineSubsystemNull/OnlineSubsystemNull.uplugin" 588
"../../../Engine/Plugins/Online/SocketSubsystemEOS/SocketSubsystemEOS.uplugin" 589
"../../../Engine/Plugins/Online/OnlineServicesOSSAdapter/OnlineServicesOSSAdapter.uplugin" 590
"../../../Engine/Plugins/Online/WebAuth/WebAuth.uplugin" 591
"../../../Engine/Plugins/Online/OnlineSubsystemUtils/OnlineSubsystemUtils.uplugin" 592
"../../../Engine/Plugins/VirtualProduction/ActorModifierCore/ActorModifierCore.uplugin" 593
"../../../Engine/Plugins/VirtualProduction/AvalancheDataLink/AvalancheDataLink.uplugin" 594
"../../../Engine/Plugins/Online/SocketSubsystemSteamIP/SocketSubsystemSteamIP.uplugin" 595
"../../../Engine/Plugins/VirtualProduction/CameraCalibration/CameraCalibration.uplugin" 596
"../../../Engine/Plugins/VirtualProduction/AvalancheSceneState/AvalancheSceneState.uplugin" 597
"../../../Engine/Plugins/VirtualProduction/Avalanche/Avalanche.uplugin" 598
"../../../Engine/Plugins/VirtualProduction/ActorModifier/ActorModifier.uplugin" 599
"../../../Engine/Plugins/VirtualProduction/DataLink/DataLink.uplugin" 600
"../../../Engine/Plugins/VirtualProduction/ClonerEffector/ClonerEffector.uplugin" 601
"../../../Engine/Plugins/VirtualProduction/DataCharts/DataCharts.uplugin" 602
"../../../Engine/Plugins/VirtualProduction/CaptureData/CaptureData.uplugin" 603
"../../../Engine/Plugins/VirtualProduction/CameraCalibrationCore/CameraCalibrationCore.uplugin" 604
"../../../Engine/Plugins/VirtualProduction/CinematicAssemblyTools/CinematicAssemblyTools.uplugin" 605
"../../../Engine/Plugins/VirtualProduction/CameraCalibrationML/CameraCalibrationML.uplugin" 606
"../../../Engine/Plugins/VirtualProduction/CompositePlane/CompositePlane.uplugin" 607
"../../../Engine/Plugins/VirtualProduction/CustomDetailsView/CustomDetailsView.uplugin" 608
"../../../Engine/Plugins/VirtualProduction/DataLinkOAuth/DataLinkOAuth.uplugin" 609
"../../../Engine/Plugins/VirtualProduction/ICVFX/ICVFX.uplugin" 610
"../../../Engine/Plugins/VirtualProduction/EpicStageApp/EpicStageApp.uplugin" 611
"../../../Engine/Plugins/VirtualProduction/LensComponent/LensComponent.uplugin" 612
"../../../Engine/Plugins/VirtualProduction/ICVFXTesting/ICVFXTesting.uplugin" 613
"../../../Engine/Plugins/VirtualProduction/DynamicMaterial/DynamicMaterial.uplugin" 614
"../../../Engine/Plugins/VirtualProduction/LiveLinkCamera/LiveLinkCamera.uplugin" 615
"../../../Engine/Plugins/VirtualProduction/LevelSnapshots/LevelSnapshots.uplugin" 616
"../../../Engine/Plugins/VirtualProduction/LiveLinkPrestonMDR/LiveLinkPrestonMDR.uplugin" 617
"../../../Engine/Plugins/VirtualProduction/GeometryMask/GeometryMask.uplugin" 618
"../../../Engine/Plugins/VirtualProduction/LiveLinkFreeD/LiveLinkFreeD.uplugin" 619
"../../../Engine/Plugins/VirtualProduction/LiveLinkInputDevice/LiveLinkInputDevice.uplugin" 620
"../../../Engine/Plugins/VirtualProduction/MultiUserTakes/MultiUserTakes.uplugin" 621
"../../../Engine/Plugins/VirtualProduction/LiveLinkOpenTrackIO/LiveLinkOpenTrackIO.uplugin" 622
"../../../Engine/Plugins/VirtualProduction/LiveLinkVRPN/LiveLinkVRPN.uplugin" 623
"../../../Engine/Plugins/VirtualProduction/LiveLinkLens/LiveLinkLens.uplugin" 624
"../../../Engine/Plugins/VirtualProduction/LiveLinkMasterLockit/LiveLinkMasterLockit.uplugin" 625
"../../../Engine/Plugins/VirtualProduction/LiveLinkXR/LiveLinkXR.uplugin" 626
"../../../Engine/Plugins/VirtualProduction/PropertyAnimatorCore/PropertyAnimatorCore.uplugin" 627
"../../../Engine/Plugins/VirtualProduction/RemoteControlInterception/RemoteControlInterception.uplugin" 628
"../../../Engine/Plugins/VirtualProduction/PropertyAnimator/PropertyAnimator.uplugin" 629
"../../../Engine/Plugins/VirtualProduction/RemoteControlProtocolDMX/RemoteControlProtocolDMX.uplugin" 630
"../../../Engine/Plugins/VirtualProduction/PerformanceCaptureWorkflow/PerformanceCaptureWorkflow.uplugin" 631
"../../../Engine/Plugins/VirtualProduction/RemoteControl/RemoteControl.uplugin" 632
"../../../Engine/Plugins/VirtualProduction/RemoteControlWebInterface/RemoteControlWebInterface.uplugin" 633
"../../../Engine/Plugins/VirtualProduction/SceneStateDataLink/SceneStateDataLink.uplugin" 634
"../../../Engine/Plugins/VirtualProduction/OperatorStack/OperatorStack.uplugin" 635
"../../../Engine/Plugins/VirtualProduction/RemoteControlProtocolMIDI/RemoteControlProtocolMIDI.uplugin" 636
"../../../Engine/Plugins/VirtualProduction/StormSyncAvalancheBridge/StormSyncAvalancheBridge.uplugin" 637
"../../../Engine/Plugins/VirtualProduction/StormSync/StormSync.uplugin" 638
"../../../Engine/Plugins/VirtualProduction/RemoteControlProtocolOSC/RemoteControlProtocolOSC.uplugin" 639
"../../../Engine/Plugins/VirtualProduction/StageMonitoring/StageMonitoring.uplugin" 640
"../../../Engine/Plugins/VirtualProduction/SequencerPlaylists/SequencerPlaylists.uplugin" 641
"../../../Engine/Plugins/VirtualProduction/SVGImporter/SVGImporter.uplugin" 642
"../../../Engine/Plugins/VirtualProduction/SceneState/SceneState.uplugin" 643
"../../../Engine/Plugins/VirtualProduction/Switchboard/Switchboard.uplugin" 644
"../../../Engine/Plugins/VirtualProduction/Text3D/Text3D.uplugin" 645
"../../../Engine/Plugins/Runtime/Nvidia/Reflex/Reflex.uplugin" 646
"../../../Engine/Plugins/VirtualProduction/TimedDataMonitor/TimedDataMonitor.uplugin" 647
"../../../Engine/Plugins/VirtualProduction/TextureShare/TextureShare.uplugin" 648
"../../../Engine/Plugins/VirtualProduction/VirtualScouting/VirtualScouting.uplugin" 649
"../../../Engine/Plugins/Interchange/Extensions/OpenUSD/InterchangeOpenUSD.uplugin" 650
"../../../Engine/Plugins/VirtualProduction/Takes/Takes.uplugin" 651
"../../../Engine/Plugins/Runtime/Nvidia/GeForceNOWWrapper/GeForceNOWWrapper.uplugin" 652
"../../../Engine/Plugins/VirtualProduction/VirtualCameraCore/VirtualCameraCore.uplugin" 653
"../../../Engine/Plugins/Experimental/UAF/UAFPoseSearch/UAFPoseSearch.uplugin" 654
"../../../Engine/Plugins/Experimental/UAF/UAFControlRig/UAFControlRig.uplugin" 655
"../../../Engine/Plugins/Interchange/Extensions/OpenVDB/InterchangeOpenVDB.uplugin" 656
"../../../Engine/Plugins/Developer/Concert/ConcertMain/ConcertMain.uplugin" 657
"../../../Engine/Plugins/VirtualProduction/VirtualCamera/VirtualCamera.uplugin" 658
"../../../Engine/Plugins/Experimental/UAF/UAFChooser/UAFChooser.uplugin" 659
"../../../Engine/Plugins/Experimental/UAF/UAFAnimGraph/UAFAnimGraph.uplugin" 660
"../../../Engine/Plugins/Experimental/UAF/UAFMirroring/UAFMirroring.uplugin" 661
"../../../Engine/Plugins/Experimental/UAF/UAF/UAF.uplugin" 662
"../../../Engine/Plugins/Experimental/UAF/UAFWarping/UAFWarping.uplugin" 663
"../../../Engine/Plugins/Experimental/UAF/UAFTests/UAFTests.uplugin" 664
"../../../Engine/Plugins/Runtime/Database/DatabaseSupport/DatabaseSupport.uplugin" 665
"../../../Engine/Plugins/Runtime/Database/ADOSupport/ADOSupport.uplugin" 666
"../../../Engine/Plugins/Runtime/Database/RemoteDatabaseSupport/RemoteDatabaseSupport.uplugin" 667
"../../../Engine/Plugins/Experimental/UAF/UAFStateTree/UAFStateTree.uplugin" 668
"../../../Engine/Plugins/Editor/Localization/PortableObjectFileDataSource/PortableObjectFileDataSource.uplugin" 669
"../../../Engine/Plugins/Runtime/Database/SQLiteSupport/SQLiteSupport.uplugin" 670
"../../../Engine/Plugins/Editor/ObjectMixer/ObjectMixer/ObjectMixer.uplugin" 671
"../../../Engine/Plugins/Runtime/Database/SQLiteCore/SQLiteCore.uplugin" 672
"../../../Engine/Plugins/Experimental/MetaHuman/MetaHumanRuntime/MetaHumanRuntime.uplugin" 673
"../../../Engine/Plugins/Editor/ObjectMixer/LightMixer/LightMixer.uplugin" 674
"../../../Engine/Plugins/VirtualProduction/CaptureManager/CaptureManagerDevices/CaptureManagerDevices.uplugin" 675
"../../../Engine/Plugins/VirtualProduction/CaptureManager/CaptureManagerCore/CaptureManagerCore.uplugin" 676
"../../../Engine/Plugins/VirtualProduction/CaptureManager/CaptureManagerEditor/CaptureManagerEditor.uplugin" 677
"../../../Engine/Plugins/VirtualProduction/CaptureManager/CaptureManagerApp/CaptureManagerApp.uplugin" 678
"../../../Engine/Plugins/Experimental/MetaHuman/MetaHumanCharacterUAF/MetaHumanCharacterUAF.uplugin" 679
"../../../Engine/Plugins/Experimental/MetaHuman/MetaHumanCalibrationDiagnostics/MetaHumanCalibrationDiagnostics.uplugin" 680
"../../../Engine/Plugins/Runtime/Windows/WinDualShock/WinDualShock.uplugin" 681
"../../../Engine/Plugins/Runtime/Analytics/AnalyticsBlueprintLibrary/AnalyticsBlueprintLibrary.uplugin" 682
"../../../Engine/Plugins/Runtime/Windows/XInputDevice/XInputDevice.uplugin" 683
"../../../Engine/Plugins/Runtime/Analytics/Adjust/Adjust.uplugin" 684
"../../../Engine/Plugins/Online/Android/AndroidFetchBackgroundDownload/AndroidFetchBackgroundDownload.uplugin" 685
"../../../Engine/Plugins/Runtime/Windows/WinVirtualKeyboard/WinVirtualKeyboard.uplugin" 686
"../../../Engine/Plugins/VirtualProduction/Rivermax/RivermaxCore/RivermaxCore.uplugin" 687
"../../../Engine/Plugins/Online/IOS/OnlineSubsystemIOS/OnlineSubsystemIOS.uplugin" 688
"../../../Engine/Plugins/Runtime/Analytics/AnalyticsMulticast/AnalyticsMulticast.uplugin" 689
"../../../Engine/Plugins/Online/Android/OnlineSubsystemGooglePlay/OnlineSubsystemGooglePlay.uplugin" 690
"../../../Engine/Plugins/Runtime/Analytics/FileLogging/FileLogging.uplugin" 691
"../../../Engine/Plugins/VirtualProduction/Rivermax/RivermaxMedia/RivermaxMedia.uplugin" 692
"../../../Engine/Plugins/Experimental/Animation/HierarchyTable/HierarchyTable.uplugin" 693
"../../../Engine/Plugins/Experimental/Animation/Locomotor/Locomotor.uplugin" 694
"../../../Engine/Plugins/VirtualProduction/Rivermax/RivermaxSync/RivermaxSync.uplugin" 695
"../../../Engine/Plugins/Experimental/Animation/PackedAttributes/PackedAttributes.uplugin" 696
"../../../Engine/Plugins/Experimental/Animation/ContextualAnimation/ContextualAnimation.uplugin" 697
"../../../Engine/Plugins/Experimental/Animation/Optimus/Optimus.uplugin" 698
"../../../Engine/Plugins/Experimental/Animation/HierarchyTableAnimation/HierarchyTableAnimation.uplugin" 699
"../../../Engine/Plugins/Experimental/Animation/CurveExpression/CurveExpression.uplugin" 700
"../../../Engine/Plugins/Experimental/Animation/MotionTrajectory/MotionTrajectory.uplugin" 701
"../../../Engine/Plugins/Experimental/Animation/RigMapper/RigMapper.uplugin" 702
"../../../Engine/Plugins/Experimental/PCGInterops/PCGFastGeoInterop/PCGFastGeoInterop.uplugin" 703
"../../../Engine/Plugins/Experimental/Animation/RigMapperOp/RigMapperOp.uplugin" 704
"../../../Engine/Plugins/Runtime/Advertising/IOSTapJoy/IOSTapJoy.uplugin" 705
"../../../Engine/Plugins/Experimental/PCGInterops/PCGNaniteAssembliesInterop/PCGNaniteAssembliesInterop.uplugin" 706
"../../../Engine/Plugins/Experimental/Animation/RelativeIKOp/RelativeIKOp.uplugin" 707
"../../../Engine/Plugins/Experimental/PCGInterops/PCGInstancedActorsInterop/PCGInstancedActorsInterop.uplugin" 708
"../../../Engine/Plugins/Animation/MLDeformer/ChaosClothGenerator/ChaosClothGenerator.uplugin" 709
"../../../Engine/Plugins/Experimental/PCGInterops/PCGNiagaraInterop/PCGNiagaraInterop.uplugin" 710
"../../../Engine/Plugins/Experimental/Web/WebAPI/WebAPI.uplugin" 711
"../../../Engine/Plugins/Experimental/PCGInterops/PCGWaterInterop/PCGWaterInterop.uplugin" 712
"../../../Engine/Plugins/Experimental/Animation/TrajectoryTools/TrajectoryTools.uplugin" 713
"../../../Engine/Plugins/Animation/MLDeformer/NeuralMorphModel/NeuralMorphModel.uplugin" 714
"../../../Engine/Plugins/Experimental/Animation/SkeletalMeshMorphTargetEditingTools/SkeletalMeshMorphTargetEditingTools.uplugin" 715
"../../../Engine/Plugins/Editor/ContentBrowser/ContentBrowserAliasDataSource/ContentBrowserAliasDataSource.uplugin" 716
"../../../Engine/Plugins/Animation/MLDeformer/MLDeformerFramework/MLDeformerFramework.uplugin" 717
"../../../Engine/Plugins/Animation/MLDeformer/NearestNeighborModel/NearestNeighborModel.uplugin" 718
"../../../Engine/Plugins/Animation/MLDeformer/ChaosFleshGenerator/ChaosFleshGenerator.uplugin" 719
"../../../Engine/Plugins/Animation/MLDeformer/VertexDeltaModel/VertexDeltaModel.uplugin" 720
"../../../Engine/Plugins/VirtualProduction/DMX/DatasmithMVR/DatasmithMVR.uplugin" 721
"../../../Engine/Plugins/Editor/ContentBrowser/ContentBrowserAssetDataSource/ContentBrowserAssetDataSource.uplugin" 722
"../../../Engine/Plugins/VirtualProduction/DMX/DMXControlConsole/DMXControlConsole.uplugin" 723
"../../../Engine/Plugins/Editor/ContentBrowser/ContentBrowserFileDataSource/ContentBrowserFileDataSource.uplugin" 724
"../../../Engine/Plugins/VirtualProduction/DMX/DMXDisplayCluster/DMXDisplayCluster.uplugin" 725
"../../../Engine/Plugins/Experimental/CharacterFXEditor/BaseCharacterFXEditor/BaseCharacterFXEditor.uplugin" 726
"../../../Engine/Plugins/VirtualProduction/DMX/DMXProtocol/DMXProtocol.uplugin" 727
"../../../Engine/Plugins/Editor/ContentBrowser/ContentBrowserClassDataSource/ContentBrowserClassDataSource.uplugin" 728
"../../../Engine/Plugins/VirtualProduction/DMX/DMXGDTF/DMXGDTF.uplugin" 729
"../../../Engine/Plugins/Runtime/XR/XRScribe/XRScribe.uplugin" 730
"../../../Engine/Plugins/VirtualProduction/DMX/DMXEngine/DMXEngine.uplugin" 731
"../../../Engine/Plugins/VirtualProduction/DMX/DMXFixtures/DMXFixtures.uplugin" 732
"../../../Engine/Plugins/Runtime/AR/ARUtilities/ARUtilities.uplugin" 733
"../../../Engine/Plugins/VirtualProduction/DMX/DMXModularFeatures/DMXModularFeatures.uplugin" 734
"../../../Engine/Plugins/Runtime/Steam/SteamController/SteamController.uplugin" 735
"../../../Engine/Plugins/Experimental/CharacterFXEditor/ExampleCharacterFXEditor/ExampleCharacterFXEditor.uplugin" 736
"../../../Engine/Plugins/VirtualProduction/DMX/DMXPixelMapping/DMXPixelMapping.uplugin" 737
"../../../Engine/Plugins/Runtime/Steam/SteamAudio/SteamAudio.uplugin" 738
"../../../Engine/Plugins/Experimental/Enterprise/DatasmithRuntime/DatasmithRuntime.uplugin" 739
"../../../Engine/Plugins/Experimental/Enterprise/DatasmithInterchange/DatasmithInterchange.uplugin" 740
"../../../Engine/Plugins/Runtime/XR/XRVisualization/XRVisualization.uplugin" 741
"../../../Engine/Plugins/Runtime/Steam/SteamSockets/SteamSockets.uplugin" 742
"../../../Engine/Plugins/Experimental/VirtualProduction/LedWallCalibration/LedWallCalibration.uplugin" 743
"../../../Engine/Plugins/Experimental/VirtualProduction/VPSettings/VPSettings.uplugin" 744
"../../../Engine/Plugins/Runtime/Steam/SteamShared/SteamShared.uplugin" 745
"../../../Engine/Plugins/Online/VoiceChat/VoiceChat/VoiceChat.uplugin" 746
"../../../Engine/Plugins/Experimental/Enterprise/DataprepGeometryOperations/DataprepGeometryOperations.uplugin" 747
"../../../Engine/Plugins/Online/VoiceChat/EOSVoiceChat/EOSVoiceChat.uplugin" 748
"../../../Engine/Plugins/Experimental/VirtualProduction/VPRoles/VPRoles.uplugin" 749
"../../../Engine/Plugins/Experimental/AVCodecs/NVCodecs/NVCodecs.uplugin" 750
"../../../Engine/Plugins/Runtime/MeshReconstruction/DummyMeshReconstructor/DummyMeshReconstructor.uplugin" 751
"../../../Engine/Plugins/Experimental/AVCodecs/VTCodecs/VTCodecs.uplugin" 752
"../../../Engine/Plugins/Experimental/AVCodecs/AVCodecsCore/AVCodecsCore.uplugin" 753
"../../../Engine/Plugins/Experimental/AVCodecs/LibVpxCodecs/LibVpxCodecs.uplugin" 754
"../../../Engine/Plugins/Experimental/AVCodecs/AMFCodecs/AMFCodecs.uplugin" 755
"../../../Engine/Plugins/Experimental/AVCodecs/WMFCodecs/WMFCodecs.uplugin" 756
"../../../Engine/Plugins/Runtime/PacketHandlers/AESGCMHandlerComponent/AESGCMHandlerComponent.uplugin" 757
"../../../Engine/Plugins/Runtime/PacketHandlers/DTLSHandlerComponent/DTLSHandlerComponent.uplugin" 758
"../../../Engine/Plugins/Runtime/PacketHandlers/AESHandlerComponent/AESHandlerComponent.uplugin" 759
"../../../Engine/Plugins/Developer/Concert/ConcertApp/DisasterRecoveryClient/DisasterRecoveryClient.uplugin" 760
"../../../Engine/Plugins/Developer/Concert/ConcertApp/MultiUserServer/MultiUserServer.uplugin" 761
"../../../Engine/Plugins/Developer/Concert/ConcertInsights/ConcertInsightsServer/ConcertInsightsServer.uplugin" 762
"../../../Engine/Plugins/Developer/Concert/ConcertApp/MultiUserClient/MultiUserClient.uplugin" 763
"../../../Engine/Plugins/Developer/Concert/ConcertInsights/ConcertInsightsCore/ConcertInsightsCore.uplugin" 764
"../../../Engine/Plugins/Developer/Concert/ConcertInsights/ConcertInsightsVisualizer/ConcertInsightsVisualizer.uplugin" 765
"../../../Engine/Plugins/Runtime/AR/AppleAR/AppleARKit/AppleARKit.uplugin" 766
"../../../Engine/Plugins/Developer/Concert/ConcertInsights/ConcertInsightsClient/ConcertInsightsClient.uplugin" 767
"../../../Engine/Plugins/Developer/Concert/ConcertSync/ConcertSyncClient/ConcertSyncClient.uplugin" 768
"../../../Engine/Plugins/Developer/Concert/ConcertUI/ConcertSharedSlate/ConcertSharedSlate.uplugin" 769
"../../../Engine/Plugins/Developer/Concert/ConcertScripting/ConcertReplicationScripting/ConcertReplicationScripting.uplugin" 770
"../../../Engine/Plugins/Developer/Concert/ConcertSync/ConcertSyncCore/ConcertSyncCore.uplugin" 771
"../../../Engine/Plugins/Developer/Concert/ConcertUI/ConcertClientSharedSlate/ConcertClientSharedSlate.uplugin" 772
"../../../Engine/Plugins/Developer/Concert/ConcertSync/ConcertSyncServer/ConcertSyncServer.uplugin" 773
"../../../Engine/Plugins/Developer/Concert/ConcertSync/ConcertSyncTest/ConcertSyncTest.uplugin" 774
"../../../Engine/Plugins/Experimental/Animation/MLDeformer/DetailPoseModel/DetailPoseModel.uplugin" 775
"../../../Engine/Plugins/Runtime/AR/AppleAR/AppleARKitFaceSupport/AppleARKitFaceSupport.uplugin" 776
"../../../Engine/Plugins/Runtime/AR/Google/GoogleARCoreServices/GoogleARCoreServices.uplugin" 777
"../../../Engine/Plugins/Runtime/AR/Google/GoogleARCore/GoogleARCore.uplugin" 778
"../../../Engine/Platforms/Android/Plugins/Animation/ACLPlugin/ACLPlugin_Android.uplugin" 779
"../../../Engine/Platforms/Android/Plugins/Animation/RigLogic/RigLogic_Android.uplugin" 780
"../../../Engine/Platforms/IOS/Plugins/Animation/RigLogic/RigLogic_IOS.uplugin" 781
"../../../Engine/Content/Internationalization/icudt64l/cnvalias.icu" 782
"../../../Engine/Content/Internationalization/icudt64l/res_index.res" 783
"../../../Engine/Content/Internationalization/icudt64l/plurals.res" 784
"../../../Engine/Content/Internationalization/icudt64l/lang/tr.res" 785
"../../../Engine/Content/Internationalization/icudt64l/lang/pool.res" 786
"../../../Engine/Content/Internationalization/icudt64l/lang/root.res" 787
"../../../Engine/Content/Internationalization/icudt64l/region/tr.res" 788
"../../../Engine/Content/Internationalization/icudt64l/region/pool.res" 789
"../../../Engine/Content/Internationalization/icudt64l/region/root.res" 790
"../../../Engine/Content/Internationalization/icudt64l/lang/en.res" 791
"../../../Engine/Content/Internationalization/icudt64l/region/en.res" 792
"../../../Engine/Content/Internationalization/icudt64l/windowsZones.res" 793
"../../../Engine/Content/Internationalization/icudt64l/zoneinfo64.res" 794
"../../../Engine/Content/Internationalization/icudt64l/keyTypeData.res" 795
"../../../Engine/Content/Internationalization/icudt64l/timezoneTypes.res" 796
"../../../Engine/Content/Internationalization/icudt64l/likelySubtags.res" 797
"../../../Engine/Content/Internationalization/icudt64l/tr_TR.res" 798
"../../../Engine/Content/Internationalization/icudt64l/pool.res" 799
"../../../Engine/Content/Internationalization/icudt64l/tr.res" 800
"../../../Engine/Content/Internationalization/icudt64l/root.res" 801
"../../../Engine/Content/Internationalization/icudt64l/supplementalData.res" 802
"../../../Engine/Config/ConfigRedirects.ini" 803
"C:/Users/Ali imran/AppData/Local/UnrealEngine/5.7/Saved/Config/WindowsEditor/Manifest.ini" 804
"../../../Engine/Config/BaseEngine.ini" 805
"../../../Engine/Config/Windows/BaseWindowsEngine.ini" 806
"../../../../../../Users/Ali imran/Documents/GitHub/SpaceRatTestBP/Config/DefaultEngine.ini" 807
"../../../Engine/Config/BaseGame.ini" 808
"../../../../../../Users/Ali imran/Documents/GitHub/SpaceRatTestBP/Config/DefaultGame.ini" 809
"../../../Engine/Config/Windows/WindowsGame.ini" 810
"C:/Users/Ali imran/Documents/GitHub/SpaceRatTestBP/Saved/Config/WindowsEditor/Game.ini" 811
"../../../Engine/Config/BaseInput.ini" 812
"../../../Engine/Config/Windows/BaseWindowsInput.ini" 813
"../../../../../../Users/Ali imran/Documents/GitHub/SpaceRatTestBP/Config/DefaultInput.ini" 814
"../../../Engine/Config/Windows/WindowsInput.ini" 815
"../../../Engine/Config/BaseDeviceProfiles.ini" 816
"../../../Engine/Config/BaseGameUserSettings.ini" 817
"C:/Users/Ali imran/Documents/GitHub/SpaceRatTestBP/Saved/Config/WindowsEditor/GameUserSettings.ini" 818
"../../../Engine/Config/BaseScalability.ini" 819
"../../../Engine/Config/BaseRuntimeOptions.ini" 820
"../../../Engine/Config/BaseInstallBundle.ini" 821
"../../../Engine/Config/BaseHardware.ini" 822
"../../../Engine/Config/BaseCompat.ini" 823
"../../../Engine/Config/BaseLightmass.ini" 824
"../../../Engine/Config/BaseEditor.ini" 825
"../../../../../../Users/Ali imran/Documents/GitHub/SpaceRatTestBP/Config/DefaultEditor.ini" 826
"C:/Users/Ali imran/Documents/GitHub/SpaceRatTestBP/Saved/Config/WindowsEditor/Editor.ini" 827
"../../../Engine/Config/BaseMaterialExpressions.ini" 828
"../../../Engine/Config/BaseEditorPerProjectUserSettings.ini" 829
"../../../../../../Users/Ali imran/Documents/GitHub/SpaceRatTestBP/Config/DefaultEditorPerProjectUserSettings.ini" 830
"../../../Engine/Config/Windows/WindowsEditorPerProjectUserSettings.ini" 831
"C:/Users/Ali imran/Documents/GitHub/SpaceRatTestBP/Saved/Config/WindowsEditor/EditorPerProjectUserSettings.ini" 832
"../../../Engine/Config/BaseEditorSettings.ini" 833
"../../../Engine/Config/Windows/WindowsEditorSettings.ini" 834
"C:/Users/Ali imran/AppData/Local/UnrealEngine/5.7/Saved/Config/WindowsEditor/EditorSettings.ini" 835
"../../../Engine/Config/BaseEditorKeyBindings.ini" 836
"C:/Users/Ali imran/AppData/Local/UnrealEngine/5.7/Saved/Config/WindowsEditor/EditorLayout.ini" 837
"../../../Engine/Config/IOS/BaseIOSEngine.ini" 838
"../../../Engine/Config/Android/BaseAndroidEngine.ini" 839
"../../../Engine/Config/TVOS/TVOSEngine.ini" 840
"../../../Engine/Config/Mac/BaseMacEngine.ini" 841
"../../../Engine/Config/Linux/BaseLinuxEngine.ini" 842
"../../../Engine/Config/Android/AndroidEngine.ini" 843
"../../../Engine/Config/IOS/BaseIOSGame.ini" 844
"../../../Engine/Config/Unix/UnixEngine.ini" 845
"../../../Engine/Config/IOS/IOSGame.ini" 846
"../../../Engine/Config/Android/BaseAndroidGame.ini" 847
"../../../Engine/Config/Android/BaseAndroidInput.ini" 848
"../../../Engine/Config/IOS/BaseIOSInput.ini" 849
"../../../Engine/Config/Mac/MacGame.ini" 850
"../../../Engine/Config/Linux/LinuxEngine.ini" 851
"../../../Engine/Platforms/VisionOS/Config/BaseVisionOSEngine.ini" 852
"../../../Engine/Platforms/VisionOS/Config/VisionOSEngine.ini" 853
"../../../Engine/Config/Android/AndroidScalability.ini" 854
"../../../Engine/Config/Linux/LinuxGame.ini" 855
"../../../Engine/Config/IOS/IOSScalability.ini" 856
"../../../Engine/Config/Mac/BaseMacInput.ini" 857
"../../../../../../Users/Ali imran/Documents/GitHub/SpaceRatTestBP/Binaries/Win64/SpaceRatTestBP-Win64-Shipping.target" 858
"../../../../../../Users/Ali imran/Documents/GitHub/SpaceRatTestBP/Intermediate/CachedAssetRegistryDiscovery.bin" 859
"../../../Engine/Config/IOS/BaseIOSInstallBundle.ini" 860
"../../../Engine/Config/Android/BaseAndroidInstallBundle.ini" 861
"../../../Engine/Binaries/Win64/BootstrapPackagedGame-Win64-Shipping.target" 862
"../../../Engine/Binaries/Win64/BuildPatchTool-Win64-Shipping.target" 863
"../../../Engine/Binaries/Win64/CrashReportClient-Win64-Shipping.target" 864
"../../../Engine/Binaries/Win64/CrashReportClientEditor-Win64-Shipping.target" 865
"../../../Engine/Binaries/Win64/DatasmithCADWorker.target" 866
"../../../Engine/Binaries/Win64/EpicWebHelper-Win64-Shipping.target" 867
"../../../Engine/Binaries/Win64/InterchangeWorker.target" 868
"../../../Engine/Binaries/Win64/LiveCodingConsole.target" 869
"../../../Engine/Binaries/Win64/LiveLinkHub.target" 870
"../../../Engine/Binaries/Win64/ShaderCompileWorker.target" 871
"../../../Engine/Binaries/Win64/SwitchboardListener.target" 872
"../../../Engine/Binaries/Win64/SwitchboardListenerHelper.target" 873
"../../../Engine/Binaries/Win64/UnrealEditor-Win64-DebugGame.target" 874
"../../../Engine/Binaries/Win64/UnrealEditor.target" 875
"../../../Engine/Config/PluginBase.ini" 876
"../../../Engine/Plugins/ChaosVD/Config/DefaultChaosVD.ini" 877
"../../../Engine/Plugins/EnhancedInput/Config/BaseEnhancedInput.ini" 878
"../../../Engine/Plugins/Fab/Config/BaseFab.ini" 879
"../../../Engine/Plugins/TraceUtilities/Config/BaseTraceUtilities.ini" 880
"../../../Engine/Plugins/Cameras/GameplayCameras/Config/BaseGameplayCameras.ini" 881
"../../../Engine/Plugins/FX/Niagara/Config/BaseNiagara.ini" 882
"C:/Users/Ali imran/Documents/GitHub/SpaceRatTestBP/Saved/Config/WindowsEditor/Niagara.ini" 883
"../../../Engine/Plugins/MetaHuman/MetaHumanSDK/Config/BaseMetaHumanSDK.ini" 884
"../../../Engine/Plugins/Compositing/CompositeCore/Config/BaseCompositeCore.ini" 885
"../../../Engine/Plugins/Enterprise/DatasmithContent/Config/BaseDatasmithContent.ini" 886
"../../../Engine/Plugins/Enterprise/VariantManagerContent/Config/BaseVariantManagerContent.ini" 887
"../../../Engine/Plugins/Enterprise/GLTFExporter/Config/BaseGLTFExporter.ini" 888
"../../../Engine/Plugins/Enterprise/GLTFExporter/Config/DefaultGLTFExporter.ini" 889
"../../../Engine/Plugins/Interchange/Runtime/Config/BaseInterchange.ini" 890
"../../../Engine/Plugins/Interchange/Assets/Config/BaseInterchangeAssets.ini" 891
"../../../Engine/Plugins/Experimental/FullBodyIK/Config/BaseFullBodyIK.ini" 892
"../../../Engine/Plugins/Experimental/ToolPresets/Config/BaseToolPresets.ini" 893
"../../../Engine/Plugins/Runtime/GameplayStateTree/Config/BaseGameplayStateTree.ini" 894
"../../../Engine/Plugins/Runtime/HairStrands/Config/BaseHairStrands.ini" 895
"../../../Engine/Plugins/Runtime/Metasound/Config/BaseMetasound.ini" 896
"../../../Engine/Plugins/Runtime/Metasound/Config/DefaultMetasound.ini" 897
"../../../Engine/Plugins/Runtime/PropertyBindingUtils/Config/BasePropertyBindingUtils.ini" 898
"../../../Engine/Plugins/Runtime/RigVM/Config/BaseRigVM.ini" 899
"../../../Engine/Plugins/Runtime/StateTree/Config/BaseStateTree.ini" 900
"../../../Engine/Plugins/Runtime/Synthesis/Config/BaseSynthesis.ini" 901
"../../../Engine/Plugins/2D/Paper2D/Config/BasePaper2D.ini" 902
"../../../Engine/Plugins/Animation/ControlRig/Config/BaseControlRig.ini" 903
"../../../Engine/Plugins/Animation/DeformerGraph/Config/BaseDeformerGraph.ini" 904
"../../../Engine/Plugins/Animation/IKRig/Config/BaseIKRig.ini" 905
"../../../Engine/Plugins/Editor/EditorScriptingUtilities/Config/BaseEditorScriptingUtilities.ini" 906
"../../../Engine/Plugins/VirtualProduction/Takes/Config/BaseTakes.ini" 907
"../../../Engine/Plugins/ChaosVD/Config/Engine.ini" 908
"../../../Engine/Plugins/EnhancedInput/Config/Input.ini" 909
"../../../Engine/Plugins/Runtime/InputDebugging/Config/Input.ini" 910
"../../../Engine/Plugins/Runtime/Windows/XInputDevice/Config/Input.ini" 911
"../../../Engine/Plugins/Runtime/RigVM/Config/Editor.ini" 912
"../../../Engine/Plugins/Online/OnlineSubsystemUtils/Config/Editor.ini" 913
"../../../Engine/Plugins/NNE/NNEDenoiser/Config/Game.ini" 914
"../../../Engine/Plugins/Editor/ModelingToolsEditorMode/Binaries/Win64/UnrealEditor.modules" 915
"../../../Engine/Plugins/Runtime/MeshModelingToolset/Binaries/Win64/UnrealEditor.modules" 916
"../../../Engine/Plugins/Experimental/MeshModelingToolsetExp/Binaries/Win64/UnrealEditor.modules" 917
"../../../Engine/Plugins/Editor/MeshLODToolset/Binaries/Win64/UnrealEditor.modules" 918
"../../../Engine/Plugins/Experimental/ToolPresets/Binaries/Win64/UnrealEditor.modules" 919
"../../../Engine/Plugins/Editor/StylusInput/Binaries/Win64/UnrealEditor.modules" 920
"../../../Engine/Plugins/Runtime/GeometryProcessing/Binaries/Win64/UnrealEditor.modules" 921
"../../../Engine/Plugins/Editor/ProxyLODPlugin/Binaries/Win64/UnrealEditor.modules" 922
"../../../Engine/Plugins/Experimental/PlanarCutPlugin/Binaries/Win64/UnrealEditor.modules" 923
"../../../Engine/Plugins/Runtime/GeometryCache/Binaries/Win64/UnrealEditor.modules" 924
"../../../Engine/Plugins/Experimental/GeometryFlow/Binaries/Win64/UnrealEditor.modules" 925
"../../../Engine/Plugins/Editor/EditorScriptingUtilities/Binaries/Win64/UnrealEditor.modules" 926
"../../../Engine/Plugins/FX/Niagara/Binaries/Win64/UnrealEditor.modules" 927
"../../../Engine/Plugins/Experimental/PythonScriptPlugin/Binaries/Win64/UnrealEditor.modules" 928
"../../../Engine/Plugins/Editor/ContentBrowser/ContentBrowserFileDataSource/Binaries/Win64/UnrealEditor.modules" 929
"../../../Engine/Plugins/Runtime/GameplayStateTree/Binaries/Win64/UnrealEditor.modules" 930
"../../../Engine/Plugins/Runtime/StateTree/Binaries/Win64/UnrealEditor.modules" 931
"../../../Engine/Plugins/Animation/GameplayInsights/Binaries/Win64/UnrealEditor.modules" 932
"../../../Engine/Plugins/Runtime/PropertyAccess/Binaries/Win64/UnrealEditor.modules" 933
"../../../Engine/Plugins/Runtime/PropertyBindingUtils/Binaries/Win64/UnrealEditor.modules" 934
"../../../Engine/Plugins/AudioInsights/Binaries/Win64/UnrealEditor.modules" 935
"../../../Engine/Plugins/Runtime/AudioWidgets/Binaries/Win64/UnrealEditor.modules" 936
"../../../Engine/Plugins/Runtime/AudioSynesthesia/Binaries/Win64/UnrealEditor.modules" 937
"../../../Engine/Plugins/Bridge/Binaries/Win64/UnrealEditor.modules" 938
"../../../Engine/Plugins/MetaHuman/MetaHumanSDK/Binaries/Win64/UnrealEditor.modules" 939
"../../../Engine/Plugins/Animation/ControlRig/Binaries/Win64/UnrealEditor.modules" 940
"../../../Engine/Plugins/Runtime/HairStrands/Binaries/Win64/UnrealEditor.modules" 941
"../../../Engine/Plugins/Animation/RigLogic/Binaries/Win64/UnrealEditor.modules" 942
"../../../Engine/Plugins/Interchange/Runtime/Binaries/Win64/UnrealEditor.modules" 943
"../../../Engine/Plugins/Online/EOSShared/Binaries/Win64/UnrealEditor.modules" 944
"../../../Engine/Plugins/Runtime/RigVM/Binaries/Win64/UnrealEditor.modules" 945
"../../../Engine/Plugins/MovieScene/LevelSequenceEditor/Binaries/Win64/UnrealEditor.modules" 946
"../../../Engine/Plugins/MovieScene/SequencerScripting/Binaries/Win64/UnrealEditor.modules" 947
"../../../Engine/Plugins/Animation/TweeningUtils/Binaries/Win64/UnrealEditor.modules" 948
"../../../Engine/Plugins/Animation/DeformerGraph/Binaries/Win64/UnrealEditor.modules" 949
"../../../Engine/Plugins/Experimental/Dataflow/Binaries/Win64/UnrealEditor.modules" 950
"../../../Engine/Plugins/Runtime/ComputeFramework/Binaries/Win64/UnrealEditor.modules" 951
"../../../Engine/Plugins/Enterprise/VariantManagerContent/Binaries/Win64/UnrealEditor.modules" 952
"../../../Engine/Plugins/Enterprise/VariantManager/Binaries/Win64/UnrealEditor.modules" 953
"../../../Engine/Plugins/Interchange/Assets/Binaries/Win64/UnrealEditor.modules" 954
"../../../Engine/Plugins/Experimental/CharacterFXEditor/BaseCharacterFXEditor/Binaries/Win64/UnrealEditor.modules" 955
"../../../Engine/Plugins/Runtime/ProceduralMeshComponent/Binaries/Win64/UnrealEditor.modules" 956
"../../../Engine/Plugins/Experimental/ChaosCaching/Binaries/Win64/UnrealEditor.modules" 957
"../../../Engine/Plugins/Experimental/EditorDataStorage/Binaries/Win64/UnrealEditor.modules" 958
"../../../Engine/Plugins/Experimental/EditorDataStorageFeatures/Binaries/Win64/UnrealEditor.modules" 959
"../../../Engine/Plugins/Animation/SkeletalMeshModelingTools/Binaries/Win64/UnrealEditor.modules" 960
"../../../Engine/Plugins/VirtualProduction/Takes/Binaries/Win64/UnrealEditor.modules" 961
"../../../Engine/Plugins/Runtime/AudioCapture/Binaries/Win64/UnrealEditor.modules" 962
"../../../Engine/Plugins/Developer/NamingTokens/Binaries/Win64/UnrealEditor.modules" 963
"../../../Engine/Plugins/Editor/EngineAssetDefinitions/Binaries/Win64/UnrealEditor.modules" 964
"../../../Engine/Plugins/ChaosCloth/Binaries/Win64/UnrealEditor.modules" 965
"../../../Engine/Plugins/ChaosVD/Binaries/Win64/UnrealEditor.modules" 966
"../../../Engine/Plugins/ChaosInsights/Binaries/Win64/UnrealEditor.modules" 967
"../../../Engine/Plugins/CmdLinkServer/Binaries/Win64/UnrealEditor.modules" 968
"../../../Engine/Plugins/EnhancedInput/Binaries/Win64/UnrealEditor.modules" 969
"../../../Engine/Plugins/Editor/DataValidation/Binaries/Win64/UnrealEditor.modules" 970
"../../../Engine/Plugins/Fab/Binaries/Win64/UnrealEditor.modules" 971
"../../../Engine/Plugins/IoStoreInsights/Binaries/Win64/UnrealEditor.modules" 972
"../../../Engine/Plugins/MassInsights/Binaries/Win64/UnrealEditor.modules" 973
"../../../Engine/Plugins/MeshPainting/Binaries/Win64/UnrealEditor.modules" 974
"../../../Engine/Plugins/Interchange/Editor/Binaries/Win64/UnrealEditor.modules" 975
"../../../Engine/Plugins/RenderGraphInsights/Binaries/Win64/UnrealEditor.modules" 976
"../../../Engine/Plugins/TraceUtilities/Binaries/Win64/UnrealEditor.modules" 977
"../../../Engine/Plugins/UbaController/Binaries/Win64/UnrealEditor.modules" 978
"../../../Engine/Plugins/XGEController/Binaries/Win64/UnrealEditor.modules" 979
"../../../Engine/Plugins/WorldMetrics/Binaries/Win64/UnrealEditor.modules" 980
"../../../Engine/Plugins/AI/EnvironmentQueryEditor/Binaries/Win64/UnrealEditor.modules" 981
"../../../Engine/Plugins/AI/AISupport/Binaries/Win64/UnrealEditor.modules" 982
"../../../Engine/Plugins/Cameras/GameplayCameras/Binaries/Win64/UnrealEditor.modules" 983
"../../../Engine/Plugins/MovieScene/TemplateSequence/Binaries/Win64/UnrealEditor.modules" 984
"../../../Engine/Plugins/Cameras/CameraShakePreviewer/Binaries/Win64/UnrealEditor.modules" 985
"../../../Engine/Plugins/FX/Cascade/Binaries/Win64/UnrealEditor.modules" 986
"../../../Engine/Plugins/Cameras/EngineCameras/Binaries/Win64/UnrealEditor.modules" 987
"../../../Engine/Plugins/FX/NiagaraSimCaching/Binaries/Win64/UnrealEditor.modules" 988
"../../../Engine/Plugins/Messaging/UdpMessaging/Binaries/Win64/UnrealEditor.modules" 989
"../../../Engine/Plugins/FX/NiagaraPreviewContent/Binaries/Win64/UnrealEditor.modules" 990
"../../../Engine/Plugins/Messaging/TcpMessaging/Binaries/Win64/UnrealEditor.modules" 991
"../../../Engine/Plugins/Importers/AlembicImporter/Binaries/Win64/UnrealEditor.modules" 992
"../../../Engine/Plugins/Enterprise/DatasmithContent/Binaries/Win64/UnrealEditor.modules" 993
"../../../Engine/Plugins/Enterprise/GLTFExporter/Binaries/Win64/UnrealEditor.modules" 994
"../../../Engine/Plugins/MovieScene/ActorSequence/Binaries/Win64/UnrealEditor.modules" 995
"../../../Engine/Plugins/MovieScene/SequenceValidator/Binaries/Win64/UnrealEditor.modules" 996
"../../../Engine/Plugins/Developer/AnimationSharing/Binaries/Win64/UnrealEditor.modules" 997
"../../../Engine/Plugins/Runtime/SignificanceManager/Binaries/Win64/UnrealEditor.modules" 998
"../../../Engine/Plugins/Developer/CLionSourceCodeAccess/Binaries/Win64/UnrealEditor.modules" 999
"../../../Engine/Plugins/Developer/GPUReshape/Binaries/Win64/UnrealEditor.modules" 1000
"../../../Engine/Plugins/Developer/DumpGPUServices/Binaries/Win64/UnrealEditor.modules" 1001
"../../../Engine/Plugins/Developer/GitSourceControl/Binaries/Win64/UnrealEditor.modules" 1002
"../../../Engine/Plugins/Developer/N10XSourceCodeAccess/Binaries/Win64/UnrealEditor.modules" 1003
"../../../Engine/Plugins/Developer/PluginUtils/Binaries/Win64/UnrealEditor.modules" 1004
"../../../Engine/Plugins/Developer/RenderDocPlugin/Binaries/Win64/UnrealEditor.modules" 1005
"../../../Engine/Plugins/Developer/ProjectLauncher/Binaries/Win64/UnrealEditor.modules" 1006
"../../../Engine/Plugins/Developer/PropertyAccessNode/Binaries/Win64/UnrealEditor.modules" 1007
"../../../Engine/Plugins/Developer/PixWinPlugin/Binaries/Win64/UnrealEditor.modules" 1008
"../../../Engine/Plugins/Developer/PlasticSourceControl/Binaries/Win64/UnrealEditor.modules" 1009
"../../../Engine/Plugins/Developer/PerforceSourceControl/Binaries/Win64/UnrealEditor.modules" 1010
"../../../Engine/Plugins/Developer/RiderSourceCodeAccess/Binaries/Win64/UnrealEditor.modules" 1011
"../../../Engine/Plugins/Developer/SubversionSourceControl/Binaries/Win64/UnrealEditor.modules" 1012
"../../../Engine/Plugins/Developer/TextureFormatOodle/Binaries/Win64/UnrealEditor.modules" 1013
"../../../Engine/Plugins/Portal/LauncherChunkInstaller/Binaries/Win64/UnrealEditor.modules" 1014
"../../../Engine/Plugins/Developer/UObjectPlugin/Binaries/Win64/UnrealEditor.modules" 1015
"../../../Engine/Plugins/Developer/VisualStudioCodeSourceCodeAccess/Binaries/Win64/UnrealEditor.modules" 1016
"../../../Engine/Plugins/Developer/VisualStudioSourceCodeAccess/Binaries/Win64/UnrealEditor.modules" 1017
"../../../Engine/Plugins/Tests/InterchangeTests/Binaries/Win64/UnrealEditor.modules" 1018
"../../../Engine/Plugins/Experimental/AdvancedRenamer/Binaries/Win64/UnrealEditor.modules" 1019
"../../../Engine/Plugins/Experimental/AutomationUtils/Binaries/Win64/UnrealEditor.modules" 1020
"../../../Engine/Plugins/Experimental/BackChannel/Binaries/Win64/UnrealEditor.modules" 1021
"../../../Engine/Plugins/Experimental/ChaosEditor/Binaries/Win64/UnrealEditor.modules" 1022
"../../../Engine/Plugins/Experimental/GeometryCollectionPlugin/Binaries/Win64/UnrealEditor.modules" 1023
"../../../Engine/Plugins/Experimental/Fracture/Binaries/Win64/UnrealEditor.modules" 1024
"../../../Engine/Plugins/Experimental/ChaosSolverPlugin/Binaries/Win64/UnrealEditor.modules" 1025
"../../../Engine/Plugins/Experimental/GeometryDataflow/Binaries/Win64/UnrealEditor.modules" 1026
"../../../Engine/Plugins/Experimental/ChaosNiagara/Binaries/Win64/UnrealEditor.modules" 1027
"../../../Engine/Plugins/Experimental/ChaosUserDataPT/Binaries/Win64/UnrealEditor.modules" 1028
"../../../Engine/Plugins/Experimental/CharacterAI/Binaries/Win64/UnrealEditor.modules" 1029
"../../../Engine/Plugins/Experimental/EditorPerformance/Binaries/Win64/UnrealEditor.modules" 1030
"../../../Engine/Plugins/Experimental/EditorTelemetry/Binaries/Win64/UnrealEditor.modules" 1031
"../../../Engine/Plugins/Experimental/GlobalConfigurationData/Binaries/Win64/UnrealEditor.modules" 1032
"../../../Engine/Plugins/Experimental/LevelSequenceNavigatorBridge/Binaries/Win64/UnrealEditor.modules" 1033
"../../../Engine/Plugins/Experimental/SequenceNavigator/Binaries/Win64/UnrealEditor.modules" 1034
"../../../Engine/Plugins/Experimental/LocalizableMessage/Binaries/Win64/UnrealEditor.modules" 1035
"../../../Engine/Plugins/Experimental/NFORDenoise/Binaries/Win64/UnrealEditor.modules" 1036
"../../../Engine/Plugins/Experimental/PlatformCrypto/Binaries/Win64/UnrealEditor.modules" 1037
"../../../Engine/Plugins/Experimental/RuntimeTelemetry/Binaries/Win64/UnrealEditor.modules" 1038
"../../../Engine/Plugins/Experimental/SkeletalReduction/Binaries/Win64/UnrealEditor.modules" 1039
"../../../Engine/Plugins/Media/AndroidMedia/Binaries/Win64/UnrealEditor.modules" 1040
"../../../Engine/Plugins/Media/AvfMedia/Binaries/Win64/UnrealEditor.modules" 1041
"../../../Engine/Plugins/Media/ImgMedia/Binaries/Win64/UnrealEditor.modules" 1042
"../../../Engine/Plugins/Media/MediaPlayerEditor/Binaries/Win64/UnrealEditor.modules" 1043
"../../../Engine/Plugins/Media/MediaCompositing/Binaries/Win64/UnrealEditor.modules" 1044
"../../../Engine/Plugins/Media/MediaPlate/Binaries/Win64/UnrealEditor.modules" 1045
"../../../Engine/Plugins/Compositing/CompositeCore/Binaries/Win64/UnrealEditor.modules" 1046
"../../../Engine/Plugins/Runtime/ActorLayerUtilities/Binaries/Win64/UnrealEditor.modules" 1047
"../../../Engine/Plugins/Media/WmfMedia/Binaries/Win64/UnrealEditor.modules" 1048
"../../../Engine/Plugins/Runtime/AndroidDeviceProfileSelector/Binaries/Win64/UnrealEditor.modules" 1049
"../../../Engine/Plugins/Runtime/AndroidFileServer/Binaries/Win64/UnrealEditor.modules" 1050
"../../../Engine/Plugins/Runtime/AndroidPermission/Binaries/Win64/UnrealEditor.modules" 1051
"../../../Engine/Plugins/Runtime/AppleImageUtils/Binaries/Win64/UnrealEditor.modules" 1052
"../../../Engine/Plugins/Runtime/AssetTags/Binaries/Win64/UnrealEditor.modules" 1053
"../../../Engine/Plugins/Runtime/ArchVisCharacter/Binaries/Win64/UnrealEditor.modules" 1054
"../../../Engine/Plugins/Runtime/CustomMeshComponent/Binaries/Win64/UnrealEditor.modules" 1055
"../../../Engine/Plugins/Runtime/ChunkDownloader/Binaries/Win64/UnrealEditor.modules" 1056
"../../../Engine/Plugins/Runtime/CableComponent/Binaries/Win64/UnrealEditor.modules" 1057
"../../../Engine/Plugins/Runtime/ExampleDeviceProfileSelector/Binaries/Win64/UnrealEditor.modules" 1058
"../../../Engine/Plugins/Runtime/GooglePAD/Binaries/Win64/UnrealEditor.modules" 1059
"../../../Engine/Plugins/Runtime/InputDebugging/Binaries/Win64/UnrealEditor.modules" 1060
"../../../Engine/Plugins/Runtime/LocationServicesBPLibrary/Binaries/Win64/UnrealEditor.modules" 1061
"../../../Engine/Plugins/Runtime/MsQuic/Binaries/Win64/UnrealEditor.modules" 1062
"../../../Engine/Plugins/Runtime/Metasound/Binaries/Win64/UnrealEditor.modules" 1063
"../../../Engine/Plugins/Editor/ContentBrowser/ContentBrowserAssetDataSource/Binaries/Win64/UnrealEditor.modules" 1064
"../../../Engine/Plugins/Runtime/WaveTable/Binaries/Win64/UnrealEditor.modules" 1065
"../../../Engine/Plugins/Runtime/MobilePatchingUtils/Binaries/Win64/UnrealEditor.modules" 1066
"../../../Engine/Plugins/Runtime/ResonanceAudio/Binaries/Win64/UnrealEditor.modules" 1067
"../../../Engine/Plugins/Runtime/SoundFields/Binaries/Win64/UnrealEditor.modules" 1068
"../../../Engine/Plugins/Runtime/Synthesis/Binaries/Win64/UnrealEditor.modules" 1069
"../../../Engine/Plugins/Runtime/WebMMoviePlayer/Binaries/Win64/UnrealEditor.modules" 1070
"../../../Engine/Plugins/Media/WebMMedia/Binaries/Win64/UnrealEditor.modules" 1071
"../../../Engine/Plugins/Runtime/WindowsMoviePlayer/Binaries/Win64/UnrealEditor.modules" 1072
"../../../Engine/Plugins/NNE/NNEDenoiser/Binaries/Win64/UnrealEditor.modules" 1073
"../../../Engine/Plugins/NNE/NNERuntimeORT/Binaries/Win64/UnrealEditor.modules" 1074
"../../../Engine/Plugins/Runtime/WindowsDeviceProfileSelector/Binaries/Win64/UnrealEditor.modules" 1075
"../../../Engine/Plugins/2D/Paper2D/Binaries/Win64/UnrealEditor.modules" 1076
"../../../Engine/Plugins/Animation/ACLPlugin/Binaries/Win64/UnrealEditor.modules" 1077
"../../../Engine/Plugins/Animation/AnimationData/Binaries/Win64/UnrealEditor.modules" 1078
"../../../Engine/Plugins/Animation/AnimationModifierLibrary/Binaries/Win64/UnrealEditor.modules" 1079
"../../../Engine/Plugins/Animation/BlendSpaceMotionAnalysis/Binaries/Win64/UnrealEditor.modules" 1080
"../../../Engine/Plugins/Animation/ControlRigSpline/Binaries/Win64/UnrealEditor.modules" 1081
"../../../Engine/Plugins/Animation/EaseCurveTool/Binaries/Win64/UnrealEditor.modules" 1082
"../../../Engine/Plugins/Animation/IKRig/Binaries/Win64/UnrealEditor.modules" 1083
"../../../Engine/Plugins/Experimental/FullBodyIK/Binaries/Win64/UnrealEditor.modules" 1084
"../../../Engine/Plugins/Compression/OodleNetwork/Binaries/Win64/UnrealEditor.modules" 1085
"../../../Engine/Plugins/Editor/AssetManagerEditor/Binaries/Win64/UnrealEditor.modules" 1086
"../../../Engine/Plugins/Editor/ChangelistReview/Binaries/Win64/UnrealEditor.modules" 1087
"../../../Engine/Plugins/Editor/CryptoKeys/Binaries/Win64/UnrealEditor.modules" 1088
"../../../Engine/Plugins/Editor/ColorGrading/Binaries/Win64/UnrealEditor.modules" 1089
"../../../Engine/Plugins/Editor/ObjectMixer/ObjectMixer/Binaries/Win64/UnrealEditor.modules" 1090
"../../../Engine/Plugins/Editor/BlueprintHeaderView/Binaries/Win64/UnrealEditor.modules" 1091
"../../../Engine/Plugins/Editor/CurveEditorTools/Binaries/Win64/UnrealEditor.modules" 1092
"../../../Engine/Plugins/Editor/EditorDebugTools/Binaries/Win64/UnrealEditor.modules" 1093
"../../../Engine/Plugins/Editor/GameplayTagsEditor/Binaries/Win64/UnrealEditor.modules" 1094
"../../../Engine/Plugins/Editor/GeometryMode/Binaries/Win64/UnrealEditor.modules" 1095
"../../../Engine/Plugins/Editor/FacialAnimation/Binaries/Win64/UnrealEditor.modules" 1096
"../../../Engine/Plugins/Editor/MaterialAnalyzer/Binaries/Win64/UnrealEditor.modules" 1097
"../../../Engine/Plugins/Editor/MobileLauncherProfileWizard/Binaries/Win64/UnrealEditor.modules" 1098
"../../../Engine/Plugins/Editor/PluginBrowser/Binaries/Win64/UnrealEditor.modules" 1099
"../../../Engine/Plugins/Editor/SequencerAnimTools/Binaries/Win64/UnrealEditor.modules" 1100
"../../../Engine/Plugins/Editor/SpeedTreeImporter/Binaries/Win64/UnrealEditor.modules" 1101
"../../../Engine/Plugins/Editor/UMGWidgetPreview/Binaries/Win64/UnrealEditor.modules" 1102
"../../../Engine/Plugins/Editor/UVEditor/Binaries/Win64/UnrealEditor.modules" 1103
"../../../Engine/Plugins/Online/OnlineBase/Binaries/Win64/UnrealEditor.modules" 1104
"../../../Engine/Plugins/Editor/WorldPartitionHLODUtilities/Binaries/Win64/UnrealEditor.modules" 1105
"../../../Engine/Plugins/Online/OnlineSubsystem/Binaries/Win64/UnrealEditor.modules" 1106
"../../../Engine/Plugins/Online/OnlineSubsystemNull/Binaries/Win64/UnrealEditor.modules" 1107
"../../../Engine/Plugins/Online/OnlineSubsystemUtils/Binaries/Win64/UnrealEditor.modules" 1108
"../../../Engine/Plugins/Online/OnlineServices/Binaries/Win64/UnrealEditor.modules" 1109
"../../../Engine/Plugins/Editor/Localization/PortableObjectFileDataSource/Binaries/Win64/UnrealEditor.modules" 1110
"../../../Engine/Plugins/Editor/ObjectMixer/LightMixer/Binaries/Win64/UnrealEditor.modules" 1111
"../../../Engine/Plugins/Runtime/Windows/XInputDevice/Binaries/Win64/UnrealEditor.modules" 1112
"../../../Engine/Plugins/Editor/ContentBrowser/ContentBrowserClassDataSource/Binaries/Win64/UnrealEditor.modules" 1113
"../../../Engine/Config/BaseSourceControlSettings.ini" 1114
"C:/Users/Ali imran/AppData/Local/UnrealEngine/5.7/Saved/Config/WindowsEditor/SourceControlSettings.ini" 1115
"C:/Users/Ali imran/Documents/GitHub/SpaceRatTestBP/Saved/Config/WindowsEditor/SourceControlSettings.ini" 1116
"../../../Engine/Content/Internationalization/icudt64l/coll/ucadata.icu" 1117
"../../../Engine/Content/Internationalization/icudt64l/coll/tr.res" 1118
"../../../Engine/Content/Internationalization/icudt64l/coll/root.res" 1119
"../../../Engine/Content/Certificates/ThirdParty/cacert.pem" 1120
"../../../Engine/Config/ConsoleVariables.ini" 1121
"../../../Engine/Binaries/Win64/Android/UnrealEditor.modules" 1122
"../../../Engine/Binaries/Win64/IOS/UnrealEditor.modules" 1123
"../../../Engine/Binaries/Win64/Linux/UnrealEditor.modules" 1124
"../../../Engine/Content/Localization/Editor/en/Editor.locres" 1125
"../../../Engine/Content/Localization/Keywords/en/Keywords.locres" 1126
"../../../Engine/Content/Localization/Category/en/Category.locres" 1127
"../../../Engine/Content/Localization/ToolTips/en/ToolTips.locres" 1128
"../../../Engine/Content/Localization/PropertyNames/en/PropertyNames.locres" 1129
"../../../Engine/Content/Localization/Engine/en/Engine.locres" 1130
"../../../Engine/Plugins/MetaHuman/MetaHumanSDK/Content/Localization/MetaHumanSDK/en/MetaHumanSDK.locres" 1131
"../../../Engine/Plugins/MetaHuman/MetaHumanSDK/Content/Localization/MetaHumanSDK_Properties/en/MetaHumanSDK_Properties.locres" 1132
"../../../Engine/Plugins/MetaHuman/MetaHumanSDK/Content/Localization/MetaHumanSDK_Tooltips/en/MetaHumanSDK_Tooltips.locres" 1133
"../../../Engine/Plugins/Online/OnlineSubsystem/Content/Localization/OnlineSubsystem/en/OnlineSubsystem.locres" 1134
"../../../Engine/Plugins/Online/OnlineSubsystemUtils/Content/Localization/OnlineSubsystemUtils/en/OnlineSubsystemUtils.locres" 1135
"../../../Engine/Plugins/Online/IOS/OnlineSubsystemIOS/Content/Localization/OnlineSubsystemIOS/en/OnlineSubsystemIOS.locres" 1136
"../../../Engine/Plugins/Online/Android/OnlineSubsystemGooglePlay/Content/Localization/OnlineSubsystemGooglePlay/en/OnlineSubsystemGooglePlay.locres" 1137
"../../../Engine/Content/Internationalization/icudt64l/numberingSystems.res" 1138
"../../../Engine/Content/Internationalization/icudt64l/curr/supplementalData.res" 1139
"../../../Engine/Content/Internationalization/icudt64l/curr/tr.res" 1140
"../../../Engine/Content/Internationalization/icudt64l/curr/pool.res" 1141
"../../../Engine/Content/Internationalization/icudt64l/curr/root.res" 1142
"../../../Engine/Content/Internationalization/icudt64l/lang/af.res" 1143
"../../../Engine/Content/Internationalization/icudt64l/region/af.res" 1144
"../../../Engine/Content/Internationalization/icudt64l/lang/agq.res" 1145
"../../../Engine/Content/Internationalization/icudt64l/region/agq.res" 1146
"../../../Engine/Content/Internationalization/icudt64l/lang/ak.res" 1147
"../../../Engine/Content/Internationalization/icudt64l/region/ak.res" 1148
"../../../Engine/Content/Internationalization/icudt64l/lang/am.res" 1149
"../../../Engine/Content/Internationalization/icudt64l/region/am.res" 1150
"../../../Engine/Content/Internationalization/icudt64l/lang/ar.res" 1151
"../../../Engine/Content/Internationalization/icudt64l/region/ar.res" 1152
"../../../Engine/Content/Internationalization/icudt64l/region/ar_AE.res" 1153
"../../../Engine/Content/Internationalization/icudt64l/lang/ar_EG.res" 1154
"../../../Engine/Content/Internationalization/icudt64l/lang/ar_LY.res" 1155
"../../../Engine/Content/Internationalization/icudt64l/region/ar_LY.res" 1156
"../../../Engine/Content/Internationalization/icudt64l/lang/ar_SA.res" 1157
"../../../Engine/Content/Internationalization/icudt64l/region/ar_SA.res" 1158
"../../../Engine/Content/Internationalization/icudt64l/lang/as.res" 1159
"../../../Engine/Content/Internationalization/icudt64l/region/as.res" 1160
"../../../Engine/Content/Internationalization/icudt64l/lang/asa.res" 1161
"../../../Engine/Content/Internationalization/icudt64l/region/asa.res" 1162
"../../../Engine/Content/Internationalization/icudt64l/lang/ast.res" 1163
"../../../Engine/Content/Internationalization/icudt64l/region/ast.res" 1164
"../../../Engine/Content/Internationalization/icudt64l/lang/az.res" 1165
"../../../Engine/Content/Internationalization/icudt64l/lang/az_Cyrl.res" 1166
"../../../Engine/Content/Internationalization/icudt64l/lang/az_AZ.res" 1167
"../../../Engine/Content/Internationalization/icudt64l/lang/az_Latn_AZ.res" 1168
"../../../Engine/Content/Internationalization/icudt64l/lang/az_Latn.res" 1169
"../../../Engine/Content/Internationalization/icudt64l/region/az_AZ.res" 1170
"../../../Engine/Content/Internationalization/icudt64l/region/az_Latn_AZ.res" 1171
"../../../Engine/Content/Internationalization/icudt64l/region/az_Latn.res" 1172
"../../../Engine/Content/Internationalization/icudt64l/region/az.res" 1173
"../../../Engine/Content/Internationalization/icudt64l/region/az_Cyrl.res" 1174
"../../../Engine/Content/Internationalization/icudt64l/lang/bas.res" 1175
"../../../Engine/Content/Internationalization/icudt64l/region/bas.res" 1176
"../../../Engine/Content/Internationalization/icudt64l/lang/be.res" 1177
"../../../Engine/Content/Internationalization/icudt64l/region/be.res" 1178
"../../../Engine/Content/Internationalization/icudt64l/lang/bem.res" 1179
"../../../Engine/Content/Internationalization/icudt64l/region/bem.res" 1180
"../../../Engine/Content/Internationalization/icudt64l/lang/bez.res" 1181
"../../../Engine/Content/Internationalization/icudt64l/region/bez.res" 1182
"../../../Engine/Content/Internationalization/icudt64l/lang/bg.res" 1183
"../../../Engine/Content/Internationalization/icudt64l/region/bg.res" 1184
"../../../Engine/Content/Internationalization/icudt64l/lang/bm.res" 1185
"../../../Engine/Content/Internationalization/icudt64l/region/bm.res" 1186
"../../../Engine/Content/Internationalization/icudt64l/lang/bn.res" 1187
"../../../Engine/Content/Internationalization/icudt64l/region/bn.res" 1188
"../../../Engine/Content/Internationalization/icudt64l/lang/bn_IN.res" 1189
"../../../Engine/Content/Internationalization/icudt64l/region/bn_IN.res" 1190
"../../../Engine/Content/Internationalization/icudt64l/lang/bo.res" 1191
"../../../Engine/Content/Internationalization/icudt64l/region/bo.res" 1192
"../../../Engine/Content/Internationalization/icudt64l/region/bo_IN.res" 1193
"../../../Engine/Content/Internationalization/icudt64l/lang/br.res" 1194
"../../../Engine/Content/Internationalization/icudt64l/region/br.res" 1195
"../../../Engine/Content/Internationalization/icudt64l/lang/brx.res" 1196
"../../../Engine/Content/Internationalization/icudt64l/region/brx.res" 1197
"../../../Engine/Content/Internationalization/icudt64l/lang/bs.res" 1198
"../../../Engine/Content/Internationalization/icudt64l/lang/bs_Cyrl.res" 1199
"../../../Engine/Content/Internationalization/icudt64l/lang/bs_BA.res" 1200
"../../../Engine/Content/Internationalization/icudt64l/lang/bs_Latn_BA.res" 1201
"../../../Engine/Content/Internationalization/icudt64l/lang/bs_Latn.res" 1202
"../../../Engine/Content/Internationalization/icudt64l/region/bs_BA.res" 1203
"../../../Engine/Content/Internationalization/icudt64l/region/bs_Latn_BA.res" 1204
"../../../Engine/Content/Internationalization/icudt64l/region/bs_Latn.res" 1205
"../../../Engine/Content/Internationalization/icudt64l/region/bs.res" 1206
"../../../Engine/Content/Internationalization/icudt64l/region/bs_Cyrl.res" 1207
"../../../Engine/Content/Internationalization/icudt64l/lang/ca.res" 1208
"../../../Engine/Content/Internationalization/icudt64l/region/ca.res" 1209
"../../../Engine/Content/Internationalization/icudt64l/lang/ccp.res" 1210
"../../../Engine/Content/Internationalization/icudt64l/region/ccp.res" 1211
"../../../Engine/Content/Internationalization/icudt64l/lang/ce.res" 1212
"../../../Engine/Content/Internationalization/icudt64l/region/ce.res" 1213
"../../../Engine/Content/Internationalization/icudt64l/lang/ceb.res" 1214
"../../../Engine/Content/Internationalization/icudt64l/region/ceb.res" 1215
"../../../Engine/Content/Internationalization/icudt64l/lang/cgg.res" 1216
"../../../Engine/Content/Internationalization/icudt64l/region/cgg.res" 1217
"../../../Engine/Content/Internationalization/icudt64l/lang/chr.res" 1218
"../../../Engine/Content/Internationalization/icudt64l/region/chr.res" 1219
"../../../Engine/Content/Internationalization/icudt64l/lang/ckb.res" 1220
"../../../Engine/Content/Internationalization/icudt64l/region/ckb.res" 1221
"../../../Engine/Content/Internationalization/icudt64l/lang/cs.res" 1222
"../../../Engine/Content/Internationalization/icudt64l/region/cs.res" 1223
"../../../Engine/Content/Internationalization/icudt64l/lang/cy.res" 1224
"../../../Engine/Content/Internationalization/icudt64l/region/cy.res" 1225
"../../../Engine/Content/Internationalization/icudt64l/lang/da.res" 1226
"../../../Engine/Content/Internationalization/icudt64l/region/da.res" 1227
"../../../Engine/Content/Internationalization/icudt64l/lang/dav.res" 1228
"../../../Engine/Content/Internationalization/icudt64l/region/dav.res" 1229
"../../../Engine/Content/Internationalization/icudt64l/lang/de.res" 1230
"../../../Engine/Content/Internationalization/icudt64l/lang/de_AT.res" 1231
"../../../Engine/Content/Internationalization/icudt64l/region/de_AT.res" 1232
"../../../Engine/Content/Internationalization/icudt64l/region/de.res" 1233
"../../../Engine/Content/Internationalization/icudt64l/lang/de_CH.res" 1234
"../../../Engine/Content/Internationalization/icudt64l/region/de_CH.res" 1235
"../../../Engine/Content/Internationalization/icudt64l/lang/de_LU.res" 1236
"../../../Engine/Content/Internationalization/icudt64l/lang/dje.res" 1237
"../../../Engine/Content/Internationalization/icudt64l/region/dje.res" 1238
"../../../Engine/Content/Internationalization/icudt64l/lang/dsb.res" 1239
"../../../Engine/Content/Internationalization/icudt64l/region/dsb.res" 1240
"../../../Engine/Content/Internationalization/icudt64l/lang/dua.res" 1241
"../../../Engine/Content/Internationalization/icudt64l/region/dua.res" 1242
"../../../Engine/Content/Internationalization/icudt64l/lang/dyo.res" 1243
"../../../Engine/Content/Internationalization/icudt64l/region/dyo.res" 1244
"../../../Engine/Content/Internationalization/icudt64l/lang/dz.res" 1245
"../../../Engine/Content/Internationalization/icudt64l/region/dz.res" 1246
"../../../Engine/Content/Internationalization/icudt64l/lang/ebu.res" 1247
"../../../Engine/Content/Internationalization/icudt64l/region/ebu.res" 1248
"../../../Engine/Content/Internationalization/icudt64l/lang/ee.res" 1249
"../../../Engine/Content/Internationalization/icudt64l/region/ee.res" 1250
"../../../Engine/Content/Internationalization/icudt64l/lang/el.res" 1251
"../../../Engine/Content/Internationalization/icudt64l/region/el.res" 1252
"../../../Engine/Content/Internationalization/icudt64l/lang/en_001.res" 1253
"../../../Engine/Content/Internationalization/icudt64l/lang/en_150.res" 1254
"../../../Engine/Content/Internationalization/icudt64l/region/en_150.res" 1255
"../../../Engine/Content/Internationalization/icudt64l/lang/en_AG.res" 1256
"../../../Engine/Content/Internationalization/icudt64l/region/en_AG.res" 1257
"../../../Engine/Content/Internationalization/icudt64l/lang/en_AI.res" 1258
"../../../Engine/Content/Internationalization/icudt64l/region/en_AI.res" 1259
"../../../Engine/Content/Internationalization/icudt64l/lang/en_AT.res" 1260
"../../../Engine/Content/Internationalization/icudt64l/region/en_AT.res" 1261
"../../../Engine/Content/Internationalization/icudt64l/lang/en_AU.res" 1262
"../../../Engine/Content/Internationalization/icudt64l/region/en_AU.res" 1263
"../../../Engine/Content/Internationalization/icudt64l/lang/en_BB.res" 1264
"../../../Engine/Content/Internationalization/icudt64l/region/en_BB.res" 1265
"../../../Engine/Content/Internationalization/icudt64l/lang/en_BE.res" 1266
"../../../Engine/Content/Internationalization/icudt64l/region/en_BE.res" 1267
"../../../Engine/Content/Internationalization/icudt64l/lang/en_BM.res" 1268
"../../../Engine/Content/Internationalization/icudt64l/region/en_BM.res" 1269
"../../../Engine/Content/Internationalization/icudt64l/lang/en_BS.res" 1270
"../../../Engine/Content/Internationalization/icudt64l/region/en_BS.res" 1271
"../../../Engine/Content/Internationalization/icudt64l/lang/en_BW.res" 1272
"../../../Engine/Content/Internationalization/icudt64l/region/en_BW.res" 1273
"../../../Engine/Content/Internationalization/icudt64l/lang/en_BZ.res" 1274
"../../../Engine/Content/Internationalization/icudt64l/region/en_BZ.res" 1275
"../../../Engine/Content/Internationalization/icudt64l/lang/en_CA.res" 1276
"../../../Engine/Content/Internationalization/icudt64l/region/en_CA.res" 1277
"../../../Engine/Content/Internationalization/icudt64l/lang/en_CC.res" 1278
"../../../Engine/Content/Internationalization/icudt64l/region/en_CC.res" 1279
"../../../Engine/Content/Internationalization/icudt64l/lang/en_CH.res" 1280
"../../../Engine/Content/Internationalization/icudt64l/region/en_CH.res" 1281
"../../../Engine/Content/Internationalization/icudt64l/lang/en_CK.res" 1282
"../../../Engine/Content/Internationalization/icudt64l/region/en_CK.res" 1283
"../../../Engine/Content/Internationalization/icudt64l/lang/en_CM.res" 1284
"../../../Engine/Content/Internationalization/icudt64l/region/en_CM.res" 1285
"../../../Engine/Content/Internationalization/icudt64l/lang/en_CX.res" 1286
"../../../Engine/Content/Internationalization/icudt64l/region/en_CX.res" 1287
"../../../Engine/Content/Internationalization/icudt64l/lang/en_CY.res" 1288
"../../../Engine/Content/Internationalization/icudt64l/region/en_CY.res" 1289
"../../../Engine/Content/Internationalization/icudt64l/lang/en_DE.res" 1290
"../../../Engine/Content/Internationalization/icudt64l/region/en_DE.res" 1291
"../../../Engine/Content/Internationalization/icudt64l/lang/en_DG.res" 1292
"../../../Engine/Content/Internationalization/icudt64l/region/en_DG.res" 1293
"../../../Engine/Content/Internationalization/icudt64l/lang/en_DK.res" 1294
"../../../Engine/Content/Internationalization/icudt64l/region/en_DK.res" 1295
"../../../Engine/Content/Internationalization/icudt64l/lang/en_DM.res" 1296
"../../../Engine/Content/Internationalization/icudt64l/region/en_DM.res" 1297
"../../../Engine/Content/Internationalization/icudt64l/lang/en_ER.res" 1298
"../../../Engine/Content/Internationalization/icudt64l/region/en_ER.res" 1299
"../../../Engine/Content/Internationalization/icudt64l/lang/en_FI.res" 1300
"../../../Engine/Content/Internationalization/icudt64l/region/en_FI.res" 1301
"../../../Engine/Content/Internationalization/icudt64l/lang/en_FJ.res" 1302
"../../../Engine/Content/Internationalization/icudt64l/region/en_FJ.res" 1303
"../../../Engine/Content/Internationalization/icudt64l/lang/en_FK.res" 1304
"../../../Engine/Content/Internationalization/icudt64l/region/en_FK.res" 1305
"../../../Engine/Content/Internationalization/icudt64l/lang/en_FM.res" 1306
"../../../Engine/Content/Internationalization/icudt64l/region/en_FM.res" 1307
"../../../Engine/Content/Internationalization/icudt64l/lang/en_GB.res" 1308
"../../../Engine/Content/Internationalization/icudt64l/region/en_GB.res" 1309
"../../../Engine/Content/Internationalization/icudt64l/lang/en_GD.res" 1310
"../../../Engine/Content/Internationalization/icudt64l/region/en_GD.res" 1311
"../../../Engine/Content/Internationalization/icudt64l/lang/en_GG.res" 1312
"../../../Engine/Content/Internationalization/icudt64l/region/en_GG.res" 1313
"../../../Engine/Content/Internationalization/icudt64l/lang/en_GH.res" 1314
"../../../Engine/Content/Internationalization/icudt64l/region/en_GH.res" 1315
"../../../Engine/Content/Internationalization/icudt64l/lang/en_GI.res" 1316
"../../../Engine/Content/Internationalization/icudt64l/region/en_GI.res" 1317
"../../../Engine/Content/Internationalization/icudt64l/lang/en_GM.res" 1318
"../../../Engine/Content/Internationalization/icudt64l/region/en_GM.res" 1319
"../../../Engine/Content/Internationalization/icudt64l/lang/en_GY.res" 1320
"../../../Engine/Content/Internationalization/icudt64l/region/en_GY.res" 1321
"../../../Engine/Content/Internationalization/icudt64l/lang/en_HK.res" 1322
"../../../Engine/Content/Internationalization/icudt64l/region/en_HK.res" 1323
"../../../Engine/Content/Internationalization/icudt64l/lang/en_IE.res" 1324
"../../../Engine/Content/Internationalization/icudt64l/region/en_IE.res" 1325
"../../../Engine/Content/Internationalization/icudt64l/lang/en_IL.res" 1326
"../../../Engine/Content/Internationalization/icudt64l/region/en_IL.res" 1327
"../../../Engine/Content/Internationalization/icudt64l/lang/en_IM.res" 1328
"../../../Engine/Content/Internationalization/icudt64l/region/en_IM.res" 1329
"../../../Engine/Content/Internationalization/icudt64l/lang/en_IN.res" 1330
"../../../Engine/Content/Internationalization/icudt64l/region/en_IN.res" 1331
"../../../Engine/Content/Internationalization/icudt64l/lang/en_IO.res" 1332
"../../../Engine/Content/Internationalization/icudt64l/region/en_IO.res" 1333
"../../../Engine/Content/Internationalization/icudt64l/lang/en_JE.res" 1334
"../../../Engine/Content/Internationalization/icudt64l/region/en_JE.res" 1335
"../../../Engine/Content/Internationalization/icudt64l/lang/en_JM.res" 1336
"../../../Engine/Content/Internationalization/icudt64l/region/en_JM.res" 1337
"../../../Engine/Content/Internationalization/icudt64l/lang/en_KE.res" 1338
"../../../Engine/Content/Internationalization/icudt64l/region/en_KE.res" 1339
"../../../Engine/Content/Internationalization/icudt64l/lang/en_KI.res" 1340
"../../../Engine/Content/Internationalization/icudt64l/region/en_KI.res" 1341
"../../../Engine/Content/Internationalization/icudt64l/lang/en_KN.res" 1342
"../../../Engine/Content/Internationalization/icudt64l/region/en_KN.res" 1343
"../../../Engine/Content/Internationalization/icudt64l/lang/en_KY.res" 1344
"../../../Engine/Content/Internationalization/icudt64l/region/en_KY.res" 1345
"../../../Engine/Content/Internationalization/icudt64l/lang/en_LC.res" 1346
"../../../Engine/Content/Internationalization/icudt64l/region/en_LC.res" 1347
"../../../Engine/Content/Internationalization/icudt64l/lang/en_LR.res" 1348
"../../../Engine/Content/Internationalization/icudt64l/region/en_LR.res" 1349
"../../../Engine/Content/Internationalization/icudt64l/lang/en_LS.res" 1350
"../../../Engine/Content/Internationalization/icudt64l/region/en_LS.res" 1351
"../../../Engine/Content/Internationalization/icudt64l/lang/en_MG.res" 1352
"../../../Engine/Content/Internationalization/icudt64l/region/en_MG.res" 1353
"../../../Engine/Content/Internationalization/icudt64l/lang/en_MO.res" 1354
"../../../Engine/Content/Internationalization/icudt64l/region/en_MO.res" 1355
"../../../Engine/Content/Internationalization/icudt64l/lang/en_MS.res" 1356
"../../../Engine/Content/Internationalization/icudt64l/region/en_MS.res" 1357
"../../../Engine/Content/Internationalization/icudt64l/lang/en_MT.res" 1358
"../../../Engine/Content/Internationalization/icudt64l/region/en_MT.res" 1359
"../../../Engine/Content/Internationalization/icudt64l/lang/en_MU.res" 1360
"../../../Engine/Content/Internationalization/icudt64l/region/en_MU.res" 1361
"../../../Engine/Content/Internationalization/icudt64l/lang/en_MW.res" 1362
"../../../Engine/Content/Internationalization/icudt64l/region/en_MW.res" 1363
"../../../Engine/Content/Internationalization/icudt64l/lang/en_MY.res" 1364
"../../../Engine/Content/Internationalization/icudt64l/region/en_MY.res" 1365
"../../../Engine/Content/Internationalization/icudt64l/lang/en_NA.res" 1366
"../../../Engine/Content/Internationalization/icudt64l/region/en_NA.res" 1367
"../../../Engine/Content/Internationalization/icudt64l/lang/en_NF.res" 1368
"../../../Engine/Content/Internationalization/icudt64l/region/en_NF.res" 1369
"../../../Engine/Content/Internationalization/icudt64l/lang/en_NG.res" 1370
"../../../Engine/Content/Internationalization/icudt64l/region/en_NG.res" 1371
"../../../Engine/Content/Internationalization/icudt64l/lang/en_NL.res" 1372
"../../../Engine/Content/Internationalization/icudt64l/region/en_NL.res" 1373
"../../../Engine/Content/Internationalization/icudt64l/lang/en_NR.res" 1374
"../../../Engine/Content/Internationalization/icudt64l/region/en_NR.res" 1375
"../../../Engine/Content/Internationalization/icudt64l/lang/en_NU.res" 1376
"../../../Engine/Content/Internationalization/icudt64l/region/en_NU.res" 1377
"../../../Engine/Content/Internationalization/icudt64l/lang/en_NZ.res" 1378
"../../../Engine/Content/Internationalization/icudt64l/region/en_NZ.res" 1379
"../../../Engine/Content/Internationalization/icudt64l/lang/en_PG.res" 1380
"../../../Engine/Content/Internationalization/icudt64l/region/en_PG.res" 1381
"../../../Engine/Content/Internationalization/icudt64l/lang/en_PH.res" 1382
"../../../Engine/Content/Internationalization/icudt64l/region/en_PH.res" 1383
"../../../Engine/Content/Internationalization/icudt64l/lang/en_PK.res" 1384
"../../../Engine/Content/Internationalization/icudt64l/region/en_PK.res" 1385
"../../../Engine/Content/Internationalization/icudt64l/lang/en_PN.res" 1386
"../../../Engine/Content/Internationalization/icudt64l/region/en_PN.res" 1387
"../../../Engine/Content/Internationalization/icudt64l/lang/en_PW.res" 1388
"../../../Engine/Content/Internationalization/icudt64l/region/en_PW.res" 1389
"../../../Engine/Content/Internationalization/icudt64l/lang/en_RW.res" 1390
"../../../Engine/Content/Internationalization/icudt64l/region/en_RW.res" 1391
"../../../Engine/Content/Internationalization/icudt64l/lang/en_SB.res" 1392
"../../../Engine/Content/Internationalization/icudt64l/region/en_SB.res" 1393
"../../../Engine/Content/Internationalization/icudt64l/lang/en_SC.res" 1394
"../../../Engine/Content/Internationalization/icudt64l/region/en_SC.res" 1395
"../../../Engine/Content/Internationalization/icudt64l/lang/en_SD.res" 1396
"../../../Engine/Content/Internationalization/icudt64l/region/en_SD.res" 1397
"../../../Engine/Content/Internationalization/icudt64l/lang/en_SE.res" 1398
"../../../Engine/Content/Internationalization/icudt64l/region/en_SE.res" 1399
"../../../Engine/Content/Internationalization/icudt64l/lang/en_SG.res" 1400
"../../../Engine/Content/Internationalization/icudt64l/region/en_SG.res" 1401
"../../../Engine/Content/Internationalization/icudt64l/lang/en_SH.res" 1402
"../../../Engine/Content/Internationalization/icudt64l/region/en_SH.res" 1403
"../../../Engine/Content/Internationalization/icudt64l/lang/en_SI.res" 1404
"../../../Engine/Content/Internationalization/icudt64l/region/en_SI.res" 1405
"../../../Engine/Content/Internationalization/icudt64l/lang/en_SL.res" 1406
"../../../Engine/Content/Internationalization/icudt64l/region/en_SL.res" 1407
"../../../Engine/Content/Internationalization/icudt64l/lang/en_SS.res" 1408
"../../../Engine/Content/Internationalization/icudt64l/region/en_SS.res" 1409
"../../../Engine/Content/Internationalization/icudt64l/lang/en_SX.res" 1410
"../../../Engine/Content/Internationalization/icudt64l/region/en_SX.res" 1411
"../../../Engine/Content/Internationalization/icudt64l/lang/en_SZ.res" 1412
"../../../Engine/Content/Internationalization/icudt64l/region/en_SZ.res" 1413
"../../../Engine/Content/Internationalization/icudt64l/lang/en_TC.res" 1414
"../../../Engine/Content/Internationalization/icudt64l/region/en_TC.res" 1415
"../../../Engine/Content/Internationalization/icudt64l/lang/en_TK.res" 1416
"../../../Engine/Content/Internationalization/icudt64l/region/en_TK.res" 1417
"../../../Engine/Content/Internationalization/icudt64l/lang/en_TO.res" 1418
"../../../Engine/Content/Internationalization/icudt64l/region/en_TO.res" 1419
"../../../Engine/Content/Internationalization/icudt64l/lang/en_TT.res" 1420
"../../../Engine/Content/Internationalization/icudt64l/region/en_TT.res" 1421
"../../../Engine/Content/Internationalization/icudt64l/lang/en_TV.res" 1422
"../../../Engine/Content/Internationalization/icudt64l/region/en_TV.res" 1423
"../../../Engine/Content/Internationalization/icudt64l/lang/en_TZ.res" 1424
"../../../Engine/Content/Internationalization/icudt64l/region/en_TZ.res" 1425
"../../../Engine/Content/Internationalization/icudt64l/lang/en_UG.res" 1426
"../../../Engine/Content/Internationalization/icudt64l/region/en_UG.res" 1427
"../../../Engine/Content/Internationalization/icudt64l/lang/en_VC.res" 1428
"../../../Engine/Content/Internationalization/icudt64l/region/en_VC.res" 1429
"../../../Engine/Content/Internationalization/icudt64l/lang/en_VG.res" 1430
"../../../Engine/Content/Internationalization/icudt64l/region/en_VG.res" 1431
"../../../Engine/Content/Internationalization/icudt64l/lang/en_VU.res" 1432
"../../../Engine/Content/Internationalization/icudt64l/region/en_VU.res" 1433
"../../../Engine/Content/Internationalization/icudt64l/lang/en_WS.res" 1434
"../../../Engine/Content/Internationalization/icudt64l/region/en_WS.res" 1435
"../../../Engine/Content/Internationalization/icudt64l/lang/en_ZA.res" 1436
"../../../Engine/Content/Internationalization/icudt64l/region/en_ZA.res" 1437
"../../../Engine/Content/Internationalization/icudt64l/lang/en_ZM.res" 1438
"../../../Engine/Content/Internationalization/icudt64l/region/en_ZM.res" 1439
"../../../Engine/Content/Internationalization/icudt64l/lang/en_ZW.res" 1440
"../../../Engine/Content/Internationalization/icudt64l/region/en_ZW.res" 1441
"../../../Engine/Content/Internationalization/icudt64l/lang/eo.res" 1442
"../../../Engine/Content/Internationalization/icudt64l/region/eo.res" 1443
"../../../Engine/Content/Internationalization/icudt64l/lang/es.res" 1444
"../../../Engine/Content/Internationalization/icudt64l/lang/es_419.res" 1445
"../../../Engine/Content/Internationalization/icudt64l/region/es_419.res" 1446
"../../../Engine/Content/Internationalization/icudt64l/region/es.res" 1447
"../../../Engine/Content/Internationalization/icudt64l/lang/es_AR.res" 1448
"../../../Engine/Content/Internationalization/icudt64l/region/es_AR.res" 1449
"../../../Engine/Content/Internationalization/icudt64l/lang/es_BO.res" 1450
"../../../Engine/Content/Internationalization/icudt64l/region/es_BO.res" 1451
"../../../Engine/Content/Internationalization/icudt64l/lang/es_BR.res" 1452
"../../../Engine/Content/Internationalization/icudt64l/region/es_BR.res" 1453
"../../../Engine/Content/Internationalization/icudt64l/lang/es_BZ.res" 1454
"../../../Engine/Content/Internationalization/icudt64l/region/es_BZ.res" 1455
"../../../Engine/Content/Internationalization/icudt64l/lang/es_CL.res" 1456
"../../../Engine/Content/Internationalization/icudt64l/region/es_CL.res" 1457
"../../../Engine/Content/Internationalization/icudt64l/lang/es_CO.res" 1458
"../../../Engine/Content/Internationalization/icudt64l/region/es_CO.res" 1459
"../../../Engine/Content/Internationalization/icudt64l/lang/es_CR.res" 1460
"../../../Engine/Content/Internationalization/icudt64l/region/es_CR.res" 1461
"../../../Engine/Content/Internationalization/icudt64l/lang/es_CU.res" 1462
"../../../Engine/Content/Internationalization/icudt64l/region/es_CU.res" 1463
"../../../Engine/Content/Internationalization/icudt64l/lang/es_DO.res" 1464
"../../../Engine/Content/Internationalization/icudt64l/region/es_DO.res" 1465
"../../../Engine/Content/Internationalization/icudt64l/lang/es_EC.res" 1466
"../../../Engine/Content/Internationalization/icudt64l/region/es_EC.res" 1467
"../../../Engine/Content/Internationalization/icudt64l/lang/es_GT.res" 1468
"../../../Engine/Content/Internationalization/icudt64l/region/es_GT.res" 1469
"../../../Engine/Content/Internationalization/icudt64l/lang/es_HN.res" 1470
"../../../Engine/Content/Internationalization/icudt64l/region/es_HN.res" 1471
"../../../Engine/Content/Internationalization/icudt64l/lang/es_MX.res" 1472
"../../../Engine/Content/Internationalization/icudt64l/region/es_MX.res" 1473
"../../../Engine/Content/Internationalization/icudt64l/lang/es_NI.res" 1474
"../../../Engine/Content/Internationalization/icudt64l/region/es_NI.res" 1475
"../../../Engine/Content/Internationalization/icudt64l/lang/es_PA.res" 1476
"../../../Engine/Content/Internationalization/icudt64l/region/es_PA.res" 1477
"../../../Engine/Content/Internationalization/icudt64l/lang/es_PE.res" 1478
"../../../Engine/Content/Internationalization/icudt64l/region/es_PE.res" 1479
"../../../Engine/Content/Internationalization/icudt64l/lang/es_PR.res" 1480
"../../../Engine/Content/Internationalization/icudt64l/region/es_PR.res" 1481
"../../../Engine/Content/Internationalization/icudt64l/lang/es_PY.res" 1482
"../../../Engine/Content/Internationalization/icudt64l/region/es_PY.res" 1483
"../../../Engine/Content/Internationalization/icudt64l/lang/es_SV.res" 1484
"../../../Engine/Content/Internationalization/icudt64l/region/es_SV.res" 1485
"../../../Engine/Content/Internationalization/icudt64l/lang/es_US.res" 1486
"../../../Engine/Content/Internationalization/icudt64l/region/es_US.res" 1487
"../../../Engine/Content/Internationalization/icudt64l/lang/es_UY.res" 1488
"../../../Engine/Content/Internationalization/icudt64l/region/es_UY.res" 1489
"../../../Engine/Content/Internationalization/icudt64l/lang/es_VE.res" 1490
"../../../Engine/Content/Internationalization/icudt64l/region/es_VE.res" 1491
"../../../Engine/Content/Internationalization/icudt64l/lang/et.res" 1492
"../../../Engine/Content/Internationalization/icudt64l/region/et.res" 1493
"../../../Engine/Content/Internationalization/icudt64l/lang/eu.res" 1494
"../../../Engine/Content/Internationalization/icudt64l/region/eu.res" 1495
"../../../Engine/Content/Internationalization/icudt64l/lang/ewo.res" 1496
"../../../Engine/Content/Internationalization/icudt64l/region/ewo.res" 1497
"../../../Engine/Content/Internationalization/icudt64l/lang/fa.res" 1498
"../../../Engine/Content/Internationalization/icudt64l/lang/fa_AF.res" 1499
"../../../Engine/Content/Internationalization/icudt64l/region/fa_AF.res" 1500
"../../../Engine/Content/Internationalization/icudt64l/region/fa.res" 1501
"../../../Engine/Content/Internationalization/icudt64l/lang/ff.res" 1502
"../../../Engine/Content/Internationalization/icudt64l/lang/ff_Latn.res" 1503
"../../../Engine/Content/Internationalization/icudt64l/region/ff.res" 1504
"../../../Engine/Content/Internationalization/icudt64l/region/ff_Latn.res" 1505
"../../../Engine/Content/Internationalization/icudt64l/lang/ff_CM.res" 1506
"../../../Engine/Content/Internationalization/icudt64l/lang/ff_Latn_CM.res" 1507
"../../../Engine/Content/Internationalization/icudt64l/region/ff_CM.res" 1508
"../../../Engine/Content/Internationalization/icudt64l/region/ff_Latn_CM.res" 1509
"../../../Engine/Content/Internationalization/icudt64l/lang/ff_GN.res" 1510
"../../../Engine/Content/Internationalization/icudt64l/lang/ff_Latn_GN.res" 1511
"../../../Engine/Content/Internationalization/icudt64l/region/ff_GN.res" 1512
"../../../Engine/Content/Internationalization/icudt64l/region/ff_Latn_GN.res" 1513
"../../../Engine/Content/Internationalization/icudt64l/lang/ff_MR.res" 1514
"../../../Engine/Content/Internationalization/icudt64l/lang/ff_Latn_MR.res" 1515
"../../../Engine/Content/Internationalization/icudt64l/region/ff_MR.res" 1516
"../../../Engine/Content/Internationalization/icudt64l/region/ff_Latn_MR.res" 1517
"../../../Engine/Content/Internationalization/icudt64l/lang/ff_SN.res" 1518
"../../../Engine/Content/Internationalization/icudt64l/lang/ff_Latn_SN.res" 1519
"../../../Engine/Content/Internationalization/icudt64l/region/ff_SN.res" 1520
"../../../Engine/Content/Internationalization/icudt64l/region/ff_Latn_SN.res" 1521
"../../../Engine/Content/Internationalization/icudt64l/lang/fi.res" 1522
"../../../Engine/Content/Internationalization/icudt64l/region/fi.res" 1523
"../../../Engine/Content/Internationalization/icudt64l/lang/fil.res" 1524
"../../../Engine/Content/Internationalization/icudt64l/lang/fil_PH.res" 1525
"../../../Engine/Content/Internationalization/icudt64l/region/fil_PH.res" 1526
"../../../Engine/Content/Internationalization/icudt64l/region/fil.res" 1527
"../../../Engine/Content/Internationalization/icudt64l/lang/fo.res" 1528
"../../../Engine/Content/Internationalization/icudt64l/region/fo.res" 1529
"../../../Engine/Content/Internationalization/icudt64l/lang/fr.res" 1530
"../../../Engine/Content/Internationalization/icudt64l/lang/fr_BE.res" 1531
"../../../Engine/Content/Internationalization/icudt64l/region/fr_BE.res" 1532
"../../../Engine/Content/Internationalization/icudt64l/region/fr.res" 1533
"../../../Engine/Content/Internationalization/icudt64l/lang/fr_CA.res" 1534
"../../../Engine/Content/Internationalization/icudt64l/region/fr_CA.res" 1535
"../../../Engine/Content/Internationalization/icudt64l/lang/fr_CH.res" 1536
"../../../Engine/Content/Internationalization/icudt64l/lang/fur.res" 1537
"../../../Engine/Content/Internationalization/icudt64l/region/fur.res" 1538
"../../../Engine/Content/Internationalization/icudt64l/lang/fy.res" 1539
"../../../Engine/Content/Internationalization/icudt64l/region/fy.res" 1540
"../../../Engine/Content/Internationalization/icudt64l/lang/ga.res" 1541
"../../../Engine/Content/Internationalization/icudt64l/region/ga.res" 1542
"../../../Engine/Content/Internationalization/icudt64l/lang/gd.res" 1543
"../../../Engine/Content/Internationalization/icudt64l/region/gd.res" 1544
"../../../Engine/Content/Internationalization/icudt64l/lang/gl.res" 1545
"../../../Engine/Content/Internationalization/icudt64l/region/gl.res" 1546
"../../../Engine/Content/Internationalization/icudt64l/lang/gsw.res" 1547
"../../../Engine/Content/Internationalization/icudt64l/region/gsw.res" 1548
"../../../Engine/Content/Internationalization/icudt64l/lang/gu.res" 1549
"../../../Engine/Content/Internationalization/icudt64l/region/gu.res" 1550
"../../../Engine/Content/Internationalization/icudt64l/lang/guz.res" 1551
"../../../Engine/Content/Internationalization/icudt64l/region/guz.res" 1552
"../../../Engine/Content/Internationalization/icudt64l/lang/gv.res" 1553
"../../../Engine/Content/Internationalization/icudt64l/region/gv.res" 1554
"../../../Engine/Content/Internationalization/icudt64l/lang/ha.res" 1555
"../../../Engine/Content/Internationalization/icudt64l/region/ha.res" 1556
"../../../Engine/Content/Internationalization/icudt64l/lang/ha_NE.res" 1557
"../../../Engine/Content/Internationalization/icudt64l/region/ha_NE.res" 1558
"../../../Engine/Content/Internationalization/icudt64l/lang/haw.res" 1559
"../../../Engine/Content/Internationalization/icudt64l/region/haw.res" 1560
"../../../Engine/Content/Internationalization/icudt64l/lang/he.res" 1561
"../../../Engine/Content/Internationalization/icudt64l/lang/he_IL.res" 1562
"../../../Engine/Content/Internationalization/icudt64l/region/he_IL.res" 1563
"../../../Engine/Content/Internationalization/icudt64l/region/he.res" 1564
"../../../Engine/Content/Internationalization/icudt64l/lang/hi.res" 1565
"../../../Engine/Content/Internationalization/icudt64l/region/hi.res" 1566
"../../../Engine/Content/Internationalization/icudt64l/lang/hr.res" 1567
"../../../Engine/Content/Internationalization/icudt64l/region/hr.res" 1568
"../../../Engine/Content/Internationalization/icudt64l/lang/hsb.res" 1569
"../../../Engine/Content/Internationalization/icudt64l/region/hsb.res" 1570
"../../../Engine/Content/Internationalization/icudt64l/lang/hu.res" 1571
"../../../Engine/Content/Internationalization/icudt64l/region/hu.res" 1572
"../../../Engine/Content/Internationalization/icudt64l/lang/hy.res" 1573
"../../../Engine/Content/Internationalization/icudt64l/region/hy.res" 1574
"../../../Engine/Content/Internationalization/icudt64l/lang/ia.res" 1575
"../../../Engine/Content/Internationalization/icudt64l/region/ia.res" 1576
"../../../Engine/Content/Internationalization/icudt64l/lang/id.res" 1577
"../../../Engine/Content/Internationalization/icudt64l/lang/id_ID.res" 1578
"../../../Engine/Content/Internationalization/icudt64l/region/id_ID.res" 1579
"../../../Engine/Content/Internationalization/icudt64l/region/id.res" 1580
"../../../Engine/Content/Internationalization/icudt64l/lang/ig.res" 1581
"../../../Engine/Content/Internationalization/icudt64l/region/ig.res" 1582
"../../../Engine/Content/Internationalization/icudt64l/lang/ii.res" 1583
"../../../Engine/Content/Internationalization/icudt64l/region/ii.res" 1584
"../../../Engine/Content/Internationalization/icudt64l/lang/is.res" 1585
"../../../Engine/Content/Internationalization/icudt64l/region/is.res" 1586
"../../../Engine/Content/Internationalization/icudt64l/lang/it.res" 1587
"../../../Engine/Content/Internationalization/icudt64l/region/it.res" 1588
"../../../Engine/Content/Internationalization/icudt64l/lang/ja.res" 1589
"../../../Engine/Content/Internationalization/icudt64l/lang/ja_JP.res" 1590
"../../../Engine/Content/Internationalization/icudt64l/region/ja_JP.res" 1591
"../../../Engine/Content/Internationalization/icudt64l/region/ja.res" 1592
"../../../Engine/Content/Internationalization/icudt64l/lang/jgo.res" 1593
"../../../Engine/Content/Internationalization/icudt64l/region/jgo.res" 1594
"../../../Engine/Content/Internationalization/icudt64l/lang/jmc.res" 1595
"../../../Engine/Content/Internationalization/icudt64l/region/jmc.res" 1596
"../../../Engine/Content/Internationalization/icudt64l/lang/jv.res" 1597
"../../../Engine/Content/Internationalization/icudt64l/region/jv.res" 1598
"../../../Engine/Content/Internationalization/icudt64l/lang/ka.res" 1599
"../../../Engine/Content/Internationalization/icudt64l/region/ka.res" 1600
"../../../Engine/Content/Internationalization/icudt64l/lang/kab.res" 1601
"../../../Engine/Content/Internationalization/icudt64l/region/kab.res" 1602
"../../../Engine/Content/Internationalization/icudt64l/lang/kam.res" 1603
"../../../Engine/Content/Internationalization/icudt64l/region/kam.res" 1604
"../../../Engine/Content/Internationalization/icudt64l/lang/kde.res" 1605
"../../../Engine/Content/Internationalization/icudt64l/region/kde.res" 1606
"../../../Engine/Content/Internationalization/icudt64l/lang/kea.res" 1607
"../../../Engine/Content/Internationalization/icudt64l/region/kea.res" 1608
"../../../Engine/Content/Internationalization/icudt64l/lang/khq.res" 1609
"../../../Engine/Content/Internationalization/icudt64l/region/khq.res" 1610
"../../../Engine/Content/Internationalization/icudt64l/lang/ki.res" 1611
"../../../Engine/Content/Internationalization/icudt64l/region/ki.res" 1612
"../../../Engine/Content/Internationalization/icudt64l/lang/kk.res" 1613
"../../../Engine/Content/Internationalization/icudt64l/region/kk.res" 1614
"../../../Engine/Content/Internationalization/icudt64l/lang/kkj.res" 1615
"../../../Engine/Content/Internationalization/icudt64l/region/kkj.res" 1616
"../../../Engine/Content/Internationalization/icudt64l/lang/kl.res" 1617
"../../../Engine/Content/Internationalization/icudt64l/region/kl.res" 1618
"../../../Engine/Content/Internationalization/icudt64l/lang/kln.res" 1619
"../../../Engine/Content/Internationalization/icudt64l/region/kln.res" 1620
"../../../Engine/Content/Internationalization/icudt64l/lang/km.res" 1621
"../../../Engine/Content/Internationalization/icudt64l/region/km.res" 1622
"../../../Engine/Content/Internationalization/icudt64l/lang/kn.res" 1623
"../../../Engine/Content/Internationalization/icudt64l/region/kn.res" 1624
"../../../Engine/Content/Internationalization/icudt64l/lang/ko.res" 1625
"../../../Engine/Content/Internationalization/icudt64l/region/ko_KP.res" 1626
"../../../Engine/Content/Internationalization/icudt64l/region/ko.res" 1627
"../../../Engine/Content/Internationalization/icudt64l/lang/kok.res" 1628
"../../../Engine/Content/Internationalization/icudt64l/region/kok.res" 1629
"../../../Engine/Content/Internationalization/icudt64l/lang/ks.res" 1630
"../../../Engine/Content/Internationalization/icudt64l/region/ks.res" 1631
"../../../Engine/Content/Internationalization/icudt64l/lang/ksb.res" 1632
"../../../Engine/Content/Internationalization/icudt64l/region/ksb.res" 1633
"../../../Engine/Content/Internationalization/icudt64l/lang/ksf.res" 1634
"../../../Engine/Content/Internationalization/icudt64l/region/ksf.res" 1635
"../../../Engine/Content/Internationalization/icudt64l/lang/ksh.res" 1636
"../../../Engine/Content/Internationalization/icudt64l/region/ksh.res" 1637
"../../../Engine/Content/Internationalization/icudt64l/lang/ku.res" 1638
"../../../Engine/Content/Internationalization/icudt64l/region/ku.res" 1639
"../../../Engine/Content/Internationalization/icudt64l/lang/kw.res" 1640
"../../../Engine/Content/Internationalization/icudt64l/region/kw.res" 1641
"../../../Engine/Content/Internationalization/icudt64l/lang/ky.res" 1642
"../../../Engine/Content/Internationalization/icudt64l/region/ky.res" 1643
"../../../Engine/Content/Internationalization/icudt64l/lang/lag.res" 1644
"../../../Engine/Content/Internationalization/icudt64l/region/lag.res" 1645
"../../../Engine/Content/Internationalization/icudt64l/lang/lb.res" 1646
"../../../Engine/Content/Internationalization/icudt64l/region/lb.res" 1647
"../../../Engine/Content/Internationalization/icudt64l/lang/lg.res" 1648
"../../../Engine/Content/Internationalization/icudt64l/region/lg.res" 1649
"../../../Engine/Content/Internationalization/icudt64l/lang/lkt.res" 1650
"../../../Engine/Content/Internationalization/icudt64l/region/lkt.res" 1651
"../../../Engine/Content/Internationalization/icudt64l/lang/ln.res" 1652
"../../../Engine/Content/Internationalization/icudt64l/region/ln.res" 1653
"../../../Engine/Content/Internationalization/icudt64l/lang/lo.res" 1654
"../../../Engine/Content/Internationalization/icudt64l/region/lo.res" 1655
"../../../Engine/Content/Internationalization/icudt64l/lang/lrc.res" 1656
"../../../Engine/Content/Internationalization/icudt64l/region/lrc.res" 1657
"../../../Engine/Content/Internationalization/icudt64l/lang/lt.res" 1658
"../../../Engine/Content/Internationalization/icudt64l/region/lt.res" 1659
"../../../Engine/Content/Internationalization/icudt64l/lang/lu.res" 1660
"../../../Engine/Content/Internationalization/icudt64l/region/lu.res" 1661
"../../../Engine/Content/Internationalization/icudt64l/lang/luo.res" 1662
"../../../Engine/Content/Internationalization/icudt64l/region/luo.res" 1663
"../../../Engine/Content/Internationalization/icudt64l/lang/luy.res" 1664
"../../../Engine/Content/Internationalization/icudt64l/region/luy.res" 1665
"../../../Engine/Content/Internationalization/icudt64l/lang/lv.res" 1666
"../../../Engine/Content/Internationalization/icudt64l/region/lv.res" 1667
"../../../Engine/Content/Internationalization/icudt64l/lang/mas.res" 1668
"../../../Engine/Content/Internationalization/icudt64l/region/mas.res" 1669
"../../../Engine/Content/Internationalization/icudt64l/lang/mer.res" 1670
"../../../Engine/Content/Internationalization/icudt64l/region/mer.res" 1671
"../../../Engine/Content/Internationalization/icudt64l/lang/mfe.res" 1672
"../../../Engine/Content/Internationalization/icudt64l/region/mfe.res" 1673
"../../../Engine/Content/Internationalization/icudt64l/lang/mg.res" 1674
"../../../Engine/Content/Internationalization/icudt64l/region/mg.res" 1675
"../../../Engine/Content/Internationalization/icudt64l/lang/mgh.res" 1676
"../../../Engine/Content/Internationalization/icudt64l/region/mgh.res" 1677
"../../../Engine/Content/Internationalization/icudt64l/lang/mgo.res" 1678
"../../../Engine/Content/Internationalization/icudt64l/region/mgo.res" 1679
"../../../Engine/Content/Internationalization/icudt64l/lang/mi.res" 1680
"../../../Engine/Content/Internationalization/icudt64l/region/mi.res" 1681
"../../../Engine/Content/Internationalization/icudt64l/lang/mk.res" 1682
"../../../Engine/Content/Internationalization/icudt64l/region/mk.res" 1683
"../../../Engine/Content/Internationalization/icudt64l/lang/ml.res" 1684
"../../../Engine/Content/Internationalization/icudt64l/region/ml.res" 1685
"../../../Engine/Content/Internationalization/icudt64l/lang/mn.res" 1686
"../../../Engine/Content/Internationalization/icudt64l/region/mn.res" 1687
"../../../Engine/Content/Internationalization/icudt64l/lang/mr.res" 1688
"../../../Engine/Content/Internationalization/icudt64l/region/mr.res" 1689
"../../../Engine/Content/Internationalization/icudt64l/lang/ms.res" 1690
"../../../Engine/Content/Internationalization/icudt64l/region/ms.res" 1691
"../../../Engine/Content/Internationalization/icudt64l/lang/mt.res" 1692
"../../../Engine/Content/Internationalization/icudt64l/region/mt.res" 1693
"../../../Engine/Content/Internationalization/icudt64l/lang/mua.res" 1694
"../../../Engine/Content/Internationalization/icudt64l/region/mua.res" 1695
"../../../Engine/Content/Internationalization/icudt64l/lang/my.res" 1696
"../../../Engine/Content/Internationalization/icudt64l/region/my.res" 1697
"../../../Engine/Content/Internationalization/icudt64l/lang/mzn.res" 1698
"../../../Engine/Content/Internationalization/icudt64l/region/mzn.res" 1699
"../../../Engine/Content/Internationalization/icudt64l/lang/naq.res" 1700
"../../../Engine/Content/Internationalization/icudt64l/region/naq.res" 1701
"../../../Engine/Content/Internationalization/icudt64l/lang/nb.res" 1702
"../../../Engine/Content/Internationalization/icudt64l/lang/nb_NO.res" 1703
"../../../Engine/Content/Internationalization/icudt64l/region/nb_NO.res" 1704
"../../../Engine/Content/Internationalization/icudt64l/region/nb.res" 1705
"../../../Engine/Content/Internationalization/icudt64l/lang/nd.res" 1706
"../../../Engine/Content/Internationalization/icudt64l/region/nd.res" 1707
"../../../Engine/Content/Internationalization/icudt64l/lang/nds.res" 1708
"../../../Engine/Content/Internationalization/icudt64l/region/nds.res" 1709
"../../../Engine/Content/Internationalization/icudt64l/lang/ne.res" 1710
"../../../Engine/Content/Internationalization/icudt64l/region/ne.res" 1711
"../../../Engine/Content/Internationalization/icudt64l/lang/nl.res" 1712
"../../../Engine/Content/Internationalization/icudt64l/region/nl.res" 1713
"../../../Engine/Content/Internationalization/icudt64l/lang/nmg.res" 1714
"../../../Engine/Content/Internationalization/icudt64l/region/nmg.res" 1715
"../../../Engine/Content/Internationalization/icudt64l/lang/nn.res" 1716
"../../../Engine/Content/Internationalization/icudt64l/lang/nn_NO.res" 1717
"../../../Engine/Content/Internationalization/icudt64l/region/nn_NO.res" 1718
"../../../Engine/Content/Internationalization/icudt64l/region/nn.res" 1719
"../../../Engine/Content/Internationalization/icudt64l/lang/nnh.res" 1720
"../../../Engine/Content/Internationalization/icudt64l/region/nnh.res" 1721
"../../../Engine/Content/Internationalization/icudt64l/lang/nus.res" 1722
"../../../Engine/Content/Internationalization/icudt64l/region/nus.res" 1723
"../../../Engine/Content/Internationalization/icudt64l/lang/nyn.res" 1724
"../../../Engine/Content/Internationalization/icudt64l/region/nyn.res" 1725
"../../../Engine/Content/Internationalization/icudt64l/lang/om.res" 1726
"../../../Engine/Content/Internationalization/icudt64l/region/om.res" 1727
"../../../Engine/Content/Internationalization/icudt64l/lang/or.res" 1728
"../../../Engine/Content/Internationalization/icudt64l/region/or.res" 1729
"../../../Engine/Content/Internationalization/icudt64l/lang/os.res" 1730
"../../../Engine/Content/Internationalization/icudt64l/region/os.res" 1731
"../../../Engine/Content/Internationalization/icudt64l/lang/pa.res" 1732
"../../../Engine/Content/Internationalization/icudt64l/lang/pa_Arab.res" 1733
"../../../Engine/Content/Internationalization/icudt64l/lang/pa_PK.res" 1734
"../../../Engine/Content/Internationalization/icudt64l/lang/pa_Arab_PK.res" 1735
"../../../Engine/Content/Internationalization/icudt64l/region/pa_PK.res" 1736
"../../../Engine/Content/Internationalization/icudt64l/region/pa_Arab_PK.res" 1737
"../../../Engine/Content/Internationalization/icudt64l/region/pa_Arab.res" 1738
"../../../Engine/Content/Internationalization/icudt64l/lang/pa_Guru.res" 1739
"../../../Engine/Content/Internationalization/icudt64l/lang/pa_IN.res" 1740
"../../../Engine/Content/Internationalization/icudt64l/lang/pa_Guru_IN.res" 1741
"../../../Engine/Content/Internationalization/icudt64l/region/pa_IN.res" 1742
"../../../Engine/Content/Internationalization/icudt64l/region/pa_Guru_IN.res" 1743
"../../../Engine/Content/Internationalization/icudt64l/region/pa_Guru.res" 1744
"../../../Engine/Content/Internationalization/icudt64l/region/pa.res" 1745
"../../../Engine/Content/Internationalization/icudt64l/lang/pl.res" 1746
"../../../Engine/Content/Internationalization/icudt64l/region/pl.res" 1747
"../../../Engine/Content/Internationalization/icudt64l/lang/ps.res" 1748
"../../../Engine/Content/Internationalization/icudt64l/region/ps.res" 1749
"../../../Engine/Content/Internationalization/icudt64l/lang/ps_PK.res" 1750
"../../../Engine/Content/Internationalization/icudt64l/region/ps_PK.res" 1751
"../../../Engine/Content/Internationalization/icudt64l/lang/pt.res" 1752
"../../../Engine/Content/Internationalization/icudt64l/lang/pt_AO.res" 1753
"../../../Engine/Content/Internationalization/icudt64l/lang/pt_PT.res" 1754
"../../../Engine/Content/Internationalization/icudt64l/region/pt_AO.res" 1755
"../../../Engine/Content/Internationalization/icudt64l/region/pt_PT.res" 1756
"../../../Engine/Content/Internationalization/icudt64l/region/pt.res" 1757
"../../../Engine/Content/Internationalization/icudt64l/lang/pt_CH.res" 1758
"../../../Engine/Content/Internationalization/icudt64l/region/pt_CH.res" 1759
"../../../Engine/Content/Internationalization/icudt64l/lang/pt_CV.res" 1760
"../../../Engine/Content/Internationalization/icudt64l/region/pt_CV.res" 1761
"../../../Engine/Content/Internationalization/icudt64l/lang/pt_GQ.res" 1762
"../../../Engine/Content/Internationalization/icudt64l/region/pt_GQ.res" 1763
"../../../Engine/Content/Internationalization/icudt64l/lang/pt_GW.res" 1764
"../../../Engine/Content/Internationalization/icudt64l/region/pt_GW.res" 1765
"../../../Engine/Content/Internationalization/icudt64l/lang/pt_LU.res" 1766
"../../../Engine/Content/Internationalization/icudt64l/region/pt_LU.res" 1767
"../../../Engine/Content/Internationalization/icudt64l/lang/pt_MO.res" 1768
"../../../Engine/Content/Internationalization/icudt64l/region/pt_MO.res" 1769
"../../../Engine/Content/Internationalization/icudt64l/lang/pt_MZ.res" 1770
"../../../Engine/Content/Internationalization/icudt64l/region/pt_MZ.res" 1771
"../../../Engine/Content/Internationalization/icudt64l/lang/pt_ST.res" 1772
"../../../Engine/Content/Internationalization/icudt64l/region/pt_ST.res" 1773
"../../../Engine/Content/Internationalization/icudt64l/lang/pt_TL.res" 1774
"../../../Engine/Content/Internationalization/icudt64l/region/pt_TL.res" 1775
"../../../Engine/Content/Internationalization/icudt64l/lang/qu.res" 1776
"../../../Engine/Content/Internationalization/icudt64l/region/qu.res" 1777
"../../../Engine/Content/Internationalization/icudt64l/lang/rm.res" 1778
"../../../Engine/Content/Internationalization/icudt64l/region/rm.res" 1779
"../../../Engine/Content/Internationalization/icudt64l/lang/rn.res" 1780
"../../../Engine/Content/Internationalization/icudt64l/region/rn.res" 1781
"../../../Engine/Content/Internationalization/icudt64l/lang/ro.res" 1782
"../../../Engine/Content/Internationalization/icudt64l/lang/ro_MD.res" 1783
"../../../Engine/Content/Internationalization/icudt64l/region/ro_MD.res" 1784
"../../../Engine/Content/Internationalization/icudt64l/region/ro.res" 1785
"../../../Engine/Content/Internationalization/icudt64l/lang/rof.res" 1786
"../../../Engine/Content/Internationalization/icudt64l/region/rof.res" 1787
"../../../Engine/Content/Internationalization/icudt64l/lang/ru.res" 1788
"../../../Engine/Content/Internationalization/icudt64l/region/ru.res" 1789
"../../../Engine/Content/Internationalization/icudt64l/region/ru_UA.res" 1790
"../../../Engine/Content/Internationalization/icudt64l/lang/rw.res" 1791
"../../../Engine/Content/Internationalization/icudt64l/region/rw.res" 1792
"../../../Engine/Content/Internationalization/icudt64l/lang/rwk.res" 1793
"../../../Engine/Content/Internationalization/icudt64l/region/rwk.res" 1794
"../../../Engine/Content/Internationalization/icudt64l/lang/sah.res" 1795
"../../../Engine/Content/Internationalization/icudt64l/region/sah.res" 1796
"../../../Engine/Content/Internationalization/icudt64l/lang/saq.res" 1797
"../../../Engine/Content/Internationalization/icudt64l/region/saq.res" 1798
"../../../Engine/Content/Internationalization/icudt64l/lang/sbp.res" 1799
"../../../Engine/Content/Internationalization/icudt64l/region/sbp.res" 1800
"../../../Engine/Content/Internationalization/icudt64l/lang/sd.res" 1801
"../../../Engine/Content/Internationalization/icudt64l/region/sd.res" 1802
"../../../Engine/Content/Internationalization/icudt64l/lang/se.res" 1803
"../../../Engine/Content/Internationalization/icudt64l/lang/se_FI.res" 1804
"../../../Engine/Content/Internationalization/icudt64l/region/se_FI.res" 1805
"../../../Engine/Content/Internationalization/icudt64l/region/se.res" 1806
"../../../Engine/Content/Internationalization/icudt64l/lang/seh.res" 1807
"../../../Engine/Content/Internationalization/icudt64l/region/seh.res" 1808
"../../../Engine/Content/Internationalization/icudt64l/lang/ses.res" 1809
"../../../Engine/Content/Internationalization/icudt64l/region/ses.res" 1810
"../../../Engine/Content/Internationalization/icudt64l/lang/sg.res" 1811
"../../../Engine/Content/Internationalization/icudt64l/region/sg.res" 1812
"../../../Engine/Content/Internationalization/icudt64l/lang/shi.res" 1813
"../../../Engine/Content/Internationalization/icudt64l/lang/shi_Latn.res" 1814
"../../../Engine/Content/Internationalization/icudt64l/lang/shi_MA.res" 1815
"../../../Engine/Content/Internationalization/icudt64l/lang/shi_Tfng_MA.res" 1816
"../../../Engine/Content/Internationalization/icudt64l/lang/shi_Tfng.res" 1817
"../../../Engine/Content/Internationalization/icudt64l/region/shi_MA.res" 1818
"../../../Engine/Content/Internationalization/icudt64l/region/shi_Tfng_MA.res" 1819
"../../../Engine/Content/Internationalization/icudt64l/region/shi_Tfng.res" 1820
"../../../Engine/Content/Internationalization/icudt64l/region/shi.res" 1821
"../../../Engine/Content/Internationalization/icudt64l/region/shi_Latn.res" 1822
"../../../Engine/Content/Internationalization/icudt64l/lang/si.res" 1823
"../../../Engine/Content/Internationalization/icudt64l/region/si.res" 1824
"../../../Engine/Content/Internationalization/icudt64l/lang/sk.res" 1825
"../../../Engine/Content/Internationalization/icudt64l/region/sk.res" 1826
"../../../Engine/Content/Internationalization/icudt64l/lang/sl.res" 1827
"../../../Engine/Content/Internationalization/icudt64l/region/sl.res" 1828
"../../../Engine/Content/Internationalization/icudt64l/lang/smn.res" 1829
"../../../Engine/Content/Internationalization/icudt64l/region/smn.res" 1830
"../../../Engine/Content/Internationalization/icudt64l/lang/sn.res" 1831
"../../../Engine/Content/Internationalization/icudt64l/region/sn.res" 1832
"../../../Engine/Content/Internationalization/icudt64l/lang/so.res" 1833
"../../../Engine/Content/Internationalization/icudt64l/region/so.res" 1834
"../../../Engine/Content/Internationalization/icudt64l/lang/sq.res" 1835
"../../../Engine/Content/Internationalization/icudt64l/region/sq.res" 1836
"../../../Engine/Content/Internationalization/icudt64l/lang/sr.res" 1837
"../../../Engine/Content/Internationalization/icudt64l/lang/sr_Cyrl.res" 1838
"../../../Engine/Content/Internationalization/icudt64l/lang/sr_BA.res" 1839
"../../../Engine/Content/Internationalization/icudt64l/lang/sr_Cyrl_BA.res" 1840
"../../../Engine/Content/Internationalization/icudt64l/region/sr_BA.res" 1841
"../../../Engine/Content/Internationalization/icudt64l/region/sr_Cyrl_BA.res" 1842
"../../../Engine/Content/Internationalization/icudt64l/region/sr_Cyrl.res" 1843
"../../../Engine/Content/Internationalization/icudt64l/region/sr.res" 1844
"../../../Engine/Content/Internationalization/icudt64l/lang/sr_ME.res" 1845
"../../../Engine/Content/Internationalization/icudt64l/lang/sr_Latn_ME.res" 1846
"../../../Engine/Content/Internationalization/icudt64l/lang/sr_Latn.res" 1847
"../../../Engine/Content/Internationalization/icudt64l/region/sr_ME.res" 1848
"../../../Engine/Content/Internationalization/icudt64l/region/sr_Latn_ME.res" 1849
"../../../Engine/Content/Internationalization/icudt64l/region/sr_Latn.res" 1850
"../../../Engine/Content/Internationalization/icudt64l/lang/sr_Cyrl_ME.res" 1851
"../../../Engine/Content/Internationalization/icudt64l/region/sr_Cyrl_ME.res" 1852
"../../../Engine/Content/Internationalization/icudt64l/lang/sr_RS.res" 1853
"../../../Engine/Content/Internationalization/icudt64l/lang/sr_Cyrl_RS.res" 1854
"../../../Engine/Content/Internationalization/icudt64l/region/sr_RS.res" 1855
"../../../Engine/Content/Internationalization/icudt64l/region/sr_Cyrl_RS.res" 1856
"../../../Engine/Content/Internationalization/icudt64l/lang/sr_XK.res" 1857
"../../../Engine/Content/Internationalization/icudt64l/lang/sr_Cyrl_XK.res" 1858
"../../../Engine/Content/Internationalization/icudt64l/region/sr_XK.res" 1859
"../../../Engine/Content/Internationalization/icudt64l/region/sr_Cyrl_XK.res" 1860
"../../../Engine/Content/Internationalization/icudt64l/lang/sr_Latn_BA.res" 1861
"../../../Engine/Content/Internationalization/icudt64l/region/sr_Latn_BA.res" 1862
"../../../Engine/Content/Internationalization/icudt64l/lang/sr_Latn_RS.res" 1863
"../../../Engine/Content/Internationalization/icudt64l/region/sr_Latn_RS.res" 1864
"../../../Engine/Content/Internationalization/icudt64l/lang/sr_Latn_XK.res" 1865
"../../../Engine/Content/Internationalization/icudt64l/region/sr_Latn_XK.res" 1866
"../../../Engine/Content/Internationalization/icudt64l/lang/sv.res" 1867
"../../../Engine/Content/Internationalization/icudt64l/region/sv.res" 1868
"../../../Engine/Content/Internationalization/icudt64l/lang/sv_FI.res" 1869
"../../../Engine/Content/Internationalization/icudt64l/lang/sw.res" 1870
"../../../Engine/Content/Internationalization/icudt64l/lang/sw_CD.res" 1871
"../../../Engine/Content/Internationalization/icudt64l/region/sw_CD.res" 1872
"../../../Engine/Content/Internationalization/icudt64l/region/sw.res" 1873
"../../../Engine/Content/Internationalization/icudt64l/lang/sw_KE.res" 1874
"../../../Engine/Content/Internationalization/icudt64l/region/sw_KE.res" 1875
"../../../Engine/Content/Internationalization/icudt64l/lang/ta.res" 1876
"../../../Engine/Content/Internationalization/icudt64l/region/ta.res" 1877
"../../../Engine/Content/Internationalization/icudt64l/lang/te.res" 1878
"../../../Engine/Content/Internationalization/icudt64l/region/te.res" 1879
"../../../Engine/Content/Internationalization/icudt64l/lang/teo.res" 1880
"../../../Engine/Content/Internationalization/icudt64l/region/teo.res" 1881
"../../../Engine/Content/Internationalization/icudt64l/lang/tg.res" 1882
"../../../Engine/Content/Internationalization/icudt64l/region/tg.res" 1883
"../../../Engine/Content/Internationalization/icudt64l/lang/th.res" 1884
"../../../Engine/Content/Internationalization/icudt64l/lang/th_TH.res" 1885
"../../../Engine/Content/Internationalization/icudt64l/region/th_TH.res" 1886
"../../../Engine/Content/Internationalization/icudt64l/region/th.res" 1887
"../../../Engine/Content/Internationalization/icudt64l/lang/ti.res" 1888
"../../../Engine/Content/Internationalization/icudt64l/region/ti.res" 1889
"../../../Engine/Content/Internationalization/icudt64l/lang/tk.res" 1890
"../../../Engine/Content/Internationalization/icudt64l/region/tk.res" 1891
"../../../Engine/Content/Internationalization/icudt64l/lang/to.res" 1892
"../../../Engine/Content/Internationalization/icudt64l/region/to.res" 1893
"../../../Engine/Content/Internationalization/icudt64l/lang/tt.res" 1894
"../../../Engine/Content/Internationalization/icudt64l/region/tt.res" 1895
"../../../Engine/Content/Internationalization/icudt64l/lang/twq.res" 1896
"../../../Engine/Content/Internationalization/icudt64l/region/twq.res" 1897
"../../../Engine/Content/Internationalization/icudt64l/lang/tzm.res" 1898
"../../../Engine/Content/Internationalization/icudt64l/region/tzm.res" 1899
"../../../Engine/Content/Internationalization/icudt64l/lang/ug.res" 1900
"../../../Engine/Content/Internationalization/icudt64l/region/ug.res" 1901
"../../../Engine/Content/Internationalization/icudt64l/lang/uk.res" 1902
"../../../Engine/Content/Internationalization/icudt64l/region/uk.res" 1903
"../../../Engine/Content/Internationalization/icudt64l/lang/ur.res" 1904
"../../../Engine/Content/Internationalization/icudt64l/lang/ur_IN.res" 1905
"../../../Engine/Content/Internationalization/icudt64l/region/ur_IN.res" 1906
"../../../Engine/Content/Internationalization/icudt64l/region/ur.res" 1907
"../../../Engine/Content/Internationalization/icudt64l/lang/uz.res" 1908
"../../../Engine/Content/Internationalization/icudt64l/lang/uz_Arab.res" 1909
"../../../Engine/Content/Internationalization/icudt64l/lang/uz_AF.res" 1910
"../../../Engine/Content/Internationalization/icudt64l/lang/uz_Arab_AF.res" 1911
"../../../Engine/Content/Internationalization/icudt64l/region/uz_AF.res" 1912
"../../../Engine/Content/Internationalization/icudt64l/region/uz_Arab_AF.res" 1913
"../../../Engine/Content/Internationalization/icudt64l/region/uz_Arab.res" 1914
"../../../Engine/Content/Internationalization/icudt64l/lang/uz_Cyrl.res" 1915
"../../../Engine/Content/Internationalization/icudt64l/lang/uz_UZ.res" 1916
"../../../Engine/Content/Internationalization/icudt64l/lang/uz_Latn_UZ.res" 1917
"../../../Engine/Content/Internationalization/icudt64l/lang/uz_Latn.res" 1918
"../../../Engine/Content/Internationalization/icudt64l/region/uz_UZ.res" 1919
"../../../Engine/Content/Internationalization/icudt64l/region/uz_Latn_UZ.res" 1920
"../../../Engine/Content/Internationalization/icudt64l/region/uz_Latn.res" 1921
"../../../Engine/Content/Internationalization/icudt64l/region/uz.res" 1922
"../../../Engine/Content/Internationalization/icudt64l/region/uz_Cyrl.res" 1923
"../../../Engine/Content/Internationalization/icudt64l/lang/vai.res" 1924
"../../../Engine/Content/Internationalization/icudt64l/lang/vai_Latn.res" 1925
"../../../Engine/Content/Internationalization/icudt64l/lang/vai_LR.res" 1926
"../../../Engine/Content/Internationalization/icudt64l/lang/vai_Vaii_LR.res" 1927
"../../../Engine/Content/Internationalization/icudt64l/lang/vai_Vaii.res" 1928
"../../../Engine/Content/Internationalization/icudt64l/region/vai_LR.res" 1929
"../../../Engine/Content/Internationalization/icudt64l/region/vai_Vaii_LR.res" 1930
"../../../Engine/Content/Internationalization/icudt64l/region/vai_Vaii.res" 1931
"../../../Engine/Content/Internationalization/icudt64l/region/vai.res" 1932
"../../../Engine/Content/Internationalization/icudt64l/region/vai_Latn.res" 1933
"../../../Engine/Content/Internationalization/icudt64l/lang/vi.res" 1934
"../../../Engine/Content/Internationalization/icudt64l/region/vi.res" 1935
"../../../Engine/Content/Internationalization/icudt64l/lang/vun.res" 1936
"../../../Engine/Content/Internationalization/icudt64l/region/vun.res" 1937
"../../../Engine/Content/Internationalization/icudt64l/lang/wae.res" 1938
"../../../Engine/Content/Internationalization/icudt64l/region/wae.res" 1939
"../../../Engine/Content/Internationalization/icudt64l/lang/wo.res" 1940
"../../../Engine/Content/Internationalization/icudt64l/region/wo.res" 1941
"../../../Engine/Content/Internationalization/icudt64l/lang/xh.res" 1942
"../../../Engine/Content/Internationalization/icudt64l/region/xh.res" 1943
"../../../Engine/Content/Internationalization/icudt64l/lang/xog.res" 1944
"../../../Engine/Content/Internationalization/icudt64l/region/xog.res" 1945
"../../../Engine/Content/Internationalization/icudt64l/lang/yav.res" 1946
"../../../Engine/Content/Internationalization/icudt64l/region/yav.res" 1947
"../../../Engine/Content/Internationalization/icudt64l/lang/yi.res" 1948
"../../../Engine/Content/Internationalization/icudt64l/region/yi.res" 1949
"../../../Engine/Content/Internationalization/icudt64l/lang/yo.res" 1950
"../../../Engine/Content/Internationalization/icudt64l/lang/yo_BJ.res" 1951
"../../../Engine/Content/Internationalization/icudt64l/region/yo_BJ.res" 1952
"../../../Engine/Content/Internationalization/icudt64l/region/yo.res" 1953
"../../../Engine/Content/Internationalization/icudt64l/lang/yue.res" 1954
"../../../Engine/Content/Internationalization/icudt64l/lang/yue_Hans.res" 1955
"../../../Engine/Content/Internationalization/icudt64l/lang/yue_CN.res" 1956
"../../../Engine/Content/Internationalization/icudt64l/lang/yue_Hans_CN.res" 1957
"../../../Engine/Content/Internationalization/icudt64l/region/yue_CN.res" 1958
"../../../Engine/Content/Internationalization/icudt64l/region/yue_Hans_CN.res" 1959
"../../../Engine/Content/Internationalization/icudt64l/region/yue_Hans.res" 1960
"../../../Engine/Content/Internationalization/icudt64l/lang/yue_Hant.res" 1961
"../../../Engine/Content/Internationalization/icudt64l/lang/yue_HK.res" 1962
"../../../Engine/Content/Internationalization/icudt64l/lang/yue_Hant_HK.res" 1963
"../../../Engine/Content/Internationalization/icudt64l/region/yue_HK.res" 1964
"../../../Engine/Content/Internationalization/icudt64l/region/yue_Hant_HK.res" 1965
"../../../Engine/Content/Internationalization/icudt64l/region/yue_Hant.res" 1966
"../../../Engine/Content/Internationalization/icudt64l/region/yue.res" 1967
"../../../Engine/Content/Internationalization/icudt64l/lang/zgh.res" 1968
"../../../Engine/Content/Internationalization/icudt64l/region/zgh.res" 1969
"../../../Engine/Content/Internationalization/icudt64l/lang/zh.res" 1970
"../../../Engine/Content/Internationalization/icudt64l/lang/zh_Hans.res" 1971
"../../../Engine/Content/Internationalization/icudt64l/lang/zh_CN.res" 1972
"../../../Engine/Content/Internationalization/icudt64l/lang/zh_Hans_CN.res" 1973
"../../../Engine/Content/Internationalization/icudt64l/region/zh_CN.res" 1974
"../../../Engine/Content/Internationalization/icudt64l/region/zh_Hans_CN.res" 1975
"../../../Engine/Content/Internationalization/icudt64l/region/zh_Hans.res" 1976
"../../../Engine/Content/Internationalization/icudt64l/region/zh.res" 1977
"../../../Engine/Content/Internationalization/icudt64l/lang/zh_HK.res" 1978
"../../../Engine/Content/Internationalization/icudt64l/lang/zh_Hant_HK.res" 1979
"../../../Engine/Content/Internationalization/icudt64l/lang/zh_Hant.res" 1980
"../../../Engine/Content/Internationalization/icudt64l/region/zh_HK.res" 1981
"../../../Engine/Content/Internationalization/icudt64l/region/zh_Hant_HK.res" 1982
"../../../Engine/Content/Internationalization/icudt64l/region/zh_Hant.res" 1983
"../../../Engine/Content/Internationalization/icudt64l/lang/zh_MO.res" 1984
"../../../Engine/Content/Internationalization/icudt64l/lang/zh_Hant_MO.res" 1985
"../../../Engine/Content/Internationalization/icudt64l/region/zh_MO.res" 1986
"../../../Engine/Content/Internationalization/icudt64l/region/zh_Hant_MO.res" 1987
"../../../Engine/Content/Internationalization/icudt64l/lang/zh_SG.res" 1988
"../../../Engine/Content/Internationalization/icudt64l/lang/zh_Hans_SG.res" 1989
"../../../Engine/Content/Internationalization/icudt64l/region/zh_SG.res" 1990
"../../../Engine/Content/Internationalization/icudt64l/region/zh_Hans_SG.res" 1991
"../../../Engine/Content/Internationalization/icudt64l/lang/zh_TW.res" 1992
"../../../Engine/Content/Internationalization/icudt64l/lang/zh_Hant_TW.res" 1993
"../../../Engine/Content/Internationalization/icudt64l/region/zh_TW.res" 1994
"../../../Engine/Content/Internationalization/icudt64l/region/zh_Hant_TW.res" 1995
"../../../Engine/Content/Internationalization/icudt64l/lang/zu.res" 1996
"../../../Engine/Content/Internationalization/icudt64l/region/zu.res" 1997
"../../../Engine/Content/Internationalization/icudt64l/lang/no.res" 1998
"../../../Engine/Content/Internationalization/icudt64l/lang/tl.res" 1999
"../../../Engine/Config/Android/DataDrivenPlatformInfo.ini" 2000
"../../../Engine/Config/IOS/DataDrivenPlatformInfo.ini" 2001
"../../../Engine/Config/Linux/DataDrivenPlatformInfo.ini" 2002
"../../../Engine/Config/Mac/DataDrivenPlatformInfo.ini" 2003
"../../../Engine/Config/TVOS/DataDrivenPlatformInfo.ini" 2004
"../../../Engine/Config/Unix/DataDrivenPlatformInfo.ini" 2005
"../../../Engine/Config/VulkanPC/DataDrivenPlatformInfo.ini" 2006
"../../../Engine/Config/Windows/DataDrivenPlatformInfo.ini" 2007
"../../../Engine/Platforms/VisionOS/Config/DataDrivenPlatformInfo.ini" 2008
"../../../Engine/Content/Renderer/TessellationTable.bin" 2009
"../../../Engine/DerivedDataCache/Compressed.ddp" 2010
"C:/Users/Ali imran/AppData/Local/UnrealEngine/5.7/Saved/Zen/zen.version" 2011
"C:/Users/Ali imran/AppData/Local/UnrealEngine/Common/Zen/Install/zen.version" 2012
"C:/Users/Ali imran/AppData/Local/UnrealEngine/Common/Zen/Install/zenserver.runcontext" 2013
"C:/Users/Ali imran/AppData/Local/UnrealEngine/Common/DerivedDataCache/TestData/0/TestData_4kb.dat" 2014
"C:/Users/Ali imran/AppData/Local/UnrealEngine/Common/DerivedDataCache/TestData/1/TestData_4kb.dat" 2015
"C:/Users/Ali imran/AppData/Local/UnrealEngine/Common/DerivedDataCache/TestData/0/TestData_8kb.dat" 2016
"C:/Users/Ali imran/AppData/Local/UnrealEngine/Common/DerivedDataCache/TestData/1/TestData_8kb.dat" 2017
"C:/Users/Ali imran/AppData/Local/UnrealEngine/Common/DerivedDataCache/TestData/0/TestData_16kb.dat" 2018
"C:/Users/Ali imran/AppData/Local/UnrealEngine/Common/DerivedDataCache/TestData/1/TestData_16kb.dat" 2019
"C:/Users/Ali imran/AppData/Local/UnrealEngine/Common/DerivedDataCache/TestData/0/TestData_64kb.dat" 2020
"C:/Users/Ali imran/AppData/Local/UnrealEngine/Common/DerivedDataCache/TestData/1/TestData_64kb.dat" 2021
"C:/Users/Ali imran/AppData/Local/UnrealEngine/Common/DerivedDataCache/TestData/0/TestData_128kb.dat" 2022
"C:/Users/Ali imran/AppData/Local/UnrealEngine/Common/DerivedDataCache/TestData/1/TestData_128kb.dat" 2023
"C:/Users/Ali imran/AppData/Local/UnrealEngine/Common/DerivedDataCache/TestData/0/TestData_256kb.dat" 2024
"C:/Users/Ali imran/AppData/Local/UnrealEngine/Common/DerivedDataCache/TestData/1/TestData_256kb.dat" 2025
"C:/Users/Ali imran/AppData/Roaming/Unreal Engine/UnrealBuildTool/BuildConfiguration.xml" 2026
"../../../../../../Users/Ali imran/Documents/GitHub/SpaceRatTestBP/Intermediate/ShaderAutogen/PCD3D_SM6/AutogenShaderHeaders.ush" 2027
"../../../Engine/Shaders/Private/HairStrands/HairStrandsVertexFactory.ush" 2028
"../../../Engine/Shaders/Private/VertexFactoryCommon.ush" 2029
"../../../Engine/Shaders/Private/Common.ush" 2030
"../../../Engine/Shaders/Public/Platform.ush" 2031
"../../../Engine/Shaders/Public/FP16Math.ush" 2032
"../../../Engine/Shaders/Public/Platform/D3D/D3DCommon.ush" 2033
"../../../Engine/Shaders/Shared/HLSLReservedSpaces.h" 2034
"../../../Engine/Shaders/Public/BindlessResources.ush" 2035
"../../../Engine/Shaders/Public/Platform/D3D/PlatformBindlessResources.ush" 2036
"../../../Engine/Shaders/Shared/RayTracingBuiltInResources.h" 2037
"../../../Engine/Shaders/Shared/RayTracingDefinitions.h" 2038
"../../../Engine/Shaders/Shared/MaterialCacheDefinitions.h" 2039
"../../../Engine/Shaders/Shared/HLSLTypeAliases.h" 2040
"../../../Engine/Shaders/Public/IndirectVirtualTexture.ush" 2041
"../../../Engine/Shaders/Shared/IndirectVirtualTextureDefinitions.h" 2042
"../../../Engine/Shaders/Public/OverloadMacros.ush" 2043
"../../../Engine/Shaders/Public/ShaderVersion.ush" 2044
"../../../Engine/Shaders/Shared/ThirdParty/NVIDIA/nvHLSLExtns.h" 2045
"../../../Engine/Shaders/Shared/ThirdParty/NVIDIA/nvHLSLExtnsInternal.h" 2046
"../../../Engine/Shaders/Shared/ThirdParty/NVIDIA/nvShaderExtnEnums.h" 2047
"../../../Engine/Shaders/Private/PackUnpack.ush" 2048
"../../../Engine/Shaders/Private/GeneratedUniformBufferTypes.ush" 2049
"../../../Engine/Shaders/Private/Nanite/NanitePackedNaniteView.ush" 2050
"../../../Engine/Shaders/Private/HairStrands/HairStrandsVisibilityCommonStruct.ush" 2051
"../../../Engine/Shaders/Private/HairStrands/HairStrandsVoxelPageCommonStruct.ush" 2052
"../../../Engine/Shaders/Private/HairStrands/HairStrandsDeepShadowCommonStruct.ush" 2053
"../../../Engine/Shaders/Shared/LightSceneData.h" 2054
"../../../Engine/Shaders/Private/LargeWorldCoordinates.ush" 2055
"../../../Engine/Shaders/Private/DoubleFloat.ush" 2056
"../../../Engine/Shaders/Private/RandomPCG.ush" 2057
"../../../Engine/Shaders/Private/DoubleFloatOperations.ush" 2058
"../../../Engine/Shaders/Private/DoubleFloatVectorDefinition.ush" 2059
"../../../Engine/Shaders/Private/LWCOperations.ush" 2060
"../../../Engine/Shaders/Shared/LightViewData.h" 2061
"../../../Engine/Shaders/Shared/RayTracingTypes.h" 2062
"../../../Engine/Shaders/Shared/HLSLStaticAssert.h" 2063
"../../../Engine/Shaders/Private/CommonViewUniformBuffer.ush" 2064
"../../../Engine/Shaders/Private/InstancedStereo.ush" 2065
"../../../Engine/Shaders/Private/Definitions.usf" 2066
"../../../Engine/Shaders/Private/AssertionMacros.ush" 2067
"../../../Engine/Shaders/Private/FastMath.ush" 2068
"../../../Engine/Shaders/Private/FastMathThirdParty.ush" 2069
"../../../Engine/Shaders/Private/Random.ush" 2070
"../../../Engine/Shaders/Private/RandomInterleavedGradientNoise.ush" 2071
"../../../Engine/Shaders/Private/SceneData.ush" 2072
"../../../Engine/Shaders/Private/OctahedralCommon.ush" 2073
"../../../Engine/Shaders/Private/WaveOpUtil.ush" 2074
"../../../Engine/Shaders/Private/ByteBuffer.ush" 2075
"../../../Engine/Shaders/Shared/SceneDefinitions.h" 2076
"../../../Engine/Shaders/Private/SceneDataMobileLoader.ush" 2077
"../../../Engine/Shaders/Private/LocalVertexFactoryCommon.ush" 2078
"../../../Engine/Shaders/Private/HairStrands/HairStrandsVisibilityCommon.ush" 2079
"../../../Engine/Shaders/Shared/HairStrandsDefinitions.h" 2080
"../../../Engine/Shaders/Private/HairStrands/HairStrandsVertexFactoryCommon.ush" 2081
"../../../Engine/Shaders/Private/HairStrands/HairStrandsPack.ush" 2082
"../../../Engine/Shaders/Private/HairStrands/HairStrandsAttributeCommon.ush" 2083
"../../../Engine/Shaders/Private/HairStrands/HairStrandsAttributeTemplate.ush" 2084
"../../../Engine/Shaders/Private/VertexFactoryDefaultInterface.ush" 2085
"../../../Engine/Shaders/Private/HairStrands/HairCardsVertexFactory.ush" 2086
"../../../Engine/Shaders/Private/HairStrands/HairCardsAttributeCommon.ush" 2087
"../../../Engine/Shaders/Private/RayTracing/RayTracingCommon.ush" 2088
"../../../Engine/Shaders/Private/ShadingCommon.ush" 2089
"../../../Engine/Shaders/Shared/RayTracingPayloadType.h" 2090
"../../../Engine/Shaders/Private/RayTracing/RayTracingRayCone.ush" 2091
"../../../Engine/Shaders/Private/Substrate/Substrate.ush" 2092
"../../../Engine/Shaders/Private/ShadingEnergyConservation.ush" 2093
"../../../Engine/Shaders/Private/ShadingEnergyConservationTemplate.ush" 2094
"../../../Engine/Shaders/Private/BRDF.ush" 2095
"../../../Engine/Shaders/Private/ColorSpace.ush" 2096
"../../../Engine/Shaders/Private/DeferredShadingCommon.ush" 2097
"../../../Engine/Shaders/Private/LightAccumulator.ush" 2098
"../../../Engine/Shaders/Private/SceneTexturesCommon.ush" 2099
"../../../Engine/Shaders/Private/MonteCarlo.ush" 2100
"../../../Engine/Shaders/Private/GBufferHelpers.ush" 2101
"../../../Engine/Shaders/Private/SceneTextureParameters.ush" 2102
"C:/Users/Ali imran/Documents/GitHub/SpaceRatTestBP/Intermediate/ShaderAutogen/PCD3D_SM6/AutogenShaderHeaders.ush" 2103
"../../../Engine/Shaders/Private/ParticipatingMediaCommon.ush" 2104
"../../../Engine/Shaders/Private/ThinFilmBSDF.ush" 2105
"../../../Engine/Shaders/Private/MortonCode.ush" 2106
"../../../Engine/Shaders/Private/SubsurfaceProfileCommon.ush" 2107
"../../../Engine/Shaders/Private/BurleyNormalizedSSSCommon.ush" 2108
"../../../Engine/Shaders/Private/GammaCorrectionCommon.ush" 2109
"../../../Engine/Shaders/Shared/SubstrateDefinitions.h" 2110
"../../../Engine/Shaders/Private/Substrate/SubstrateStatisticalOperators.ush" 2111
"../../../Engine/Shaders/Private/Substrate/SubstrateSubsurface.ush" 2112
"../../../Engine/Shaders/Private/TransmissionCommon.ush" 2113
"../../../Engine/Shaders/Private/Substrate/SubstrateExportCommon.ush" 2114
"../../../Engine/Shaders/Private/SpecularProfileCommon.ush" 2115
"../../../Engine/Shaders/Private/RayTracing/RayTracingCommonMetal.ush" 2116
"../../../Engine/Shaders/Private/PositionReconstructionCommon.ush" 2117
"../../../Engine/Shaders/Private/RayTracing/TraceRayInline.ush" 2118
"../../../Engine/Shaders/Private/RayTracing/TraceRayInlineCommon.ush" 2119
"../../../Engine/Shaders/Private/RayTracing/TraceRayInlineVulkan.ush" 2120
"../../../Engine/Shaders/Private/RayTracing/TraceRayInlineMetal.ush" 2121
"../../../Engine/Shaders/Private/RayTracing/RayTracingHitGroupCommon.ush" 2122
"../../../Engine/Shaders/Private/Nanite/NaniteRayTrace.ush" 2123
"../../../Engine/Shaders/Private/Nanite/NaniteDataDecode.ush" 2124
"../../../Engine/Shaders/Private/BitPacking.ush" 2125
"../../../Engine/Shaders/Private/BitStreamReaderImplementation.ush" 2126
"../../../Engine/Shaders/Private/BoneTransform.ush" 2127
"../../../Engine/Shaders/Private/Quaternion.ush" 2128
"../../../Engine/Shaders/Private/Skinning/SkinningDataDecode.ush" 2129
"../../../Engine/Shaders/Private/GpuSkinCommon.ush" 2130
"../../../Engine/Shaders/Shared/SkinningDefinitions.h" 2131
"../../../Engine/Shaders/Shared/NaniteDefinitions.h" 2132
"../../../Engine/Shaders/Private/Nanite/NaniteAttributeDecode.ush" 2133
"../../../Engine/Shaders/Private/Barycentrics.ush" 2134
"../../../Engine/Shaders/Private/DualNumber.ush" 2135
"../../../Engine/Shaders/Shared/ThirdParty/RayTriangleIntersection.h" 2136
"../../../Engine/Shaders/Private/Nanite/NaniteVertexFetch.ush" 2137
"../../../Engine/Shaders/Private/ViewData.ush" 2138
"../../../Engine/Shaders/Shared/ViewDefinitions.h" 2139
"../../../Engine/Shaders/Private/Nanite/NaniteSceneCommon.ush" 2140
"../../../Engine/Shaders/Private/RayTracing/TraceRayInlineD3D12.ush" 2141
"../../../Engine/Plugins/FX/Niagara/Shaders/Private/NiagaraSpriteVertexFactory.ush" 2142
"../../../Engine/Shaders/Private/ParticleVertexFactoryCommon.ush" 2143
"../../../Engine/Plugins/FX/Niagara/Shaders/Private/NiagaraVFCommon.usf" 2144
"../../../Engine/Plugins/FX/Niagara/Shaders/Private/NiagaraVFParticleAccess.usf" 2145
"../../../Engine/Plugins/FX/Niagara/Shaders/Private/NiagaraParticleAccess.ush" 2146
"../../../Engine/Plugins/FX/Niagara/Shaders/Private/NiagaraRibbonVertexFactory.ush" 2147
"../../../Engine/Plugins/FX/Niagara/Shaders/Private/NiagaraMeshVertexFactory.ush" 2148
"../../../Engine/Plugins/FX/Niagara/Shaders/Private/NiagaraCommon.ush" 2149
"../../../Engine/Plugins/FX/Niagara/Shaders/Private/NiagaraMeshParticleUtils.ush" 2150
"../../../Engine/Shaders/Private/VectorFieldVisualizationVertexFactory.ush" 2151
"../../../Engine/Shaders/Private/Nanite/NaniteVertexFactory.ush" 2152
"../../../Engine/Shaders/Private/LightmapData.ush" 2153
"../../../Engine/Shaders/Private/SplineMeshCommon.ush" 2154
"../../../Engine/Shaders/Shared/SplineMeshShaderParams.h" 2155
"../../../Engine/Shaders/Private/ShaderPrint.ush" 2156
"../../../Engine/Shaders/Private/ShaderPrintCommon.ush" 2157
"../../../Engine/Shaders/Private/MiniFontCommon.ush" 2158
"../../../Engine/Shaders/Private/SGGX.ush" 2159
"../../../Engine/Shaders/Private/MaterialCache/MaterialCacheCommon.ush" 2160
"../../../Engine/Shaders/Private/Nanite/NaniteVertexDeformation.ush" 2161
"../../../Engine/Shaders/Private/Matrices.ush" 2162
"../../../Engine/Shaders/Private/ParticleSpriteVertexFactory.ush" 2163
"../../../Engine/Shaders/Private/ParticleGPUSpriteVertexFactory.ush" 2164
"../../../Engine/Shaders/Private/ParticleSimulationCommon.ush" 2165
"../../../Engine/Shaders/Private/ParticleBeamTrailVertexFactory.ush" 2166
"../../../Engine/Shaders/Private/MeshParticleVertexFactory.ush" 2167
"../../../Engine/Shaders/Private/LocalVertexFactory.ush" 2168
"../../../Engine/Shaders/Private/GpuSkinVertexFactory.ush" 2169
"../../../Engine/Shaders/Private/GeometryCollectionVertexFactory.ush" 2170
"../../../Engine/Shaders/Private/GeometryCacheVertexFactory.ush" 2171
"../../../Engine/Shaders/Private/LandscapeVertexFactory.ush" 2172
"../../../Engine/Plugins/NNE/NNEDenoiser/Shaders/NNEDenoiserShadersTransferFunctionOidn.usf" 2173
"../../../Engine/Plugins/NNE/NNEDenoiser/Shaders/NNEDenoiserShadersMappedCopy.usf" 2174
"../../../Engine/Plugins/NNE/NNEDenoiser/Shaders/NNEDenoiserShadersDefaultIOProcess.usf" 2175
"../../../Engine/Plugins/NNE/NNEDenoiser/Shaders/NNEDenoiserShadersAutoExposureReduceFinal.usf" 2176
"../../../Engine/Plugins/NNE/NNEDenoiser/Shaders/NNEDenoiserShadersAutoExposureReduce.usf" 2177
"../../../Engine/Plugins/NNE/NNEDenoiser/Shaders/NNEDenoiserShadersAutoExposureDownsample.usf" 2178
"../../../Engine/Plugins/Runtime/ComputeFramework/Shaders/Private/ComputeKernel.usf" 2179
"../../../Engine/Plugins/Runtime/ComputeFramework/Shaders/Private/ComputeKernelCommon.ush" 2180
"../../../Engine/Plugins/Media/WmfMedia/Shaders/Private/MediaHardwareVideoDecoding.usf" 2181
"../../../Engine/Shaders/Private/ColorUtils.ush" 2182
"../../../Engine/Plugins/Media/ImgMedia/Shaders/Private/ExrSwizzler.usf" 2183
"../../../Engine/Plugins/Experimental/NFORDenoise/Shaders/NFORDenoise.usf" 2184
"../../../Engine/Shaders/Private/ScreenPass.ush" 2185
"../../../Engine/Plugins/Experimental/NFORDenoise/Shaders/NFORRegressionCommon.ush" 2186
"../../../Engine/Plugins/Experimental/NFORDenoise/Shaders/NFORRegression.ush" 2187
"../../../Engine/Plugins/Enterprise/GLTFExporter/Shaders/Private/SimpleTexture2DPS.usf" 2188
"../../../Engine/Shaders/Private/SimpleElementNormalMapPixelShader.usf" 2189
"../../../Engine/Plugins/Runtime/HairStrands/Shaders/Private/NiagaraCopyVelocityGrid.usf" 2190
"../../../Engine/Plugins/Runtime/HairStrands/Shaders/Private/NiagaraClearVelocityGrid.usf" 2191
"../../../Engine/Plugins/Runtime/HairStrands/Shaders/Private/NiagaraClearPressureGrid.usf" 2192
"../../../Engine/Plugins/Runtime/HairStrands/Shaders/Private/NiagaraInterpolateGroomGuides.usf" 2193
"../../../Engine/Plugins/Runtime/HairStrands/Shaders/Private/NiagaraGroomInterpolationUtils.ush" 2194
"../../../Engine/Plugins/FX/Niagara/Shaders/Private/NiagaraQuaternionUtils.ush" 2195
"../../../Engine/Shaders/Private/HairStrands/HairStrandsMesh.usf" 2196
"../../../Engine/Shaders/Private/HairStrands/HairStrandsBindingCommon.ush" 2197
"../../../Engine/Shaders/Private/HairStrands/HairStrandsFollicleMask.usf" 2198
"../../../Engine/Shaders/Private/HairStrands/HairStrandsSkinUpdate.usf" 2199
"../../../Engine/Shaders/Private/HairStrands/HairStrandsClusterCulling.usf" 2200
"../../../Engine/Shaders/Private/ColorMap.ush" 2201
"../../../Engine/Shaders/Private/HairStrands/HairStrandsAABBCommon.ush" 2202
"../../../Engine/Shaders/Private/HairStrands/HairStrandsClusterCommon.ush" 2203
"../../../Engine/Shaders/Private/ThreadGroupPrefixSum.ush" 2204
"../../../Engine/Shaders/Private/HairStrands/HairStrandsRaytracingGeometry.usf" 2205
"../../../Engine/Shaders/Private/HairStrands/HairStrandsTangent.usf" 2206
"../../../Engine/Shaders/Private/HairStrands/HairCardsDeformation.usf" 2207
"../../../Engine/Shaders/Private/HairStrands/HairStrandsInterpolation.usf" 2208
"../../../Engine/Shaders/Private/HairStrands/HairStrandsGuideDeform.usf" 2209
"../../../Engine/Shaders/Private/HairStrands/HairStrandsTexturesGeneration.usf" 2210
"../../../Engine/Shaders/Private/HairStrands/HairCardsTextureCommon.ush" 2211
"../../../Engine/Shaders/Private/HairStrands/HairStrandsTranscode.usf" 2212
"../../../Engine/Shaders/Private/HairStrands/HairStrandsDebug.usf" 2213
"../../../Engine/Shaders/Private/HairShadingCommon.ush" 2214
"../../../Engine/Shaders/Private/PostProcessCommon.ush" 2215
"../../../Engine/Shaders/Private/ShadingModels.ush" 2216
"../../../Engine/Shaders/Private/CapsuleLight.ush" 2217
"../../../Engine/Shaders/Private/RectLight.ush" 2218
"../../../Engine/Shaders/Private/LightData.ush" 2219
"../../../Engine/Shaders/Shared/LightDefinitions.h" 2220
"../../../Engine/Shaders/Private/AreaLightCommon.ush" 2221
"../../../Engine/Shaders/Private/HairBsdf.ush" 2222
"../../../Engine/Shaders/Private/PathTracing/Utilities/PathTracingRandomSequence.ush" 2223
"../../../Engine/Shaders/Private/MobileGGX.ush" 2224
"../../../Engine/Shaders/Private/HairStrands/HairStrandsCommon.ush" 2225
"../../../Engine/Shaders/Private/HairStrands/HairStrandsEnvironmentLightingCommon.ush" 2226
"../../../Engine/Shaders/Private/HairStrands/HairStrandsDeepTransmittanceCommon.ush" 2227
"../../../Engine/Shaders/Private/HairStrands/HairStrandsDeepTransmittanceDualScattering.ush" 2228
"../../../Engine/Shaders/Private/HairStrands/HairStrandsDeepShadowCommon.ush" 2229
"../../../Engine/Shaders/Private/HairStrands/HairStrandsDebugCommonStruct.ush" 2230
"../../../Engine/Plugins/Compositing/CompositeCore/Shaders/Private/CompositeCoreMerge.usf" 2231
"../../../Engine/Shaders/Private/LensDistortion.ush" 2232
"../../../Engine/Plugins/Compositing/CompositeCore/Shaders/Private/CompositeCoreBlending.ush" 2233
"../../../Engine/Plugins/Compositing/CompositeCore/Shaders/Private/CompositeCoreDisplayTransform.usf" 2234
"../../../Engine/Plugins/Compositing/CompositeCore/Shaders/Private/CompositeCoreDilate.usf" 2235
"../../../Engine/Plugins/FX/Niagara/Shaders/Private/NiagaraVertexFactoryExport.usf" 2236
"../../../Engine/Shaders/Private/ComputeShaderUtils.ush" 2237
"../../../Engine/Shaders/Private/MaterialTemplate.ush" 2238
"../../../Engine/Shaders/Private/WorldSpaceMath.ush" 2239
"../../../Engine/Shaders/Private/EyeAdaptationCommon.ush" 2240
"../../../Engine/Shaders/Private/SobolRandom.ush" 2241
"../../../Engine/Shaders/Private/DepthOfFieldCommon.ush" 2242
"../../../Engine/Shaders/Private/CircleDOFCommon.ush" 2243
"../../../Engine/Shaders/Private/DistanceField/GlobalDistanceFieldShared.ush" 2244
"../../../Engine/Shaders/Private/PhysicsFieldSampler.ush" 2245
"../../../Engine/Shaders/Private/PhysicsFieldShared.ush" 2246
"../../../Engine/Shaders/Private/SparseVolumeTexture/SparseVolumeTextureCommon.ush" 2247
"../../../Engine/Shaders/Shared/EnvironmentComponentsFlags.h" 2248
"../../../Engine/Shaders/Private/MeshPaintTextureCommon.ush" 2249
"../../../Engine/Shaders/Private/VirtualTextureMaterial.ush" 2250
"../../../Engine/Shaders/Private/MaterialCache/MaterialCacheMaterialCommon.ush" 2251
"../../../Engine/Shaders/Private/Quantization.ush" 2252
"../../../Engine/Shaders/Private/SpeedTreeCommon.ush" 2253
"../../../Engine/Shaders/Private/VirtualTextureCommon.ush" 2254
"../../../Engine/Shaders/Public/IndirectVirtualTextureCommon.ush" 2255
"../../../Engine/Shaders/Private/MaterialTexture.ush" 2256
"../../../Engine/Shaders/Private/MinMaterialTexCoords.ush" 2257
"../../../Engine/Shaders/Private/SkyAtmosphereCommon.ush" 2258
"../../../Engine/Shaders/Private/SingleLayerWaterCommon.ush" 2259
"../../../Engine/Shaders/Private/TextureSampling.ush" 2260
"../../../Engine/Shaders/Private/PaniniProjection.ush" 2261
"../../../Engine/Shaders/Private/DBufferNormalReprojection.ush" 2262
"../../../Engine/Shaders/Public/SubstratePublic.ush" 2263
"../../../Engine/Shaders/Private/Substrate/SubstrateRead.ush" 2264
"../../../Engine/Shaders/Private/Substrate/SubstrateTree.ush" 2265
"../../../Engine/Shaders/Private/Substrate/SubstrateEvaluation.ush" 2266
"../../../Engine/Shaders/Private/Substrate/Glint/GlintThirdParty.ush" 2267
"../../../Engine/Shaders/Private/BlueNoise.ush" 2268
"../../../Engine/Shaders/Private/SHCommon.ush" 2269
"../../../Engine/Shaders/Private/ShadingModelsSampling.ush" 2270
"../../../Engine/Shaders/Private/HairStrands/HairBsdfSample.ush" 2271
"../../../Engine/Shaders/Private/Substrate/SubstrateLegacyConversion.ush" 2272
"../../../Engine/Shaders/Private/DBufferDecalShared.ush" 2273
"../../../Engine/Plugins/FX/Niagara/Shaders/Private/NiagaraSortKeyGen.usf" 2274
"../../../Engine/Plugins/FX/Niagara/Shaders/Private/NiagaraGPURayTracingTransforms.usf" 2275
"../../../Engine/Plugins/FX/Niagara/Shaders/Private/NiagaraDrawIndirectArgsGen.usf" 2276
"../../../Engine/Plugins/FX/Niagara/Shaders/Private/NiagaraDispatchIndirectArgsGen.usf" 2277
"../../../Engine/Plugins/FX/Niagara/Shaders/Private/Stateless/NiagaraStatelessSimulationDefault.usf" 2278
"../../../Engine/Plugins/FX/Niagara/Shaders/Private/Stateless/NiagaraStatelessCommon.ush" 2279
"../../../Engine/Plugins/FX/Niagara/Shaders/Shared/NiagaraStatelessDefinitions.h" 2280
"../../../Engine/Plugins/FX/Niagara/Shaders/Shared/NiagaraStatelessBuiltDistribution.h" 2281
"../../../Engine/Plugins/FX/Niagara/Shaders/Private/Stateless/NiagaraStatelessDistribution.ush" 2282
"../../../Engine/Plugins/FX/Niagara/Shaders/Private/Stateless/Template/GenerateCS_PreModules.ush" 2283
"../../../Engine/Plugins/FX/Niagara/Shaders/Private/Stateless/Modules/NiagaraStatelessModule_CalculateAccurateVelocity.ush" 2284
"../../../Engine/Plugins/FX/Niagara/Shaders/Private/Stateless/Modules/NiagaraStatelessModule_CameraOffset.ush" 2285
"../../../Engine/Plugins/FX/Niagara/Shaders/Private/Stateless/Modules/NiagaraStatelessModule_DynamicMaterialParameters.ush" 2286
"../../../Engine/Plugins/FX/Niagara/Shaders/Private/Stateless/Modules/NiagaraStatelessModule_InitializeParticle.ush" 2287
"../../../Engine/Plugins/FX/Niagara/Shaders/Private/Stateless/Modules/NiagaraStatelessModule_InitialMeshOrientation.ush" 2288
"../../../Engine/Plugins/FX/Niagara/Shaders/Private/Stateless/Modules/NiagaraStatelessModule_MeshIndex.ush" 2289
"../../../Engine/Plugins/FX/Niagara/Shaders/Private/Stateless/Modules/NiagaraStatelessModule_MeshRotationRate.ush" 2290
"../../../Engine/Plugins/FX/Niagara/Shaders/Private/Stateless/Modules/NiagaraStatelessModule_RotateAroundPoint.ush" 2291
"../../../Engine/Plugins/FX/Niagara/Shaders/Private/Stateless/Modules/NiagaraStatelessModule_ShapeLocation.ush" 2292
"../../../Engine/Plugins/FX/Niagara/Shaders/Private/Stateless/Modules/NiagaraStatelessModule_ScaleColor.ush" 2293
"../../../Engine/Plugins/FX/Niagara/Shaders/Private/Stateless/Modules/NiagaraStatelessModule_ScaleRibbonWidth.ush" 2294
"../../../Engine/Plugins/FX/Niagara/Shaders/Private/Stateless/Modules/NiagaraStatelessModule_ScaleSpriteSize.ush" 2295
"../../../Engine/Plugins/FX/Niagara/Shaders/Private/Stateless/Modules/NiagaraStatelessModule_ScaleSpriteSizeBySpeed.ush" 2296
"../../../Engine/Plugins/FX/Niagara/Shaders/Private/Stateless/Modules/NiagaraStatelessModule_ScaleMeshSize.ush" 2297
"../../../Engine/Plugins/FX/Niagara/Shaders/Private/Stateless/Modules/NiagaraStatelessModule_ScaleMeshSizebySpeed.ush" 2298
"../../../Engine/Plugins/FX/Niagara/Shaders/Private/Stateless/Modules/NiagaraStatelessModule_SolveVelocitiesAndForces.ush" 2299
"../../../Engine/Plugins/FX/Niagara/Shaders/Private/Stateless/Modules/NiagaraStatelessModule_SpriteFacingAndAlignment.ush" 2300
"../../../Engine/Plugins/FX/Niagara/Shaders/Private/Stateless/Modules/NiagaraStatelessModule_SpriteRotationRate.ush" 2301
"../../../Engine/Plugins/FX/Niagara/Shaders/Private/Stateless/Modules/NiagaraStatelessModule_SubUVAnimation.ush" 2302
"../../../Engine/Plugins/FX/Niagara/Shaders/Private/Stateless/Template/GenerateCS_PostModules.ush" 2303
"../../../Engine/Plugins/FX/Niagara/Shaders/Private/NiagaraBlendSVTsToDenseBuffer.usf" 2304
"../../../Engine/Plugins/FX/Niagara/Shaders/Private/NiagaraSVTToDenseBuffer.usf" 2305
"../../../Engine/Plugins/FX/Niagara/Shaders/Private/NiagaraFillIntBuffer.usf" 2306
"../../../Engine/Plugins/FX/Niagara/Shaders/Private/NiagaraComputeFreeIDs.usf" 2307
"../../../Engine/Plugins/FX/Niagara/Shaders/Private/NiagaraInitFreeIDBuffer.usf" 2308
"../../../Engine/Plugins/FX/Niagara/Shaders/Private/NiagaraEmitterInstanceShader.usf" 2309
"../../../Engine/Plugins/FX/Niagara/Shaders/Private/NiagaraShaderVersion.ush" 2310
"../../../Engine/Plugins/FX/Niagara/Shaders/Private/NiagaraPhysicsCommon.ush" 2311
"../../../Engine/Plugins/FX/Niagara/Shaders/Private/Ribbons/NiagaraRibbonAggregationApply.usf" 2312
"../../../Engine/Plugins/FX/Niagara/Shaders/Private/Ribbons/NiagaraRibbonCommon.ush" 2313
"../../../Engine/Plugins/FX/Niagara/Shaders/Shared/NiagaraRibbonShared.h" 2314
"../../../Engine/Plugins/FX/Niagara/Shaders/Private/Ribbons/NiagaraRibbonAggregationStep.usf" 2315
"../../../Engine/Plugins/FX/Niagara/Shaders/Private/Ribbons/NiagaraRibbonGenerateIndices.usf" 2316
"../../../Engine/Plugins/FX/Niagara/Shaders/Private/Ribbons/NiagaraRibbonInitializeIndices.usf" 2317
"../../../Engine/Plugins/FX/Niagara/Shaders/Private/Ribbons/NiagaraRibbonRibbonUVParamCalculation.usf" 2318
"../../../Engine/Plugins/FX/Niagara/Shaders/Private/Ribbons/NiagaraRibbonVertexReductionFinalization.usf" 2319
"../../../Engine/Plugins/FX/Niagara/Shaders/Private/Ribbons/NiagaraRibbonVertexReductionInitialization.usf" 2320
"../../../Engine/Plugins/FX/Niagara/Shaders/Private/Ribbons/NiagaraRibbonSortParticles.usf" 2321
"../../../Engine/Plugins/FX/Niagara/Shaders/Private/NiagaraLWCHelper.usf" 2322
"../../../Engine/Plugins/FX/Niagara/Shaders/Private/NiagaraUpdateMeshGPUSceneInstances.usf" 2323
"../../../Engine/Shaders/Private/GPUScene/GPUSceneWriter.ush" 2324
"../../../Engine/Plugins/FX/Niagara/Shaders/Private/NiagaraGenerateMips.usf" 2325
"../../../Engine/Plugins/FX/Niagara/Shaders/Private/NiagaraDebugDraw.usf" 2326
"../../../Engine/Plugins/FX/Niagara/Shaders/Private/NiagaraDebugDraw.ush" 2327
"../../../Engine/Plugins/FX/Niagara/Shaders/Private/NiagaraVisualizeTexture.usf" 2328
"../../../Engine/Plugins/FX/Niagara/Shaders/Private/NiagaraClearCounts.usf" 2329
"../../../Engine/Plugins/FX/Niagara/Shaders/Private/NiagaraBatchedElements.usf" 2330
"../../../Engine/Plugins/FX/Niagara/Shaders/Private/NiagaraRayTracingShaders.usf" 2331
"../../../Engine/Plugins/FX/Niagara/Shaders/Private/NiagaraAsyncGpuTraceCommon.ush" 2332
"../../../Engine/Shaders/Private/HashTable.ush" 2333
"../../../Engine/Shaders/Private/Hash.ush" 2334
"../../../Engine/Shaders/Private/RayTracing/VFXTraceRay.ush" 2335
"../../../Engine/Plugins/FX/Niagara/Shaders/Private/NiagaraRayMarchingShaders.usf" 2336
"../../../Engine/Plugins/FX/Niagara/Shaders/Private/NiagaraRayTraceCollisionGroupShaders.usf" 2337
"../../../Engine/Plugins/FX/Niagara/Shaders/Private/NiagaraAsyncGpuTraceUtils.usf" 2338
"../../../Engine/Shaders/Private/VirtualTextureAdapter.usf" 2339
"../../../Engine/Shaders/Private/BlockCompressionCommon.ush" 2340
"../../../Engine/Shaders/Private/BCCompressionCommon.ush" 2341
"../../../Engine/Shaders/Private/TranslucentLightingShaders.usf" 2342
"../../../Engine/Shaders/Private/TranslucencyVolumeInjectionCommon.ush" 2343
"../../../Engine/Shaders/Private/CubemapCommon.ush" 2344
"../../../Engine/Shaders/Private/VectorFieldCompositeShaders.usf" 2345
"../../../Engine/Shaders/Private/UpdateTextureShaders.usf" 2346
"../../../Engine/Shaders/Private/StereoLayerShader.usf" 2347
"../../../Engine/Shaders/Private/SparseVolumeTexture/UpdateSparseVolumeTexture.usf" 2348
"../../../Engine/Shaders/Private/MorphTargets.usf" 2349
"../../../Engine/Shaders/Private/SimpleElementColorChannelMaskPixelShader.usf" 2350
"../../../Engine/Shaders/Private/SimpleElementHitProxyPixelShader.usf" 2351
"../../../Engine/Shaders/Private/SimpleElementPixelShader.usf" 2352
"../../../Engine/Shaders/Private/IESLightProfilesCommon.ush" 2353
"../../../Engine/Shaders/Private/SimpleElementVertexShader.usf" 2354
"../../../Engine/Shaders/Private/ScreenPixelShaderOES.usf" 2355
"../../../Engine/Shaders/Private/ScreenVertexShader.usf" 2356
"../../../Engine/Shaders/Private/ScreenPixelShader.usf" 2357
"../../../Engine/Shaders/Private/SSProfilePreIntegratedMobile.usf" 2358
"../../../Engine/Shaders/Private/SpecularProfile.usf" 2359
"../../../Engine/Shaders/Private/Nanite/NaniteStreaming.usf" 2360
"../../../Engine/Shaders/Private/Nanite/NaniteStreaming.ush" 2361
"../../../Engine/Shaders/Private/VolumetricLightmapStreaming.usf" 2362
"../../../Engine/Shaders/Private/PhysicsFieldReset.usf" 2363
"../../../Engine/Shaders/Private/PhysicsFieldBuilder.usf" 2364
"../../../Engine/Shaders/Private/PhysicsFieldEval.ush" 2365
"../../../Engine/Shaders/Private/ParticleSortKeyGen.usf" 2366
"../../../Engine/Shaders/Private/ParticleBoundsShader.usf" 2367
"../../../Engine/Shaders/Private/ParticleSimVisualizeShader.usf" 2368
"../../../Engine/Shaders/Private/ParticleInjectionShader.usf" 2369
"../../../Engine/Shaders/Private/ParticleSimulationShader.usf" 2370
"../../../Engine/Shaders/Private/ParticleCurveInjectionShader.usf" 2371
"../../../Engine/Shaders/Private/Nanite/NaniteTranscode.usf" 2372
"../../../Engine/Shaders/Private/Nanite/NaniteScatterUpdates.usf" 2373
"../../../Engine/Shaders/Private/CopyUIntBuffer.usf" 2374
"../../../Engine/Shaders/Private/RadixSortShaders.usf" 2375
"../../../Engine/Shaders/Private/RecomputeTangentsPerVertexPass.usf" 2376
"../../../Engine/Shaders/Private/RecomputeTangentsCommon.ush" 2377
"../../../Engine/Shaders/Private/RecomputeTangentsPerTrianglePass.usf" 2378
"../../../Engine/Shaders/Private/DynamicMeshBounds.usf" 2379
"../../../Engine/Shaders/Private/GpuSkinCacheComputeShader.usf" 2380
"../../../Engine/Shaders/Private/DynamicMeshBounds.ush" 2381
"../../../Engine/Shaders/Private/HeightFieldAtlasManagement.usf" 2382
"../../../Engine/Shaders/Private/Landscape/LandscapeEditLayersUtils.usf" 2383
"../../../Engine/Shaders/Private/Landscape/LandscapeCommon.ush" 2384
"../../../Engine/Shaders/Private/Landscape/LandscapeEditLayersWeightmaps.usf" 2385
"../../../Engine/Shaders/Private/Landscape/LandscapeEditLayersHeightmaps.usf" 2386
"../../../Engine/Shaders/Private/LandscapeLayersPS.usf" 2387
"../../../Engine/Shaders/Private/LandscapePhysicalMaterial.usf" 2388
"../../../Engine/Shaders/Private/LandscapeGrassWeight.usf" 2389
"../../../Engine/Shaders/Private/Landscape/LandscapeCulling.usf" 2390
"../../../Engine/Shaders/Private/Nanite/NaniteHZBCull.ush" 2391
"../../../Engine/Shaders/Private/HZB.ush" 2392
"../../../Engine/Shaders/Private/Landscape/LandscapeMergeTexturesPS.usf" 2393
"../../../Engine/Shaders/Private/WideCustomResolveShaders.usf" 2394
"../../../Engine/Shaders/Private/WideCustomResolve_Wide.ush" 2395
"../../../Engine/Shaders/Private/WideCustomResolve_Wider.ush" 2396
"../../../Engine/Shaders/Private/WideCustomResolve_Widest.ush" 2397
"../../../Engine/Shaders/Private/WaterInfoTextureBlur.usf" 2398
"../../../Engine/Shaders/Private/WaterInfoTextureMerge.usf" 2399
"../../../Engine/Shaders/Private/PageTableUpdate.usf" 2400
"../../../Engine/Shaders/Private/VirtualTextureCompress.usf" 2401
"../../../Engine/Shaders/Private/ASTCCompressionCommon.ush" 2402
"../../../Engine/Shaders/Private/IntegerSequenceEncoding.ush" 2403
"../../../Engine/Shaders/Private/ETCCompressionCommon.ush" 2404
"../../../Engine/Shaders/Private/VirtualTextureMaterial.usf" 2405
"../../../Engine/Shaders/Private/PixelShaderOutputCommon.ush" 2406
"../../../Engine/Shaders/Private/ShaderOutputCommon.ush" 2407
"../../../Engine/Shaders/Private/VolumetricRenderTarget.usf" 2408
"../../../Engine/Shaders/Private/HeightFogCommon.ush" 2409
"../../../Engine/Shaders/Private/LocalFogVolumes/LocalFogVolumeCommon.ush" 2410
"../../../Engine/Shaders/Private/ReflectionEnvironmentShared.ush" 2411
"../../../Engine/Shaders/Private/VolumetricFogVoxelization.usf" 2412
"../../../Engine/Shaders/Private/VolumetricCloudMaterialPixelCommon.ush" 2413
"../../../Engine/Shaders/Private/VolumetricFogLightFunction.usf" 2414
"../../../Engine/Shaders/Private/LightFunctionCommon.ush" 2415
"../../../Engine/Shaders/Private/VolumetricFog.usf" 2416
"../../../Engine/Shaders/Private/DeferredLightingCommon.ush" 2417
"../../../Engine/Shaders/Private/DynamicLightingCommon.ush" 2418
"../../../Engine/Shaders/Private/CapsuleLightIntegrate.ush" 2419
"../../../Engine/Shaders/Private/CapsuleLightSampling.ush" 2420
"../../../Engine/Shaders/Private/RectLightIntegrate.ush" 2421
"../../../Engine/Shaders/Private/ScreenSpaceShadowRayCast.ush" 2422
"../../../Engine/Shaders/Private/LightFunctionAtlas/LightFunctionAtlasCommon.usf" 2423
"../../../Engine/Shaders/Private/LightGridCommon.ush" 2424
"../../../Engine/Shaders/Private/DistanceFieldAOShared.ush" 2425
"../../../Engine/Shaders/Private/IntersectionUtils.ush" 2426
"../../../Engine/Shaders/Private/VolumeLightingCommon.ush" 2427
"../../../Engine/Shaders/Private/ShadowProjectionCommon.ush" 2428
"../../../Engine/Shaders/Private/ShadowFilteringCommon.ush" 2429
"../../../Engine/Shaders/Private/PixelQuadMessagePassing.ush" 2430
"../../../Engine/Shaders/Private/VolumeLightingCommonSampling.ush" 2431
"../../../Engine/Shaders/Private/VolumetricLightmapShared.ush" 2432
"../../../Engine/Shaders/Private/ForwardShadowingCommon.ush" 2433
"../../../Engine/Shaders/Private/LightDataUniforms.ush" 2434
"../../../Engine/Shaders/Private/Lumen/LumenTranslucencyVolumeShared.ush" 2435
"../../../Engine/Shaders/Private/Lumen/LumenRadianceCacheInterpolation.ush" 2436
"../../../Engine/Shaders/Private/VirtualShadowMaps/VirtualShadowMapProjectionCommon.ush" 2437
"../../../Engine/Shaders/Private/VirtualShadowMaps/VirtualShadowMapPageAccessCommon.ush" 2438
"../../../Engine/Shaders/Shared/VirtualShadowMapDefinitions.h" 2439
"../../../Engine/Shaders/Shared/HLSLMathAliases.h" 2440
"../../../Engine/Shaders/Private/VirtualShadowMaps/VirtualShadowMapHandle.ush" 2441
"../../../Engine/Shaders/Private/VirtualShadowMaps/VirtualShadowMapProjectionStructs.ush" 2442
"../../../Engine/Shaders/Private/DiaphragmDOF/DOFCommon.ush" 2443
"../../../Engine/Shaders/Private/VolumetricCloudCommon.ush" 2444
"../../../Engine/Shaders/Private/VolumetricCloud.usf" 2445
"../../../Engine/Shaders/Private/VisualizeVolumetricLightmap.usf" 2446
"../../../Engine/Shaders/Private/VirtualShadowMaps/VirtualShadowMapProjectionComposite.usf" 2447
"../../../Engine/Shaders/Private/LightShaderParameters.ush" 2448
"../../../Engine/Shaders/Private/VirtualShadowMaps/VirtualShadowMapMaskBitsCommon.ush" 2449
"../../../Engine/Shaders/Private/VirtualShadowMaps/VirtualShadowMapLightGrid.ush" 2450
"../../../Engine/Shaders/Private/VirtualShadowMaps/VirtualShadowMapProjection.usf" 2451
"../../../Engine/Shaders/Private/Visualization.ush" 2452
"../../../Engine/Shaders/Private/VirtualShadowMaps/VirtualShadowMapProjectionFilter.ush" 2453
"../../../Engine/Shaders/Private/VirtualShadowMaps/VirtualShadowMapProjectionDirectional.ush" 2454
"../../../Engine/Shaders/Private/VirtualShadowMaps/VirtualShadowMapSMRTCommon.ush" 2455
"../../../Engine/Shaders/Private/VirtualShadowMaps/VirtualShadowMapSMRTTemplate.ush" 2456
"../../../Engine/Shaders/Private/VirtualShadowMaps/VirtualShadowMapProjectionSpot.ush" 2457
"../../../Engine/Shaders/Private/VirtualShadowMaps/VirtualShadowMapTransmissionCommon.ush" 2458
"../../../Engine/Shaders/Private/VirtualShadowMaps/VirtualShadowMapScreenRayTrace.ush" 2459
"../../../Engine/Shaders/Private/VirtualShadowMaps/VirtualShadowMapStats.ush" 2460
"../../../Engine/Shaders/Private/HairStrands/HairStrandsVoxelPageCommon.ush" 2461
"../../../Engine/Shaders/Private/HairStrands/HairStrandsVoxelPageTraversal.ush" 2462
"../../../Engine/Shaders/Private/VirtualShadowMaps/VirtualShadowMapCacheGPUInvalidation.usf" 2463
"../../../Engine/Shaders/Private/VirtualShadowMaps/VirtualShadowMapPageCacheCommon.ush" 2464
"../../../Engine/Shaders/Private/VirtualShadowMaps/VirtualShadowMapCacheInvalidation.ush" 2465
"../../../Engine/Shaders/Private/VirtualShadowMaps/VirtualShadowMapPageOverlap.ush" 2466
"../../../Engine/Shaders/Private/ScreenSpaceDenoise/SSDDefinitions.ush" 2467
"../../../Engine/Shaders/Private/InstanceCulling/InstanceCullingLoadBalancer.ush" 2468
"../../../Engine/Shaders/Private/VirtualShadowMaps/VirtualShadowMapCacheLoadBalancer.usf" 2469
"../../../Engine/Shaders/Private/VirtualShadowMaps/VirtualShadowMapCopyStats.usf" 2470
"../../../Engine/Shaders/Private/VirtualShadowMaps/VirtualShadowMapShadowCasterBounds.usf" 2471
"../../../Engine/Shaders/Private/VirtualShadowMaps/VirtualShadowMapVisualize.ush" 2472
"../../../Engine/Shaders/Private/VirtualShadowMaps/VirtualShadowMapShadowCasterColor.usf" 2473
"../../../Engine/Shaders/Private/VirtualShadowMaps/VirtualShadowMapDebug.usf" 2474
"../../../Engine/Shaders/Private/VirtualShadowMaps/Desaturate.usf" 2475
"../../../Engine/Shaders/Private/VirtualShadowMaps/VirtualShadowMapPhysicalPageManagement.usf" 2476
"../../../Engine/Shaders/Private/ReductionCommon.ush" 2477
"../../../Engine/Shaders/Private/GPUMessaging.ush" 2478
"../../../Engine/Shaders/Private/VirtualShadowMaps/VirtualShadowMapPerPageDispatch.ush" 2479
"../../../Engine/Shaders/Private/VirtualShadowMaps/VirtualShadowMapComputeExplicitChunkDrawsViewMask.usf" 2480
"../../../Engine/Shaders/Shared/SceneCullingDefinitions.h" 2481
"../../../Engine/Shaders/Private/VirtualShadowMaps/VirtualShadowMapCompactViews.usf" 2482
"../../../Engine/Shaders/Private/VirtualShadowMaps/VirtualShadowMapBuildPerPageDrawCommands.usf" 2483
"../../../Engine/Shaders/Private/Nanite/NaniteCullingCommon.ush" 2484
"../../../Engine/Shaders/Private/Nanite/NaniteCulling.ush" 2485
"../../../Engine/Shaders/Private/Nanite/NaniteHierarchyTraversalCommon.ush" 2486
"../../../Engine/Shaders/Private/InstanceCulling/InstanceCullingCommon.ush" 2487
"../../../Engine/Shaders/Shared/InstanceCullingDefinitions.h" 2488
"../../../Engine/Shaders/Private/VirtualShadowMaps/VirtualShadowMapPrintStats.usf" 2489
"../../../Engine/Shaders/Private/VirtualShadowMaps/VirtualShadowMapPageManagement.usf" 2490
"../../../Engine/Shaders/Private/VirtualShadowMaps/VirtualShadowMapPageMarking.usf" 2491
"../../../Engine/Shaders/Private/VirtualShadowMaps/VirtualShadowMapPageMarking.ush" 2492
"../../../Engine/Shaders/Shared/SingleLayerWaterDefinitions.h" 2493
"../../../Engine/Shaders/Private/HairStrands/HairStrandsTileCommon.ush" 2494
"../../../Engine/Shaders/Private/Froxel/Froxel.ush" 2495
"../../../Engine/Shaders/Shared/FroxelDefinitions.h" 2496
"../../../Engine/Shaders/Private/VirtualShadowMaps/VirtualShadowMapThrottle.usf" 2497
"../../../Engine/Shaders/Private/VelocityUpdate.usf" 2498
"../../../Engine/Shaders/Private/VelocityCommon.ush" 2499
"../../../Engine/Shaders/Private/VelocityShader.usf" 2500
"../../../Engine/Shaders/Private/VariableRateShading/VRSShadingRatePreview.usf" 2501
"../../../Engine/Shaders/Private/VariableRateShading/VRSShadingRateCommon.ush" 2502
"../../../Engine/Shaders/Private/VariableRateShading/VRSShadingRateCombine.usf" 2503
"../../../Engine/Shaders/Private/VariableRateShading/VRSShadingRateFoveated.usf" 2504
"../../../Engine/Shaders/Private/VariableRateShading/VRSShadingRateReproject.usf" 2505
"../../../Engine/Shaders/Private/VariableRateShading/VRSShadingRateCalculate.usf" 2506
"../../../Engine/Shaders/Private/TranslucencyUpsampling.usf" 2507
"../../../Engine/Shaders/Private/ComposeSeparateTranslucency.usf" 2508
"../../../Engine/Shaders/Private/SeparateTranslucency.ush" 2509
"../../../Engine/Shaders/Private/TranslucencyVolumeVisualize.usf" 2510
"../../../Engine/Shaders/Private/TranslucencyVolumeCommon.ush" 2511
"../../../Engine/Shaders/Private/TranslucentLightInjectionShaders.usf" 2512
"../../../Engine/Shaders/Private/HeterogeneousVolumes/HeterogeneousVolumesAdaptiveVolumetricShadowMapSampling.ush" 2513
"../../../Engine/Shaders/Private/HeterogeneousVolumes/HeterogeneousVolumesAdaptiveVolumetricShadowMapUtils.ush" 2514
"../../../Engine/Shaders/Private/HeterogeneousVolumes/HeterogeneousVolumesBeerShadowMapUtils.ush" 2515
"../../../Engine/Shaders/Private/TranslucentShadowDepthShaders.usf" 2516
"../../../Engine/Shaders/Private/ShadowDepthCommon.ush" 2517
"../../../Engine/Shaders/Private/RayTracing/RayTracingTest.usf" 2518
"../../../Engine/Shaders/Private/PostprocessSubsurfaceTile.usf" 2519
"../../../Engine/Shaders/Private/PostProcessSubsurfaceCommon.ush" 2520
"../../../Engine/Shaders/Private/Substrate/SubstrateVisualize.usf" 2521
"../../../Engine/Shaders/Private/Substrate/SubstrateTile.ush" 2522
"../../../Engine/Shaders/Shared/SubstrateVisualizeDefinitions.h" 2523
"../../../Engine/Shaders/Private/Substrate/SubstrateVisualizeCommon.ush" 2524
"../../../Engine/Shaders/Private/SkyLightingDiffuseShared.ush" 2525
"../../../Engine/Shaders/Private/SkyLightingShared.ush" 2526
"../../../Engine/Shaders/Private/ClearCoatCommon.ush" 2527
"../../../Engine/Shaders/Private/ReflectionEnvironmentComposite.ush" 2528
"../../../Engine/Shaders/Private/Substrate/SubstrateLightingCommon.ush" 2529
"../../../Engine/Shaders/Private/Substrate/SubstrateRoughRefraction.usf" 2530
"../../../Engine/Shaders/Private/PathTracing/Material/PathTracingFresnel.ush" 2531
"../../../Engine/Shaders/Private/PathTracing/Material/PathTracingGlossy.ush" 2532
"../../../Engine/Shaders/Private/Substrate/SubstrateMaterialSampling.usf" 2533
"../../../Engine/Shaders/Private/Substrate/SubstrateMaterialSampling.ush" 2534
"../../../Engine/Shaders/Private/Lumen/LumenPosition.ush" 2535
"../../../Engine/Shaders/Private/Substrate/SubstrateTile.usf" 2536
"../../../Engine/Shaders/Private/Substrate/SubstrateMaterialClassification.usf" 2537
"../../../Engine/Shaders/Private/Substrate/SubstrateDBuffer.usf" 2538
"../../../Engine/Shaders/Private/StochasticLighting/StochasticLightingTileClassification.usf" 2539
"../../../Engine/Shaders/Private/Lumen/LumenMaterial.ush" 2540
"../../../Engine/Shaders/Private/HairStrands/HairStrandsVisibilityUtils.ush" 2541
"../../../Engine/Shaders/Private/Lumen/LumenReflectionCommon.ush" 2542
"../../../Engine/Shaders/Private/Lumen/LumenReflectionsCombine.ush" 2543
"../../../Engine/Shaders/Private/Lumen/LumenScreenProbeTileClassication.ush" 2544
"../../../Engine/Shaders/Private/MegaLights/MegaLightsTileClassification.ush" 2545
"../../../Engine/Shaders/Private/StochasticLighting/StochasticLightingUpsample.ush" 2546
"../../../Engine/Shaders/Private/StochasticLighting/StochasticLightingCommon.ush" 2547
"../../../Engine/Shaders/Private/SplineMeshSceneTexture.usf" 2548
"../../../Engine/Shaders/Private/SparseVolumeTexture/VisualizeSparseVolumeTexture.usf" 2549
"../../../Engine/Shaders/Private/SkyAtmosphere.usf" 2550
"../../../Engine/Shaders/Private/Nanite/NaniteSkinningUpdateViewData.usf" 2551
"../../../Engine/Shaders/Private/SceneCulling/SceneCulling.ush" 2552
"../../../Engine/Shaders/Private/Skinning/TransformProviders.usf" 2553
"../../../Engine/Shaders/Private/Skinning/SkinnedMeshDebug.usf" 2554
"../../../Engine/Shaders/Private/Skinning/AnimBankEval.usf" 2555
"../../../Engine/Shaders/Private/SingleLayerWaterComposite.usf" 2556
"../../../Engine/Shaders/Private/Froxel/FroxelBuild.ush" 2557
"../../../Engine/Shaders/Private/SingleLayerWaterRefractionCulling.usf" 2558
"../../../Engine/Shaders/Private/ScreenSpaceShadows.usf" 2559
"../../../Engine/Shaders/Private/bend_sss_gpu.ush" 2560
"../../../Engine/Shaders/Private/ShadowFactorsUpsampleCommon.ush" 2561
"../../../Engine/Shaders/Private/FirstPersonSelfShadow.usf" 2562
"../../../Engine/Shaders/Private/HZBTracing.ush" 2563
"../../../Engine/Shaders/Private/LateZDummyPS.usf" 2564
"../../../Engine/Shaders/Private/ShadowProjectionVertexShader.usf" 2565
"../../../Engine/Shaders/Private/ShadowProjectionPixelShader.usf" 2566
"../../../Engine/Shaders/Private/MobileLightingCommon.ush" 2567
"../../../Engine/Shaders/Private/PlanarReflectionShared.ush" 2568
"../../../Engine/Shaders/Private/MobileSSR.ush" 2569
"../../../Engine/Shaders/Private/SSRT/SSRTRayCast.ush" 2570
"../../../Engine/Shaders/Private/ShadowPercentageCloserFiltering.ush" 2571
"../../../Engine/Shaders/Private/TransmissionThickness.ush" 2572
"../../../Engine/Shaders/Private/CopyShadowMaps.usf" 2573
"../../../Engine/Shaders/Private/ShadowDepthPixelShader.usf" 2574
"../../../Engine/Shaders/Private/ShadowDepthVertexShader.usf" 2575
"../../../Engine/Shaders/Private/ShadingEnergyConservationTable.usf" 2576
"../../../Engine/Shaders/Shared/PathTracingDefinitions.h" 2577
"../../../Engine/Shaders/Private/ShadingFurnaceTest.usf" 2578
"../../../Engine/Shaders/Private/Substrate/SubstrateDeferredLighting.ush" 2579
"../../../Engine/Shaders/Private/ShaderPrintDraw.usf" 2580
"../../../Engine/Shaders/Private/ShaderPrintDrawPrimitive.usf" 2581
"../../../Engine/Shaders/Private/DefaultSSRTiles.usf" 2582
"../../../Engine/Shaders/Private/ScreenSpaceReflectionTileCommons.ush" 2583
"../../../Engine/Shaders/Private/SSRT/SSRTDiffuseIndirect.usf" 2584
"../../../Engine/Shaders/Private/SSRT/SSRTTileClassificationBuffer.ush" 2585
"../../../Engine/Shaders/Private/SSRT/SSRTReflections.usf" 2586
"../../../Engine/Shaders/Private/ScreenSpaceDenoise/SSDPublic.ush" 2587
"../../../Engine/Shaders/Private/SSRT/SSRTTileClassification.usf" 2588
"../../../Engine/Shaders/Private/SSRT/SSRTPrevFrameReduction.usf" 2589
"../../../Engine/Shaders/Private/ScreenSpaceDenoise/SSDComposeHarmonics.usf" 2590
"../../../Engine/Shaders/Private/ScreenSpaceDenoise/SSDPublicHarmonics.ush" 2591
"../../../Engine/Shaders/Private/ScreenSpaceDenoise/SSDSignalFramework.ush" 2592
"../../../Engine/Shaders/Private/ScreenSpaceDenoise/SSDCommon.ush" 2593
"../../../Engine/Shaders/Private/SphericalGaussian.ush" 2594
"../../../Engine/Shaders/Public/WaveBroadcastIntrinsics.ush" 2595
"../../../Engine/Shaders/Private/ScreenSpaceDenoise/SSDMetadata.ush" 2596
"../../../Engine/Shaders/Private/ScreenSpaceDenoise/SSDSignalCore.ush" 2597
"../../../Engine/Shaders/Private/ScreenSpaceDenoise/DenoisingCommon.ush" 2598
"../../../Engine/Shaders/Private/ScreenSpaceDenoise/SSDSignalArray.ush" 2599
"../../../Engine/Shaders/Private/ScreenSpaceDenoise/SSDSignalBufferEncoding.ush" 2600
"../../../Engine/Shaders/Private/ScreenSpaceDenoise/SSDPublicBufferEncoding.ush" 2601
"../../../Engine/Shaders/Private/Lumen/LumenBufferEncoding.ush" 2602
"../../../Engine/Shaders/Private/ScreenSpaceDenoise/SSDTemporalAccumulation.usf" 2603
"../../../Engine/Shaders/Private/ScreenSpaceDenoise/SSDSpatialKernel.ush" 2604
"../../../Engine/Shaders/Private/ScreenSpaceDenoise/SSDSignalAccumulatorArray.ush" 2605
"../../../Engine/Shaders/Private/ScreenSpaceDenoise/SSDSignalAccumulator.ush" 2606
"../../../Engine/Shaders/Private/ScreenSpaceDenoise/SSDSignalCompression.ush" 2607
"../../../Engine/Shaders/Private/ScreenSpaceDenoise/SSDSpatialAccumulation.usf" 2608
"../../../Engine/Shaders/Private/ScreenSpaceDenoise/SSDInjest.usf" 2609
"../../../Engine/Shaders/Private/ScreenSpaceDenoise/SSDCompressMetadata.usf" 2610
"../../../Engine/Shaders/Private/DownsampleDepthPixelShader.usf" 2611
"../../../Engine/Shaders/Private/ScreenPass.usf" 2612
"../../../Engine/Shaders/Private/HZB.usf" 2613
"../../../Engine/Shaders/Private/OcclusionFeedbackShaders.usf" 2614
"../../../Engine/Shaders/Private/HZBOcclusion.usf" 2615
"../../../Engine/Shaders/Private/OcclusionQueryPixelShader.usf" 2616
"../../../Engine/Shaders/Private/OcclusionQueryVertexShader.usf" 2617
"../../../Engine/Shaders/Private/HitProxyCopy.usf" 2618
"../../../Engine/Shaders/Private/HitProxyPixelShader.usf" 2619
"../../../Engine/Shaders/Private/HitProxyVertexShader.usf" 2620
"../../../Engine/Shaders/Private/SceneCulling/SceneCullingDebugRender.usf" 2621
"../../../Engine/Shaders/Private/SceneCulling/SceneCullingBuildExplicitBounds.usf" 2622
"../../../Engine/Shaders/Private/SceneCapturePixelShader.usf" 2623
"../../../Engine/Shaders/Private/RendererUtils.usf" 2624
"../../../Engine/Shaders/Private/RTWriteMaskDecode.usf" 2625
"../../../Engine/Shaders/Private/ReflectionEnvironmentShaders.usf" 2626
"../../../Engine/Shaders/Private/RectLightAtlas.usf" 2627
"../../../Engine/Shaders/Private/RayTracing/TraceRayInlineStatistics.usf" 2628
"../../../Engine/Shaders/Private/RayTracing/CompositeSkyLightPS.usf" 2629
"../../../Engine/Shaders/Private/RayTracing/GenerateSkyLightVisibilityRaysCS.usf" 2630
"../../../Engine/Shaders/Private/RayTracing/RayTracingSkyLightCommon.ush" 2631
"../../../Engine/Shaders/Private/RayTracing/SkyLightVisibilityRaysData.ush" 2632
"../../../Engine/Shaders/Private/Raytracing/RaytracingSkylightRGS.usf" 2633
"../../../Engine/Shaders/Private/HairStrands/HairStrandsRaytracing.ush" 2634
"../../../Engine/Shaders/Private/Raytracing/RayTracingSkyLightEvaluation.ush" 2635
"../../../Engine/Shaders/Private/Raytracing/RayTracingDeferredShadingCommon.ush" 2636
"../../../Engine/Shaders/Private/RayTracing/RayTracingOcclusionRGS.usf" 2637
"../../../Engine/Shaders/Private/RayTracing/RayTracingDirectionalLight.ush" 2638
"../../../Engine/Shaders/Private/RayTracing/RayTracingRectLight.ush" 2639
"../../../Engine/Shaders/Private/RayTracing/RayTracingSphereLight.ush" 2640
"../../../Engine/Shaders/Private/RayTracing/RayTracingCapsuleLight.ush" 2641
"../../../Engine/Shaders/Private/Raytracing/RayTracingFeedback.usf" 2642
"../../../Engine/Shaders/Shared/RayTracingDebugTypes.h" 2643
"../../../Engine/Shaders/Private/RayTracing/RayTracingPrimaryRays.usf" 2644
"../../../Engine/Shaders/Private/RayTracing/RayTracingLightingCommon.ush" 2645
"../../../Engine/Shaders/Private/RayTracing/RayTracingLightCullingCommon.ush" 2646
"../../../Engine/Shaders/Private/RayTracing/RayTracingMaterialDefaultHitShaders.usf" 2647
"../../../Engine/Shaders/Private/RayTracing/RayTracingMaterialHitShaders.usf" 2648
"../../../Engine/Shaders/Private/RayTracing/RayTracingShaderUtils.ush" 2649
"../../../Engine/Shaders/Private/RayTracing/RayTracingCalcInterpolants.ush" 2650
"../../../Engine/Shaders/Private/LightmapCommon.ush" 2651
"../../../Engine/Shaders/Private/Lumen/LumenHardwareRayTracingPayloadCommon.ush" 2652
"../../../Engine/Shaders/Shared/LumenDefinitions.h" 2653
"../../../Engine/Shaders/Private/Substrate/SubstrateExport.ush" 2654
"../../../Engine/Shaders/Private/RayTracing/RayTracingLightingMS.usf" 2655
"../../../Engine/Shaders/Private/Lumen/LumenDiffuseColorBoost.ush" 2656
"../../../Engine/Shaders/Private/RayTracing/RayTracingLightFunctionCommon.ush" 2657
"../../../Engine/Shaders/Private/RayTracing/RayTracingBuildLightGrid.usf" 2658
"../../../Engine/Shaders/Private/Raytracing/RayTracingInstanceBufferUtil.usf" 2659
"../../../Engine/Shaders/Private/RayTracing/RayTracingDynamicMesh.usf" 2660
"../../../Engine/Shaders/Private/RayTracing/RayTracingDefaultDecalHitShader.usf" 2661
"../../../Engine/Shaders/Private/RayTracing/RayTracingDecalMaterialShader.usf" 2662
"../../../Engine/Shaders/Private/PathTracing/PathTracingShaderUtils.ush" 2663
"../../../Engine/Shaders/Private/PathTracing/PathTracingCommon.ush" 2664
"../../../Engine/Shaders/Private/PathTracing/Material/PathTracingMaterialCommon.ush" 2665
"../../../Engine/Shaders/Private/PathTracing/Utilities/PathTracingRIS.ush" 2666
"../../../Engine/Shaders/Private/RayTracing/RayTracingBuildDecalGrid.usf" 2667
"../../../Engine/Shaders/Private/RayTracing/RayTracingDebugHitStatsUtils.usf" 2668
"../../../Engine/Shaders/Private/RayTracing/RayTracingDebugInstanceOverlap.usf" 2669
"../../../Engine/Shaders/Private/RayTracing/RayTracingDebugPicking.usf" 2670
"../../../Engine/Shaders/Private/RayTracing/RayTracingDebugUtils.ush" 2671
"../../../Engine/Shaders/Private/RayTracing/RayTracingDebugTraversal.usf" 2672
"../../../Engine/Shaders/Private/RayTracing/RayTracingDeferredMaterials.ush" 2673
"../../../Engine/Shaders/Shared/ThirdParty/AMD/ags_shader_intrinsics_dx12.h" 2674
"../../../Engine/Shaders/Shared/RayTracingDebugDefinitions.h" 2675
"../../../Engine/Shaders/Private/RayTracing/RayTracingDebugHitStatsCHS.usf" 2676
"../../../Engine/Shaders/Private/RayTracing/RayTracingDebugHitStats.usf" 2677
"../../../Engine/Shaders/Private/RayTracing/RayTracingDebugMS.usf" 2678
"../../../Engine/Shaders/Private/RayTracing/RayTracingDebugCHS.usf" 2679
"../../../Engine/Shaders/Private/RayTracing/RayTracingDebug.usf" 2680
"../../../Engine/Shaders/Private/RayTracing/RayTracingBuiltInShaders.usf" 2681
"../../../Engine/Shaders/Private/RayTracing/RayTracingBarycentrics.usf" 2682
"../../../Engine/Shaders/Private/RayTracing/RayTracingAmbientOcclusionRGS.usf" 2683
"../../../Engine/Shaders/Private/VisualizeShadingModels.usf" 2684
"../../../Engine/Shaders/Private/MotionBlur/VisualizeMotionVectors.usf" 2685
"../../../Engine/Shaders/Private/TemporalSuperResolution/TSRVisualize.usf" 2686
"../../../Engine/Shaders/Private/TemporalSuperResolution/TSRColorSpace.ush" 2687
"../../../Engine/Shaders/Private/TemporalSuperResolution/TSRCommon.ush" 2688
"../../../Engine/Shaders/Public/DualPixelVectorization.ush" 2689
"../../../Engine/Shaders/Private/TemporalSuperResolution/TSRReprojectionField.ush" 2690
"../../../Engine/Shaders/Private/TemporalSuperResolution/TSRResolveHistory.usf" 2691
"../../../Engine/Shaders/Private/TemporalSuperResolution/TSRConvolutionNetwork.ush" 2692
"../../../Engine/Shaders/Private/TemporalSuperResolution/TSRKernels.ush" 2693
"../../../Engine/Shaders/Public/LaneVectorization.ush" 2694
"../../../Engine/Shaders/Private/TemporalSuperResolution/TSRUpdateHistory.usf" 2695
"../../../Engine/Shaders/Private/TemporalSuperResolution/TSRSpatialAntiAliasing.ush" 2696
"../../../Engine/Shaders/Private/TemporalSuperResolution/TSRSpatialAntiAliasing.usf" 2697
"../../../Engine/Shaders/Private/TemporalSuperResolution/TSRRejectShading.usf" 2698
"../../../Engine/Shaders/Private/TemporalSuperResolution/TSRShadingAnalysis.ush" 2699
"../../../Engine/Shaders/Private/TemporalSuperResolution/TSRConvolutionNetworkPass.ush" 2700
"../../../Engine/Shaders/Private/TemporalSuperResolution/TSRDecimateHistory.usf" 2701
"../../../Engine/Shaders/Private/TemporalSuperResolution/TSRDepthVelocityAnalysis.ush" 2702
"../../../Engine/Shaders/Private/TemporalSuperResolution/TSRClosestOccluder.ush" 2703
"../../../Engine/Shaders/Private/TemporalSuperResolution/TSRWeightRelaxation.usf" 2704
"../../../Engine/Shaders/Private/TemporalSuperResolution/TSRThinGeometryCommon.ush" 2705
"../../../Engine/Shaders/Private/TemporalSuperResolution/TSRDetectThinGeometry.usf" 2706
"../../../Engine/Shaders/Private/TemporalSuperResolution/TSRDilateVelocity.usf" 2707
"../../../Engine/Shaders/Private/MotionBlur/MotionBlurVelocityFlatten.ush" 2708
"../../../Engine/Shaders/Private/MotionBlur/MotionBlurCommon.ush" 2709
"../../../Engine/Shaders/Private/TemporalSuperResolution/TSRClearPrevTextures.usf" 2710
"../../../Engine/Shaders/Private/TemporalSuperResolution/TSRMeasureCoverage.usf" 2711
"../../../Engine/Shaders/Private/TemporalSuperResolution/TSRMeasureFlickeringLuma.usf" 2712
"../../../Engine/Shaders/Private/TemporalAA.usf" 2713
"../../../Engine/Shaders/Private/SMAA/SMAADebugVisualization.usf" 2714
"../../../Engine/Shaders/Private/SMAA/SMAACommon.ush" 2715
"../../../Engine/Shaders/Private/SMAA/SMAA.ush" 2716
"../../../Engine/Shaders/Private/SMAA/SMAANeighborhoodBlendingShader.usf" 2717
"../../../Engine/Shaders/Private/SMAA/SMAABlendingWeightCalculationShader.usf" 2718
"../../../Engine/Shaders/Private/SMAA/SMAAEdgeDetectionShader.usf" 2719
"../../../Engine/Shaders/Private/FilterPixelShader.usf" 2720
"../../../Engine/Shaders/Private/FilterVertexShader.usf" 2721
"../../../Engine/Shaders/Private/VisualizeVirtualTexture.usf" 2722
"../../../Engine/Shaders/Private/PostProcessVisualizeBuffer.usf" 2723
"../../../Engine/Shaders/Private/PostProcessVisualizeLocalExposure.usf" 2724
"../../../Engine/Shaders/Private/PostProcessHistogramCommon.ush" 2725
"../../../Engine/Shaders/Private/TonemapCommon.ush" 2726
"../../../Engine/Shaders/Private/ACES/ACESCommon.ush" 2727
"../../../Engine/Shaders/Private/ACES/ACESOutputTransform.ush" 2728
"../../../Engine/Shaders/Private/ACES/ACESUtilities.ush" 2729
"../../../Engine/Shaders/Private/ACES/ACESTonescale.ush" 2730
"../../../Engine/Shaders/Private/ACES/ACESDisplayEncoding.ush" 2731
"../../../Engine/Shaders/Private/ACES/ACES_v1.3.ush" 2732
"../../../Engine/Shaders/Private/PostProcessVisualizeLevelInstance.usf" 2733
"../../../Engine/Shaders/Private/PostProcessVisualizeHDR.usf" 2734
"../../../Engine/Shaders/Private/ShaderComplexityApplyPixelShader.usf" 2735
"../../../Engine/Shaders/Private/QuadOverdraw.ush" 2736
"../../../Engine/Shaders/Private/PostProcessUpscale.usf" 2737
"../../../Engine/Shaders/Private/PostProcessTonemap.usf" 2738
"../../../Engine/Shaders/Private/PostProcessing/FilmGrainPackConstants.usf" 2739
"../../../Engine/Shaders/Private/PostProcessing/FilmGrainReduce.usf" 2740
"../../../Engine/Shaders/Private/PostProcessTestImage.usf" 2741
"../../../Engine/Shaders/Private/PostProcessSubsurface.usf" 2742
"../../../Engine/Shaders/Private/SeparableSSS.ush" 2743
"../../../Engine/Shaders/Private/SubsurfaceBurleyNormalized.ush" 2744
"../../../Engine/Shaders/Private/PostProcessSelectionOutline.usf" 2745
"../../../Engine/Shaders/Private/MotionBlur/MotionBlurVisualize.usf" 2746
"../../../Engine/Shaders/Private/MotionBlur/MotionBlurApply.usf" 2747
"../../../Engine/Shaders/Private/MotionBlur/MotionBlurFilterTileClassify.usf" 2748
"../../../Engine/Shaders/Private/MotionBlur/MotionBlurTileScatter.usf" 2749
"../../../Engine/Shaders/Private/MotionBlur/MotionBlurTileGather.usf" 2750
"../../../Engine/Shaders/Private/MotionBlur/MotionBlurVelocityFlatten.usf" 2751
"../../../Engine/Shaders/Private/PostProcessMobile.usf" 2752
"../../../Engine/Shaders/Private/PostProcessMitchellNetravali.usf" 2753
"../../../Engine/Shaders/Private/PostProcessMaterialShaders.usf" 2754
"../../../Engine/Shaders/Private/NeuralPostProcessCommon.usf" 2755
"../../../Engine/Shaders/Private/PostProcessLocalExposure.usf" 2756
"../../../Engine/Shaders/Private/PostProcessLensFlares.usf" 2757
"../../../Engine/Shaders/Private/PostProcessGBufferHints.usf" 2758
"../../../Engine/Shaders/Private/PostProcessHMD.usf" 2759
"../../../Engine/Shaders/Private/Histogram.usf" 2760
"../../../Engine/Shaders/Private/PostProcessExposureMaterial.ush" 2761
"../../../Engine/Shaders/Private/PostProcessHistogramReduce.usf" 2762
"../../../Engine/Shaders/Private/PostProcessHistogram.usf" 2763
"../../../Engine/Shaders/Private/Bloom/BloomFinalizeApplyConstants.usf" 2764
"../../../Engine/Shaders/Private/Bloom/BloomCommon.ush" 2765
"../../../Engine/Shaders/Private/Bloom/BloomResizeKernel.usf" 2766
"../../../Engine/Shaders/Private/Bloom/BloomDownsampleKernel.usf" 2767
"../../../Engine/Shaders/Private/Bloom/BloomClampKernel.usf" 2768
"../../../Engine/Shaders/Private/Bloom/BloomPackKernelConstants.usf" 2769
"../../../Engine/Shaders/Private/Bloom/BloomSumScatterDispersionEnergy.usf" 2770
"../../../Engine/Shaders/Private/Bloom/BloomReduceKernelSurvey.usf" 2771
"../../../Engine/Shaders/Private/Bloom/BloomSurveyKernelCenterEnergy.usf" 2772
"../../../Engine/Shaders/Private/Bloom/BloomSurveyMaxScatterDispersion.usf" 2773
"../../../Engine/Shaders/Private/Bloom/BloomFindKernelCenter.usf" 2774
"../../../Engine/Shaders/Private/PostProcessEyeAdaptation.usf" 2775
"../../../Engine/Shaders/Private/PostProcessEyeAdaptationUtils.usf" 2776
"../../../Engine/Shaders/Private/PostProcessDownsample.usf" 2777
"../../../Engine/Shaders/Private/PostProcessDOF.usf" 2778
"../../../Engine/Shaders/Private/PostProcessDeviceEncodingOnly.usf" 2779
"../../../Engine/Shaders/Private/PostProcessCompositePrimitives.usf" 2780
"../../../Engine/Shaders/Private/PostProcessCombineLUTs.usf" 2781
"../../../Engine/Shaders/Private/PostProcessVisualizeDOF.usf" 2782
"../../../Engine/Shaders/Private/PostProcessBloom.usf" 2783
"../../../Engine/Shaders/Private/PostProcessAmbientOcclusionMobile.usf" 2784
"../../../Engine/Shaders/Private/PostProcessAmbientOcclusionCommon.ush" 2785
"../../../Engine/Shaders/Private/FXAAShader.usf" 2786
"../../../Engine/Shaders/Private/Fxaa3_11.ush" 2787
"../../../Engine/Shaders/Private/PaniniProjection.usf" 2788
"../../../Engine/Shaders/Private/DiaphragmDOF/DOFRecombine.usf" 2789
"../../../Engine/Shaders/Private/DiaphragmDOF/DOFHybridScatterPixelShader.usf" 2790
"../../../Engine/Shaders/Private/DiaphragmDOF/DOFHybridScatterCommon.ush" 2791
"../../../Engine/Shaders/Private/DiaphragmDOF/DOFVignetteCommon.ush" 2792
"../../../Engine/Shaders/Private/DiaphragmDOF/DOFHybridScatterVertexShader.usf" 2793
"../../../Engine/Shaders/Private/DiaphragmDOF/DOFPostfiltering.usf" 2794
"../../../Engine/Shaders/Private/DiaphragmDOF/DOFGatherTileSuggest.ush" 2795
"../../../Engine/Shaders/Private/DiaphragmDOF/DOFCocTileCommon.ush" 2796
"../../../Engine/Shaders/Private/DiaphragmDOF/DOFGatherPass.usf" 2797
"../../../Engine/Shaders/Private/DiaphragmDOF/DOFGatherCommon.ush" 2798
"../../../Engine/Shaders/Private/DiaphragmDOF/DOFGatherAccumulator.ush" 2799
"../../../Engine/Shaders/Private/DiaphragmDOF/DOFGatherKernel.ush" 2800
"../../../Engine/Shaders/Private/DiaphragmDOF/DOFBokehLUT.usf" 2801
"../../../Engine/Shaders/Private/DiaphragmDOF/DOFHybridScatterCompilation.usf" 2802
"../../../Engine/Shaders/Private/DiaphragmDOF/DOFReduce.usf" 2803
"../../../Engine/Shaders/Private/DiaphragmDOF/DOFDownsample.ush" 2804
"../../../Engine/Shaders/Private/DiaphragmDOF/DOFHybridScatterCompilation.ush" 2805
"../../../Engine/Shaders/Private/DiaphragmDOF/DOFDownsample.usf" 2806
"../../../Engine/Shaders/Private/DiaphragmDOF/DOFCocTileDilate.usf" 2807
"../../../Engine/Shaders/Private/DiaphragmDOF/DOFCocTileFlatten.usf" 2808
"../../../Engine/Shaders/Private/DiaphragmDOF/DOFSetup.usf" 2809
"../../../Engine/Shaders/Private/Tools/DebugAlphaChannel.usf" 2810
"../../../Engine/Shaders/Private/PostProcessAlphaInvert.usf" 2811
"../../../Engine/Shaders/Private/PlanarReflectionShaders.usf" 2812
"../../../Engine/Shaders/Private/PhysicsFieldVisualizer.usf" 2813
"../../../Engine/Shaders/Private/PathTracing/PathTracingSpatialTemporalDenoising.usf" 2814
"../../../Engine/Shaders/Private/ColorDifference.ush" 2815
"../../../Engine/Shaders/Private/PathTracing/PathTracingCompositingPixelShader.usf" 2816
"../../../Engine/Shaders/Private/PathTracing/PathTracingAdaptiveUtils.ush" 2817
"../../../Engine/Shaders/Private/PathTracing/PathTracingDefaultHitShader.usf" 2818
"../../../Engine/Shaders/Private/PathTracing/PathTracingGPULightmassMaterialHitShader.usf" 2819
"../../../Engine/Shaders/Private/PathTracing/PathTracingMaterialHitShader.usf" 2820
"../../../Engine/Shaders/Private/PathTracing/Material/PathTracingSubstrateCommon.ush" 2821
"../../../Engine/Shaders/Private/PathTracing/PathTracingLightingMissShader.usf" 2822
"../../../Engine/Shaders/Private/PathTracing/PathTracingMissShader.usf" 2823
"../../../Engine/Shaders/Private/PathTracing/PathTracingAdaptiveStart.usf" 2824
"../../../Engine/Shaders/Private/PathTracing/PathTracingBuildAdaptiveError.usf" 2825
"../../../Engine/Shaders/Private/PathTracing/PathTracingVolumetricCloudMaterialShader.usf" 2826
"../../../Engine/Shaders/Private/PathTracing/Volume/PathTracingCloudsMaterialCommon.ush" 2827
"../../../Engine/Shaders/Private/PathTracing/Volume/PathTracingVolumeCommon.ush" 2828
"../../../Engine/Shaders/Private/PathTracing/Volume/PathTracingCloudsCommon.ush" 2829
"../../../Engine/Shaders/Private/PathTracing/Volume/PathTracingFog.ush" 2830
"../../../Engine/Shaders/Private/PathTracing/Volume/PathTracingAtmosphere.ush" 2831
"../../../Engine/Shaders/Private/PathTracing/Volume/PathTracingAtmosphereCommon.ush" 2832
"../../../Engine/Shaders/Private/PathTracing/Volume/PathTracingVolumeSampling.ush" 2833
"../../../Engine/Shaders/Private/PathTracing/PathTracingBuildCloudAccelerationMap.usf" 2834
"../../../Engine/Shaders/Private/PathTracing/PathTracingBuildAtmosphereLUT.usf" 2835
"../../../Engine/Shaders/Private/PathTracing/PathTracingSwizzleScanlines.usf" 2836
"../../../Engine/Shaders/Private/PathTracing/PathTracingInitExtinctionCoefficient.usf" 2837
"../../../Engine/Shaders/Private/PathTracing/PathTracingCopyDepth.usf" 2838
"../../../Engine/Shaders/Private/PathTracing/PathTracingDebug.usf" 2839
"../../../Engine/Shaders/Private/RayTracing/RayTracingDecalGrid.ush" 2840
"../../../Engine/Shaders/Private/PathTracing/Material/PathTracingMaterialSampling.ush" 2841
"../../../Engine/Shaders/Private/PathTracing/Material/PathTracingLambert.ush" 2842
"../../../Engine/Shaders/Private/PathTracing/Material/PathTracingSubstrate.ush" 2843
"../../../Engine/Shaders/Private/PathTracing/Material/PathTracingSubstrateFoliage.ush" 2844
"../../../Engine/Shaders/Private/PathTracing/Material/PathTracingSubstrateSolidGlass.ush" 2845
"../../../Engine/Shaders/Private/PathTracing/Material/PathTracingSubstrateThinGlass.ush" 2846
"../../../Engine/Shaders/Private/PathTracing/Material/PathTracingSolidGlass.ush" 2847
"../../../Engine/Shaders/Private/PathTracing/Material/PathTracingEnergyConservation.ush" 2848
"../../../Engine/Shaders/Private/PathTracing/Material/PathTracingThinGlass.ush" 2849
"../../../Engine/Shaders/Private/PathTracing/Material/PathTracingDefaultLit.ush" 2850
"../../../Engine/Shaders/Private/PathTracing/Material/PathTracingClearCoat.ush" 2851
"../../../Engine/Shaders/Private/PathTracing/Material/PathTracingTwoSidedFoliage.ush" 2852
"../../../Engine/Shaders/Private/PathTracing/Material/PathTracingCloth.ush" 2853
"../../../Engine/Shaders/Private/PathTracing/Material/PathTracingSubsurfaceProfile.ush" 2854
"../../../Engine/Shaders/Private/PathTracing/Material/PathTracingEye.ush" 2855
"../../../Engine/Shaders/Private/PathTracing/Material/PathTracingHair.ush" 2856
"../../../Engine/Shaders/Private/PathTracing/Material/PathTracingMedium.ush" 2857
"../../../Engine/Shaders/Private/PathTracing/Light/PathTracingLightSampling.ush" 2858
"../../../Engine/Shaders/Private/PathTracing/Light/PathTracingLightCommon.ush" 2859
"../../../Engine/Shaders/Private/PathTracing/Light/PathTracingDirectionalLight.ush" 2860
"../../../Engine/Shaders/Private/PathTracing/Light/PathTracingPointLight.ush" 2861
"../../../Engine/Shaders/Private/PathTracing/Light/PathTracingCapsuleLight.ush" 2862
"../../../Engine/Shaders/Private/PathTracing/Light/PathTracingRectLight.ush" 2863
"../../../Engine/Shaders/Private/PathTracing/Light/PathTracingSkyLight.ush" 2864
"../../../Engine/Shaders/Private/PathTracing/Light/PathTracingLightGrid.ush" 2865
"../../../Engine/Shaders/Private/PathTracing/PathTracing.usf" 2866
"../../../Engine/Shaders/Private/PathTracing/PathTracingCore.ush" 2867
"../../../Engine/Shaders/Private/HeterogeneousVolumes/HeterogeneousVolumesVoxelGridTypes.ush" 2868
"../../../Engine/Shaders/Private/PathTracing/Volume/PathTracingVolume.ush" 2869
"../../../Engine/Shaders/Private/PathTracing/Volume/PathTracingClouds.ush" 2870
"../../../Engine/Shaders/Private/PathTracing/Volume/PathTracingHeterogeneousVolumes.ush" 2871
"../../../Engine/Shaders/Private/HeterogeneousVolumes/HeterogeneousVolumesTracingUtils.ush" 2872
"../../../Engine/Shaders/Private/HeterogeneousVolumes/HeterogeneousVolumesVoxelGridTraversal.ush" 2873
"../../../Engine/Shaders/Private/HeterogeneousVolumes/HeterogeneousVolumesVoxelGridUtils.ush" 2874
"../../../Engine/Shaders/Private/HeterogeneousVolumes/HeterogeneousVolumesFrustumVoxelGridUtils.ush" 2875
"../../../Engine/Shaders/Private/PathTracing/PathTracingBuildLightGrid.usf" 2876
"../../../Engine/Shaders/Private/PathTracing/PathTracingSkylightMISCompensation.usf" 2877
"../../../Engine/Shaders/Private/PathTracing/PathTracingSkylightPrepare.usf" 2878
"../../../Engine/Shaders/Private/OIT/OITSorting.usf" 2879
"../../../Engine/Shaders/Private/OITCombine.usf" 2880
"../../../Engine/Shaders/Private/OITCommon.ush" 2881
"../../../Engine/Shaders/Private/Nanite/Voxel/RasterizeBricks.usf" 2882
"../../../Engine/Shaders/Private/Nanite/Voxel/Brick.ush" 2883
"../../../Engine/Shaders/Private/Nanite/Voxel/Voxel.ush" 2884
"../../../Engine/Shaders/Private/Nanite/Voxel/ScatterBricks.usf" 2885
"../../../Engine/Shaders/Private/Nanite/Voxel/TileBricks.usf" 2886
"../../../Engine/Shaders/Private/Nanite/Voxel/AutoVoxel.usf" 2887
"../../../Engine/Shaders/Private/Nanite/NaniteDebugViews.usf" 2888
"../../../Engine/Shaders/Private/Nanite/NaniteEditorCommon.ush" 2889
"../../../Engine/Shaders/Private/BinarySearch.ush" 2890
"../../../Engine/Shaders/Private/Nanite/NaniteDepthDecode.usf" 2891
"../../../Engine/Shaders/Private/HTileEncoding.ush" 2892
"../../../Engine/Shaders/Private/Nanite/NaniteVisualize.usf" 2893
"../../../Engine/Shaders/Private/Nanite/NaniteStreamOut.usf" 2894
"../../../Engine/Shaders/Private/Nanite/NaniteHierarchyTraversal.ush" 2895
"../../../Engine/Shaders/Private/Nanite/NaniteShadeBinning.usf" 2896
"../../../Engine/Shaders/Private/Nanite/NaniteShadeCommon.ush" 2897
"../../../Engine/Shaders/Private/Nanite/NaniteFastClear.usf" 2898
"../../../Engine/Shaders/Private/Nanite/NaniteRayTracing.usf" 2899
"../../../Engine/Shaders/Private/Nanite/NaniteExportGBuffer.usf" 2900
"../../../Engine/Shaders/Private/Nanite/NaniteClusterCulling.usf" 2901
"../../../Engine/Shaders/Private/Nanite/NanitePrintStats.usf" 2902
"../../../Engine/Shaders/Private/Nanite/NaniteRasterizer.usf" 2903
"../../../Engine/Shaders/Private/Nanite/NaniteRasterizationCommon.ush" 2904
"../../../Engine/Shaders/Private/Nanite/NaniteRasterizer.ush" 2905
"../../../Engine/Shaders/Private/Nanite/NaniteWritePixel.ush" 2906
"../../../Engine/Shaders/Private/Nanite/NaniteTessellation.ush" 2907
"../../../Engine/Shaders/Private/WorkDistribution.ush" 2908
"../../../Engine/Shaders/Private/Nanite/NaniteDice.ush" 2909
"../../../Engine/Shaders/Private/ShaderBundleWorkGraphCommon.ush" 2910
"../../../Engine/Shaders/Public/RootConstants.ush" 2911
"../../../Engine/Shaders/Public/Platform/D3D/D3DRootConstants.ush" 2912
"../../../Engine/Shaders/Private/Nanite/NaniteSplit.usf" 2913
"../../../Engine/Shaders/Private/Nanite/NaniteRasterBinning.usf" 2914
"../../../Engine/Shaders/Private/Nanite/NaniteInstanceCulling.usf" 2915
"../../../Engine/Shaders/Private/Nanite/NaniteImposter.ush" 2916
"../../../Engine/Shaders/Private/Nanite/NaniteInstanceHierarchyCulling.usf" 2917
"../../../Engine/Shaders/Private/WorkGroupLoadBalancer.ush" 2918
"../../../Engine/Shaders/Private/Nanite/NanitePrimitiveFilter.usf" 2919
"../../../Engine/Shaders/Private/Nanite/NaniteRasterClear.usf" 2920
"../../../Engine/Shaders/Private/Nanite/NaniteDepthExport.usf" 2921
"../../../Engine/Shaders/Private/Nanite/NaniteEmitShadow.usf" 2922
"../../../Engine/Shaders/Private/MobileDeferredUtils.usf" 2923
"../../../Engine/Shaders/Private/MobileLocalLightsBuffer.usf" 2924
"../../../Engine/Shaders/Private/MobileFog.usf" 2925
"../../../Engine/Shaders/Private/DistortApplyScreenPS.usf" 2926
"../../../Engine/Shaders/Private/MobileDeferredShading.usf" 2927
"../../../Engine/Shaders/Private/MobileBasePassPixelShader.usf" 2928
"../../../Engine/Shaders/Private/MobileBasePassCommon.ush" 2929
"../../../Engine/Shaders/Private/BasePassCommon.ush" 2930
"../../../Engine/Shaders/Private/ShadingModelsMaterial.ush" 2931
"../../../Engine/Shaders/Private/ThinTranslucentCommon.ush" 2932
"../../../Engine/Shaders/Private/SingleLayerWaterShading.ush" 2933
"../../../Engine/Shaders/Private/DistortionCommon.ush" 2934
"../../../Engine/Shaders/Private/Substrate/SubstrateMobileForwardLighting.ush" 2935
"../../../Engine/Shaders/Private/MobileBasePassVertexShader.usf" 2936
"../../../Engine/Shaders/Private/MeshEdges.usf" 2937
"../../../Engine/Shaders/Private/MegaLights/MegaLightsSampling.usf" 2938
"../../../Engine/Shaders/Shared/MegaLightsDefinitions.h" 2939
"../../../Engine/Shaders/Private/MegaLights/MegaLightsShading.ush" 2940
"../../../Engine/Shaders/Private/MegaLights/MegaLights.ush" 2941
"../../../Engine/Shaders/Private/MegaLights/MegaLightsMaterial.ush" 2942
"../../../Engine/Shaders/Private/MegaLights/MegaLightsRayTracing.ush" 2943
"../../../Engine/Shaders/Private/MegaLights/MegaLightsSampling.ush" 2944
"../../../Engine/Shaders/Private/MegaLights/MegaLightsVolumeSampling.usf" 2945
"../../../Engine/Shaders/Private/MegaLights/MegaLightsVolume.ush" 2946
"../../../Engine/Shaders/Private/MegaLights/MegaLights.usf" 2947
"../../../Engine/Shaders/Private/HairStrands/HairStrandsScreenTracing.ush" 2948
"../../../Engine/Shaders/Private/MegaLights/MegaLightsFilterVisibleLightHash.usf" 2949
"../../../Engine/Shaders/Private/MegaLights/MegaLightsShading.usf" 2950
"../../../Engine/Shaders/Private/Lumen/LumenReflectionDenoiserCommon.ush" 2951
"../../../Engine/Shaders/Private/MegaLights/MegaLightsVisibleLightHash.usf" 2952
"../../../Engine/Shaders/Private/MegaLights/MegaLightsVolumeShading.usf" 2953
"../../../Engine/Shaders/Private/MegaLights/MegaLightsVSMMarking.usf" 2954
"../../../Engine/Shaders/Private/MegaLights/MegaLightsVSMTracing.usf" 2955
"../../../Engine/Shaders/Private/MegaLights/MegaLightsRayTracing.usf" 2956
"../../../Engine/Shaders/Private/DistanceField/GlobalDistanceFieldUtils.ush" 2957
"../../../Engine/Shaders/Private/Lumen/LumenScreenTracing.ush" 2958
"../../../Engine/Shaders/Private/MegaLights/MegaLightsVolumeRayTracing.usf" 2959
"../../../Engine/Shaders/Private/MegaLights/MegaLightsVolumeHardwareRayTracing.usf" 2960
"../../../Engine/Shaders/Private/Lumen/LumenHardwareRayTracingCommon.ush" 2961
"../../../Engine/Shaders/Private/RayTracing/RayTracingReflectionEnvironment.ush" 2962
"../../../Engine/Shaders/Private/Lumen/LumenHardwareRayTracingPlatformCommon.ush" 2963
"../../../Engine/Shaders/Private/Lumen/LumenTracingCommon.ush" 2964
"../../../Engine/Shaders/Private/Lumen/SurfaceCache/LumenSurfaceCacheSampling.ush" 2965
"../../../Engine/Shaders/Private/Lumen/SurfaceCache/LumenSurfaceCache.ush" 2966
"../../../Engine/Shaders/Private/Lumen/LumenCardCommon.ush" 2967
"../../../Engine/Shaders/Private/Lumen/LumenCardTileShadowDownsampleFactor.ush" 2968
"../../../Engine/Shaders/Private/MegaLights/MegaLightsHardwareRayTracing.usf" 2969
"../../../Engine/Shaders/Private/MegaLights/MegaLightsDebug.usf" 2970
"../../../Engine/Shaders/Private/MegaLights/MegaLightsDenoiserSpatial.usf" 2971
"../../../Engine/Shaders/Private/MegaLights/MegaLightsDenoiserTemporal.usf" 2972
"../../../Engine/Shaders/Private/MaterialCache/MaterialCacheABufferPages.usf" 2973
"../../../Engine/Shaders/Private/MaterialCache/MaterialCacheShade.usf" 2974
"../../../Engine/Shaders/Private/MaterialCache/MaterialCacheShadeCommon.ush" 2975
"../../../Engine/Shaders/Private/MaterialCache/MaterialCacheUnwrapNaniteShade.usf" 2976
"../../../Engine/Shaders/Private/MaterialCache/MaterialCacheUnwrapPixelShader.usf" 2977
"../../../Engine/Shaders/Private/MaterialCache/MaterialCacheUnwrapVertexShader.usf" 2978
"../../../Engine/Shaders/Private/Lumen/LumenVisualizeRadianceCache.usf" 2979
"../../../Engine/Shaders/Private/Lumen/LumenRadianceCacheCommon.ush" 2980
"../../../Engine/Shaders/Private/Lumen/LumenVisualizeHardwareRayTracing.usf" 2981
"../../../Engine/Shaders/Private/Lumen/LumenVisualize.ush" 2982
"../../../Engine/Shaders/Private/Lumen/LumenHairTracing.ush" 2983
"../../../Engine/Shaders/Private/Lumen/LumenVisualize.usf" 2984
"../../../Engine/Shaders/Private/Lumen/LumenSoftwareRayTracing.ush" 2985
"../../../Engine/Shaders/Private/DistanceField/GlobalDistanceFieldObjectGrid.ush" 2986
"../../../Engine/Shaders/Private/DistanceFieldLightingShared.ush" 2987
"../../../Engine/Shaders/Private/Lumen/LumenVisualizeTraces.ush" 2988
"../../../Engine/Shaders/Private/Lumen/LumenTranslucencyVolumeLighting.usf" 2989
"../../../Engine/Shaders/Private/Lumen/LumenRadianceCacheMarkCommon.ush" 2990
"../../../Engine/Shaders/Private/Lumen/LumenTranslucencyVolumeLightingShared.ush" 2991
"../../../Engine/Shaders/Private/Lumen/LumenScreenProbeCommon.ush" 2992
"../../../Engine/Shaders/Private/RayTracing/RayGenUtils.ush" 2993
"../../../Engine/Shaders/Private/Lumen/LumenRadianceCacheTracingCommon.ush" 2994
"../../../Engine/Shaders/Private/Lumen/LumenTranslucencyVolumeHardwareRayTracing.usf" 2995
"../../../Engine/Shaders/Private/Lumen/LumenTranslucencyRadianceCacheMarkShaders.usf" 2996
"../../../Engine/Shaders/Private/Lumen/SurfaceCache/LumenSurfaceCache.usf" 2997
"../../../Engine/Shaders/Private/Lumen/LumenVirtualTextureCommon.ush" 2998
"../../../Engine/Shaders/Private/Lumen/LumenShortRangeAOHardwareRayTracing.usf" 2999
"../../../Engine/Shaders/Private/Lumen/LumenScreenSpaceBentNormal.ush" 3000
"../../../Engine/Shaders/Private/Lumen/LumenScreenSpaceBentNormal.usf" 3001
"../../../Engine/Shaders/Private/Lumen/LumenScreenProbeTracing.usf" 3002
"../../../Engine/Shaders/Private/Lumen/LumenScreenProbeTracingCommon.ush" 3003
"../../../Engine/Shaders/Private/Lumen/LumenFloatQuantization.ush" 3004
"../../../Engine/Shaders/Private/Lumen/LumenScreenProbeImportanceSampling.usf" 3005
"../../../Engine/Shaders/Private/Lumen/LumenScreenProbeImportanceSamplingShared.ush" 3006
"../../../Engine/Shaders/Private/Lumen/LumenScreenProbeHardwareRayTracing.usf" 3007
"../../../Engine/Shaders/Private/Lumen/LumenScreenProbeDebug.usf" 3008
"../../../Engine/Shaders/Private/Lumen/LumenScreenProbeGather.usf" 3009
"../../../Engine/Shaders/Private/Lumen/LumenScreenProbeGatherTemporal.usf" 3010
"../../../Engine/Shaders/Private/Lumen/LumenScreenProbeFiltering.usf" 3011
"../../../Engine/Shaders/Private/Lumen/LumenSceneLighting.usf" 3012
"../../../Engine/Shaders/Private/Lumen/LumenCardTile.ush" 3013
"../../../Engine/Shaders/Private/Lumen/LumenSceneLighting.ush" 3014
"../../../Engine/Shaders/Private/Lumen/Radiosity/LumenRadiosity.ush" 3015
"../../../Engine/Shaders/Private/Lumen/LumenSceneLightingDebug.usf" 3016
"../../../Engine/Shaders/Private/Lumen/LumenScene.usf" 3017
"../../../Engine/Shaders/Private/Lumen/LumenSceneDirectLightingHardwareRayTracing.usf" 3018
"../../../Engine/Shaders/Private/Lumen/LumenSceneDirectLightingStochastic.ush" 3019
"../../../Engine/Shaders/Private/Lumen/LumenSceneDirectLighting.ush" 3020
"../../../Engine/Shaders/Private/Lumen/LumenSceneDebugHardwareRayTracing.usf" 3021
"../../../Engine/Shaders/Private/Lumen/LumenSceneDirectLightingStochastic.usf" 3022
"../../../Engine/Shaders/Private/Lumen/LumenSceneDirectLightingSoftwareRayTracing.usf" 3023
"../../../Engine/Shaders/Private/DistanceFieldShadowingShared.ush" 3024
"../../../Engine/Shaders/Private/Lumen/LumenSceneDirectLightingPerLightShadowCommon.ush" 3025
"../../../Engine/Shaders/Private/Lumen/LumenSceneDirectLightingShadowMask.usf" 3026
"../../../Engine/Shaders/Private/Lumen/LumenSceneDirectLighting.usf" 3027
"../../../Engine/Shaders/Private/Lumen/LumenSceneDirectLightingCulling.usf" 3028
"../../../Engine/Shaders/Private/Lumen/LumenCardComputeShader.usf" 3029
"../../../Engine/Shaders/Private/Lumen/LumenCardBasePass.ush" 3030
"../../../Engine/Shaders/Private/Lumen/LumenCardPixelShader.usf" 3031
"../../../Engine/Shaders/Private/Lumen/LumenCardVertexShader.usf" 3032
"../../../Engine/Shaders/Private/Lumen/LumenReSTIRGather.usf" 3033
"../../../Engine/Shaders/Private/Lumen/LumenReflectionTracing.usf" 3034
"../../../Engine/Shaders/Private/Lumen/LumenReflectionDenoiserSpatial.usf" 3035
"../../../Engine/Shaders/Private/Lumen/LumenReflectionDenoiserClear.usf" 3036
"../../../Engine/Shaders/Private/Lumen/LumenReflectionDenoiserTemporal.usf" 3037
"../../../Engine/Shaders/Private/Lumen/LumenReflectionResolve.usf" 3038
"../../../Engine/Shaders/Private/Lumen/LumenReflections.usf" 3039
"../../../Engine/Shaders/Private/Lumen/RayTracedTranslucency.usf" 3040
"../../../Engine/Shaders/Private/Lumen/LumenReflectionHardwareRayTracing.usf" 3041
"../../../Engine/Shaders/Private/Lumen/Radiosity/LumenVisualizeRadiosityProbes.usf" 3042
"../../../Engine/Shaders/Private/Lumen/Radiosity/LumenRadiosity.usf" 3043
"../../../Engine/Shaders/Private/Lumen/Radiosity/LumenRadiosityHardwareRayTracing.usf" 3044
"../../../Engine/Shaders/Private/Lumen/Radiosity/LumenRadiosityCulling.usf" 3045
"../../../Engine/Shaders/Private/Lumen/LumenRadianceCacheHardwareRayTracing.usf" 3046
"../../../Engine/Shaders/Private/Lumen/LumenRadianceCache.usf" 3047
"../../../Engine/Shaders/Private/Lumen/LumenRadianceCacheUpdate.ush" 3048
"../../../Engine/Shaders/Private/Lumen/LumenRadianceCacheDebug.usf" 3049
"../../../Engine/Shaders/Private/Lumen/LumenRadianceCacheUpdate.usf" 3050
"../../../Engine/Shaders/Private/Lumen/LumenMeshSDFCulling.usf" 3051
"../../../Engine/Shaders/Private/HybridIndirectLighting.ush" 3052
"../../../Engine/Shaders/Private/MeshDistanceFieldCommon.ush" 3053
"../../../Engine/Shaders/Private/Lumen/LumenIrradianceFieldGather.usf" 3054
"../../../Engine/Shaders/Private/Lumen/LumenHardwareRayTracingMaterials.usf" 3055
"../../../Engine/Shaders/Private/Lumen/LumenFrontLayerTranslucency.usf" 3056
"../../../Engine/Shaders/Private/LocalFogVolumes/LocalFogVolumeSplat.usf" 3057
"../../../Engine/Shaders/Private/LocalFogVolumes/LocalFogVolumeTiledCulling.usf" 3058
"../../../Engine/Shaders/Private/LightShaftShader.usf" 3059
"../../../Engine/Shaders/Private/StationaryLightOverlapShaders.usf" 3060
"../../../Engine/Shaders/Private/DeferredLightPixelShaders.usf" 3061
"../../../Engine/Shaders/Private/DeferredLightVertexShaders.usf" 3062
"../../../Engine/Shaders/Private/LightMapDensityShader.usf" 3063
"../../../Engine/Shaders/Private/LightGridInjection.usf" 3064
"../../../Engine/Shaders/Shared/LightGridDefinitions.h" 3065
"../../../Engine/Shaders/Private/LightFunctionPixelShader.usf" 3066
"../../../Engine/Shaders/Private/LightFunctionVertexShader.usf" 3067
"../../../Engine/Shaders/Private/LightFunctionAtlas/LightFunctionAtlasRender.usf" 3068
"../../../Engine/Shaders/Private/InstanceCulling/InstanceCullingOcclusionQuery.usf" 3069
"../../../Engine/Shaders/Private/InstanceCulling/InstanceCullingSetup.ush" 3070
"../../../Engine/Shaders/Private/InstanceCulling/BuildInstanceDrawCommands.usf" 3071
"../../../Engine/Shaders/Private/InstanceCulling/InstanceCompactionCommon.ush" 3072
"../../../Engine/Shaders/Private/SceneDataMobileWriter.ush" 3073
"../../../Engine/Shaders/Private/InstanceCulling/CompactVisibleInstances.usf" 3074
"../../../Engine/Shaders/Private/ReflectionEnvironmentPixelShader.usf" 3075
"../../../Engine/Shaders/Private/AmbientCubemapComposite.usf" 3076
"../../../Engine/Shaders/Private/DiffuseIndirectComposite.usf" 3077
"../../../Engine/Shaders/Private/IESAtlas.usf" 3078
"../../../Engine/Shaders/Private/HeterogeneousVolumes/HeterogeneousVolumesVisualizeCascades.usf" 3079
"../../../Engine/Shaders/Private/HeterogeneousVolumes/HeterogeneousVolumesVoxelGridShadows.usf" 3080
"../../../Engine/Shaders/Private/HeterogeneousVolumes/HeterogeneousVolumesStochasticFiltering.ush" 3081
"../../../Engine/Shaders/Private/HeterogeneousVolumes/HeterogeneousVolumesVoxelGridRenderingUtils.ush" 3082
"../../../Engine/Shaders/Private/HeterogeneousVolumes/HeterogeneousVolumesLightingUtils.ush" 3083
"../../../Engine/Shaders/Private/HeterogeneousVolumes/HeterogeneousVolumesRayMarchingUtils.ush" 3084
"../../../Engine/Shaders/Private/HeterogeneousVolumes/HeterogeneousVolumesRayMarchingTypes.ush" 3085
"../../../Engine/Shaders/Private/HeterogeneousVolumes/HeterogeneousVolumesTransmittanceVolumeUtils.ush" 3086
"../../../Engine/Shaders/Private/HeterogeneousVolumes/HeterogeneousVolumesAdaptiveVolumetricShadowMapSampler.ush" 3087
"../../../Engine/Shaders/Private/HeterogeneousVolumes/HeterogeneousVolumesVoxelGridRendering.usf" 3088
"../../../Engine/Shaders/Private/HeterogeneousVolumes/HeterogeneousVolumesVoxelGridPipeline.usf" 3089
"../../../Engine/Shaders/Private/HeterogeneousVolumes/HeterogeneousVolumesMaterialBakingPipeline.usf" 3090
"../../../Engine/Shaders/Private/HeterogeneousVolumes/HeterogeneousVolumesLiveShadingUtils.ush" 3091
"../../../Engine/Shaders/Private/HeterogeneousVolumes/HeterogeneousVolumesFrustumVoxelGrid.usf" 3092
"../../../Engine/Shaders/Private/HeterogeneousVolumes/HeterogeneousVolumesSparseVoxelPipeline.usf" 3093
"../../../Engine/Shaders/Private/HeterogeneousVolumes/HeterogeneousVolumesSparseVoxelUtils.ush" 3094
"../../../Engine/Shaders/Private/HeterogeneousVolumes/HeterogeneousVolumesSparseVoxelUniformBufferUtils.ush" 3095
"../../../Engine/Shaders/Private/HeterogeneousVolumes/HeterogeneousVolumesPreshadingPipeline.usf" 3096
"../../../Engine/Shaders/Private/HeterogeneousVolumes/HeterogeneousVolumesShadowMask.usf" 3097
"../../../Engine/Shaders/Private/HeterogeneousVolumes/HeterogeneousVolumesLiveShadingShadows.usf" 3098
"../../../Engine/Shaders/Private/HeterogeneousVolumes/HeterogeneousVolumesLiveShadingGlobalPipeline.usf" 3099
"../../../Engine/Shaders/Private/HeterogeneousVolumes/HeterogeneousVolumesLiveShadingPipeline.usf" 3100
"../../../Engine/Shaders/Private/HeterogeneousVolumes/HeterogeneousVolumesHardwareRayTracing.usf" 3101
"../../../Engine/Shaders/Private/HeterogeneousVolumes/HeterogeneousVolumesAmbientOcclusionPipeline.usf" 3102
"../../../Engine/Shaders/Private/HeterogeneousVolumes/HeterogeneousVolumesComposite.usf" 3103
"../../../Engine/Shaders/Private/HdrCustomResolveShaders.usf" 3104
"../../../Engine/Shaders/Private/HairStrands/RenderCurveRaster.usf" 3105
"../../../Engine/Shaders/Shared/RenderCurveDefinitions.h" 3106
"../../../Engine/Shaders/Private/HairStrands/HairStrandsVoxelRasterCompute.usf" 3107
"../../../Engine/Shaders/Private/HairStrands/HairStrandsHitProxy.usf" 3108
"../../../Engine/Shaders/Private/HairStrands/HairStrandsVisibilityRasterComputeNaive.usf" 3109
"../../../Engine/Shaders/Private/HairStrands/HairStrandsVisibilityRasterHW.usf" 3110
"../../../Engine/Shaders/Private/HairStrands/HairStrandsVisibilityRasterCompute.usf" 3111
"../../../Engine/Shaders/Private/HairStrands/HairStrandsVisibilityRasterClassification.usf" 3112
"../../../Engine/Shaders/Private/HairStrands/HairStrandsCoverage.usf" 3113
"../../../Engine/Shaders/Private/HairStrands/HairStrandsVisibilityDepthPS.usf" 3114
"../../../Engine/Shaders/Private/HairStrands/HairStrandsVisibilityTransmittanceDepthPS.usf" 3115
"../../../Engine/Shaders/Private/HairStrands/HairStrandsVisibilityFillOpaqueDepthPS.usf" 3116
"../../../Engine/Shaders/Private/HairStrands/HairStrandsVisibilityCompactionComputeRaster.usf" 3117
"../../../Engine/Shaders/Private/HairStrands/HairStrandsVisibilityCompaction.usf" 3118
"../../../Engine/Shaders/Private/HairStrands/HairStrandsVisibilityCopyIndirectArg.usf" 3119
"../../../Engine/Shaders/Private/HairStrands/HairStrandsVisibilityClearPS.usf" 3120
"../../../Engine/Shaders/Private/HairStrands/HairStrandsVisibilityPS.usf" 3121
"../../../Engine/Shaders/Private/HairStrands/HairStrandsVisibilityVS.usf" 3122
"../../../Engine/Shaders/Private/HairStrands/HairStrandsVelocity.usf" 3123
"../../../Engine/Shaders/Private/HairStrands/HairStrandsVisibilityComputeSampleCoverage.usf" 3124
"../../../Engine/Shaders/Private/HairStrands/HairStrandsMaterialPS.usf" 3125
"../../../Engine/Shaders/Private/HairStrands/HairStrandsMaterialCommon.ush" 3126
"../../../Engine/Shaders/Private/HairStrands/HairStrandsMaterialVS.usf" 3127
"../../../Engine/Shaders/Private/HairStrands/HairStrandsLightSample.usf" 3128
"../../../Engine/Shaders/Private/HairStrands/HairStrandsDeepShadowMask.usf" 3129
"../../../Engine/Shaders/Private/HairStrands/HairStrandsDeepTransmittanceMask.usf" 3130
"../../../Engine/Shaders/Private/HairStrands/HairStrandsVisibilityTile.usf" 3131
"../../../Engine/Shaders/Private/HairStrands/HairStrandsDeepShadowPS.usf" 3132
"../../../Engine/Shaders/Private/HairStrands/HairStrandsDeepShadowVS.usf" 3133
"../../../Engine/Shaders/Private/HairStrands/HairStrandsAABB.usf" 3134
"../../../Engine/Shaders/Private/HairStrands/HairStrandsLUT.usf" 3135
"../../../Engine/Shaders/Private/HairStrands/HairStrandsForwardRaster.usf" 3136
"../../../Engine/Shaders/Private/HairStrands/HairStrandsForwardCulling.usf" 3137
"../../../Engine/Shaders/Private/HairStrands/HairStrandsEnvironmentLighting.usf" 3138
"../../../Engine/Shaders/Private/HairStrands/HairStrandsEnvironmentAO.usf" 3139
"../../../Engine/Shaders/Private/HairStrands/HairStrandsDeepShadowAllocation.usf" 3140
"../../../Engine/Shaders/Private/HairStrands/HairStrandsVoxelDebug.usf" 3141
"../../../Engine/Shaders/Private/HairStrands/HairStrandsComposition.usf" 3142
"../../../Engine/Shaders/Private/HairStrands/HairStrandsGBufferCommon.ush" 3143
"../../../Engine/Shaders/Private/GPUScene/GPUSceneDataManagement.usf" 3144
"../../../Engine/Shaders/Private/GPUSceneDebugRender.usf" 3145
"../../../Engine/Shaders/Private/GPUFeedbackCompaction.usf" 3146
"../../../Engine/Shaders/Private/GPUFastFourierTransform.usf" 3147
"../../../Engine/Shaders/Private/GPUFastFourierTransform2DCore.ush" 3148
"../../../Engine/Shaders/Private/GPUFastFourierTransformCore.ush" 3149
"../../../Engine/Shaders/Private/GPUBenchmark.usf" 3150
"../../../Engine/Shaders/Private/DistanceField/GlobalDistanceFieldDebug.usf" 3151
"../../../Engine/Shaders/Private/DistanceField/GlobalDistanceFieldUpdate.ush" 3152
"../../../Engine/Shaders/Private/DistanceField/GlobalDistanceFieldMip.usf" 3153
"../../../Engine/Shaders/Private/DistanceField/GlobalDistanceField.usf" 3154
"../../../Engine/Shaders/Private/DistanceField/GlobalDistanceFieldCompositeObjects.usf" 3155
"../../../Engine/Shaders/Private/DistanceField/GlobalDistanceFieldHeightfields.usf" 3156
"../../../Engine/Shaders/Private/HeightfieldLightingShared.ush" 3157
"../../../Engine/Shaders/Private/GenerateConservativeDepth.usf" 3158
"../../../Engine/Shaders/Private/HeightFogPixelShader.usf" 3159
"../../../Engine/Shaders/Private/HeightFogVertexShader.usf" 3160
"../../../Engine/Shaders/Private/DistortFiltering.usf" 3161
"../../../Engine/Shaders/Private/DistortAccumulatePS.usf" 3162
"../../../Engine/Shaders/Private/DistortAccumulateVS.usf" 3163
"../../../Engine/Shaders/Private/DistanceFieldVisualization.usf" 3164
"../../../Engine/Shaders/Private/DistanceFieldStreaming.usf" 3165
"../../../Engine/Shaders/Private/DistanceFieldShadowing.usf" 3166
"../../../Engine/Shaders/Private/DistanceFieldScreenGridLighting.usf" 3167
"../../../Engine/Shaders/Private/DistanceFieldObjectCulling.usf" 3168
"../../../Engine/Shaders/Private/DistanceFieldLightingPost.usf" 3169
"../../../Engine/Shaders/Private/DitheredTransitionStencil.usf" 3170
"../../../Engine/Shaders/Private/CopyDepthTexture.usf" 3171
"../../../Engine/Shaders/Private/CopyDepthTextureCS.usf" 3172
"../../../Engine/Shaders/Private/DeferredDecal.usf" 3173
"../../../Engine/Shaders/Private/DecalCommon.ush" 3174
"../../../Engine/Shaders/Private/DebugViewModeVertexShader.usf" 3175
"../../../Engine/Shaders/Private/DebugViewModeCommon.ush" 3176
"../../../Engine/Shaders/Private/DebugViewModePixelShader.usf" 3177
"../../../Engine/Shaders/Private/DebugProbes.usf" 3178
"../../../Engine/Shaders/Private/MeshDecals.usf" 3179
"../../../Engine/Shaders/Private/PostProcessAmbientOcclusion.usf" 3180
"../../../Engine/Shaders/Private/ClusteredDeferredShadingPixelShader.usf" 3181
"../../../Engine/Shaders/Private/ClusteredDeferredShadingVertexShader.usf" 3182
"../../../Engine/Shaders/Private/CapsuleShadowShaders.usf" 3183
"../../../Engine/Shaders/Private/BasePassPixelShader.usf" 3184
"../../../Engine/Shaders/Private/ForwardLightingCommon.ush" 3185
"../../../Engine/Shaders/Private/Substrate/SubstrateForwardLighting.ush" 3186
"../../../Engine/Shaders/Private/ComputeShaderOutputCommon.ush" 3187
"../../../Engine/Shaders/Private/BasePassVertexShader.usf" 3188
"../../../Engine/Shaders/Private/BasePassVertexCommon.ush" 3189
"../../../Engine/Shaders/Private/SimpleElementVolumeTexturePreviewPixelShader.usf" 3190
"../../../Engine/Shaders/Private/SimpleElementTexture2DPreviewPixelShader.usf" 3191
"../../../Engine/Shaders/Private/meshpaintdilatepixelshader.usf" 3192
"../../../Engine/Shaders/Private/meshpaintdilatevertexshader.usf" 3193
"../../../Engine/Shaders/Private/MeshPaintPixelShader.usf" 3194
"../../../Engine/Shaders/Private/MeshPaintVertexShader.usf" 3195
"../../../Engine/Shaders/Private/SlateElementPixelShader.usf" 3196
"../../../Engine/Shaders/Private/SlateShaderCommon.ush" 3197
"../../../Engine/Shaders/Private/SlateMaskingShader.usf" 3198
"../../../Engine/Shaders/Private/SlateVertexShader.usf" 3199
"../../../Engine/Shaders/Private/CompositeUIPixelShader.usf" 3200
"../../../Engine/Shaders/Private/ColorDeficiency.ush" 3201
"../../../Engine/Shaders/Private/SlatePostProcessColorDeficiencyPixelShader.usf" 3202
"../../../Engine/Shaders/Private/SlatePostProcessPixelShader.usf" 3203
"../../../Engine/Shaders/Private/Tools/VisualizeTexture.usf" 3204
"../../../Engine/Shaders/Private/UpdateDescriptorHandle.usf" 3205
"../../../Engine/Shaders/Private/ByteBuffer.usf" 3206
"../../../Engine/Shaders/Private/ShaderBundleWorkGraphDispatch.usf" 3207
"../../../Engine/Shaders/Private/ShaderBundleDispatch.usf" 3208
"../../../Engine/Shaders/Private/ResolveVertexShader.usf" 3209
"../../../Engine/Shaders/Private/ResolvePixelShader.usf" 3210
"../../../Engine/Shaders/Private/Tools/SetupIndirectArgs.usf" 3211
"../../../Engine/Shaders/Private/ClearReplacementShaders.usf" 3212
"../../../Engine/Shaders/Private/Tools/DrawTexture.usf" 3213
"../../../Engine/Shaders/Private/RayTracing/RayTracingValidation.usf" 3214
"../../../Engine/Shaders/Private/RenderGraphUtilities.usf" 3215
"../../../Engine/Shaders/Private/OneColorShader.usf" 3216
"../../../Engine/Shaders/Private/OculusShaders.usf" 3217
"../../../Engine/Shaders/Private/MediaShaders.usf" 3218
"../../../Engine/Shaders/Private/GPUMessaging.usf" 3219
"../../../Engine/Shaders/Private/Tools/GPUDebugCrashUtils.usf" 3220
"../../../Engine/Shaders/Private/NullPixelShader.usf" 3221
"../../../Engine/Shaders/Private/ComputeGenerateMips.usf" 3222
"../../../Engine/Shaders/Private/Tools/DumpTexture.usf" 3223
"../../../Engine/Shaders/Private/CopyTextureShaders.usf" 3224
"../../../Engine/Shaders/Private/Tools/FullscreenVertexShader.usf" 3225
"../../../Engine/Shaders/Private/RayTracing/RayTracingDispatchDesc.usf" 3226
"../../../Engine/Shaders/Private/Bink.usf" 3227
"../../../Engine/Shaders/Private/DepthOnlyPixelShader.usf" 3228
"../../../Engine/Shaders/Private/PositionOnlyDepthVertexShader.usf" 3229
"../../../Engine/Shaders/Private/DepthOnlyVertexShader.usf" 3230
"../../../Engine/Shaders/Private/AnisotropyPassShader.usf" 3231
"/Engine/EngineResources/WhiteSquareTexture" 3232
"../../../Engine/Content/EngineResources/WhiteSquareTexture.uasset" 3233
"/Engine/EngineResources/GradientTexture0" 3234
"../../../Engine/Content/EngineResources/GradientTexture0.uasset" 3235
"/Engine/EngineResources/Black" 3236
"../../../Engine/Content/EngineResources/Black.uasset" 3237
"/Engine/EditorResources/S_Actor" 3238
"../../../Engine/Content/EditorResources/S_Actor.uasset" 3239
"/Engine/EngineFonts/RobotoDistanceField" 3240
"../../../Engine/Content/EngineFonts/RobotoDistanceField.uasset" 3241
"/Engine/EngineMaterials/DefaultTextMaterialOpaque" 3242
"../../../Engine/Content/EngineMaterials/DefaultTextMaterialOpaque.uasset" 3243
"/Engine/Functions/Engine_MaterialFunctions01/Shading/PowerToRoughness" 3244
"../../../Engine/Content/Functions/Engine_MaterialFunctions01/Shading/PowerToRoughness.uasset" 3245
"/Engine/Functions/Engine_MaterialFunctions01/Shading/ConvertFromDiffSpec" 3246
"../../../Engine/Content/Functions/Engine_MaterialFunctions01/Shading/ConvertFromDiffSpec.uasset" 3247
"/Engine/EngineMaterials/WorldGridMaterial" 3248
"../../../Engine/Content/EngineMaterials/WorldGridMaterial.uasset" 3249
"../../../Engine/Content/Functions/Engine_MaterialFunctions01/Opacity/CameraDepthFade.uasset" 3250
"../../../Engine/Content/EngineMaterials/T_Default_Material_Grid_M.uasset" 3251
"../../../Engine/Content/EngineMaterials/T_Default_Material_Grid_N.uasset" 3252
"/Engine/EngineMaterials/DefaultDeferredDecalMaterial" 3253
"../../../Engine/Content/EngineMaterials/DefaultDeferredDecalMaterial.uasset" 3254
"../../../Engine/Content/EngineMaterials/DefaultDiffuse.uasset" 3255
"/Engine/EngineMaterials/DefaultLightFunctionMaterial" 3256
"../../../Engine/Content/EngineMaterials/DefaultLightFunctionMaterial.uasset" 3257
"/Engine/EngineMaterials/DefaultPostProcessMaterial" 3258
"../../../Engine/Content/EngineMaterials/DefaultPostProcessMaterial.uasset" 3259
"../../../Engine/Content/Functions/Engine_MaterialFunctions02/Utility/BreakOutFloat2Components.uasset" 3260
"/Engine/EditorResources/S_Trigger" 3261
"../../../Engine/Content/EditorResources/S_Trigger.uasset" 3262
"/Engine/EditorResources/S_BoxReflectionCapture" 3263
"../../../Engine/Content/EditorResources/S_BoxReflectionCapture.uasset" 3264
"/Engine/EngineResources/DefaultTexture" 3265
"../../../Engine/Content/EngineResources/DefaultTexture.uasset" 3266
"/Engine/EditorResources/S_TriggerBox" 3267
"../../../Engine/Content/EditorResources/S_TriggerBox.uasset" 3268
"/Engine/EditorResources/S_TriggerCapsule" 3269
"../../../Engine/Content/EditorResources/S_TriggerCapsule.uasset" 3270
"/Engine/EditorResources/S_TriggerSphere" 3271
"../../../Engine/Content/EditorResources/S_TriggerSphere.uasset" 3272
"/Engine/EngineMeshes/Sphere" 3273
"../../../Engine/Content/EngineMeshes/Sphere.uasset" 3274
"/Engine/EngineDamageTypes/DmgTypeBP_Environmental" 3275
"../../../Engine/Content/EngineDamageTypes/DmgTypeBP_Environmental.uasset" 3276
"/Engine/EngineResources/DefaultTextureCube" 3277
"../../../Engine/Content/EngineResources/DefaultTextureCube.uasset" 3278
"/Engine/EngineResources/DefaultVolumeTexture" 3279
"../../../Engine/Content/EngineResources/DefaultVolumeTexture.uasset" 3280
"../../../Engine/Content/EngineResources/DefaultVolumeTexture2D.uasset" 3281
"/Engine/EditorResources/S_Solver" 3282
"../../../Engine/Content/EditorResources/S_Solver.uasset" 3283
"/Engine/EngineDebugMaterials/VolumeToRender" 3284
"../../../Engine/Content/EngineDebugMaterials/VolumeToRender.uasset" 3285
"/Engine/EngineDebugMaterials/M_VolumeRenderSphereTracePP" 3286
"../../../Engine/Content/EngineDebugMaterials/M_VolumeRenderSphereTracePP.uasset" 3287
"../../../Engine/Content/Functions/Engine_MaterialFunctions02/Utility/CameraDirectionVector.uasset" 3288
"/Engine/EditorMeshes/Camera/SM_CraneRig_Base" 3289
"../../../Engine/Content/EditorMeshes/Camera/SM_CraneRig_Base.uasset" 3290
"../../../Engine/Content/EditorMaterials/Camera/MI_CineMat_Rig.uasset" 3291
"../../../Engine/Content/EditorMaterials/Camera/CineMat.uasset" 3292
"/Engine/EditorMeshes/Camera/SM_CraneRig_Arm" 3293
"../../../Engine/Content/EditorMeshes/Camera/SM_CraneRig_Arm.uasset" 3294
"/Engine/EditorMeshes/Camera/SM_CraneRig_Mount" 3295
"../../../Engine/Content/EditorMeshes/Camera/SM_CraneRig_Mount.uasset" 3296
"/Engine/EditorMeshes/Camera/SM_CraneRig_Body" 3297
"../../../Engine/Content/EditorMeshes/Camera/SM_CraneRig_Body.uasset" 3298
"/Engine/EditorMeshes/Camera/SM_RailRig_Track" 3299
"../../../Engine/Content/EditorMeshes/Camera/SM_RailRig_Track.uasset" 3300
"/Engine/EditorMeshes/Camera/SM_RailRig_Mount" 3301
"../../../Engine/Content/EditorMeshes/Camera/SM_RailRig_Mount.uasset" 3302
"/Engine/EditorLandscapeResources/SplineEditorMesh" 3303
"../../../Engine/Content/EditorLandscapeResources/SplineEditorMesh.uasset" 3304
"../../../Engine/Content/EditorLandscapeResources/SplineEditorMeshMat.uasset" 3305
"/HairStrands/Materials/HairDebugMaterial" 3306
"../../Plugins/Runtime/HairStrands/Content/Materials/HairDebugMaterial.uasset" 3307
"../../../Engine/Content/Functions/Engine_MaterialFunctions02/Utility/MakeFloat2.uasset" 3308
"../../../Engine/Content/Functions/Engine_MaterialFunctions02/Utility/MakeFloat3.uasset" 3309
"../../../Engine/Content/EngineMaterials/HairColorMap.uasset" 3310
"../../../Engine/Content/EngineMaterials/HairDebugColor.uasset" 3311
"../../Plugins/Runtime/HairStrands/Content/Materials/HairGroupColors.uasset" 3312
"/HairStrands/Materials/HairDefaultMaterial" 3313
"../../Plugins/Runtime/HairStrands/Content/Materials/HairDefaultMaterial.uasset" 3314
"/HairStrands/Materials/HairCardsDefaultMaterial" 3315
"../../Plugins/Runtime/HairStrands/Content/Materials/HairCardsDefaultMaterial.uasset" 3316
"/HairStrands/Materials/HairMeshesDefaultMaterial" 3317
"../../Plugins/Runtime/HairStrands/Content/Materials/HairMeshesDefaultMaterial.uasset" 3318
"/Engine/EngineMaterials/Widget3DPassThrough_Translucent" 3319
"../../../Engine/Content/EngineMaterials/Widget3DPassThrough_Translucent.uasset" 3320
"../../../Engine/Content/EngineMaterials/Widget3DPassThrough.uasset" 3321
"/Engine/EngineMaterials/Widget3DPassThrough_Translucent_OneSided" 3322
"../../../Engine/Content/EngineMaterials/Widget3DPassThrough_Translucent_OneSided.uasset" 3323
"/Engine/EngineMaterials/Widget3DPassThrough_Opaque" 3324
"../../../Engine/Content/EngineMaterials/Widget3DPassThrough_Opaque.uasset" 3325
"/Engine/EngineMaterials/Widget3DPassThrough_Opaque_OneSided" 3326
"../../../Engine/Content/EngineMaterials/Widget3DPassThrough_Opaque_OneSided.uasset" 3327
"/Engine/EngineMaterials/Widget3DPassThrough_Masked" 3328
"../../../Engine/Content/EngineMaterials/Widget3DPassThrough_Masked.uasset" 3329
"/Engine/EngineMaterials/Widget3DPassThrough_Masked_OneSided" 3330
"../../../Engine/Content/EngineMaterials/Widget3DPassThrough_Masked_OneSided.uasset" 3331
"/Engine/VREditor/ViewportInteractionAssetContainerData" 3332
"../../../Engine/Content/VREditor/ViewportInteractionAssetContainerData.uasset" 3333
"../../../Engine/Content/VREditor/SnapGrid/SnapGridMaterial.uasset" 3334
"../../../Engine/Content/VREditor/TransformGizmo/TransformGizmoMaterial_Inst.uasset" 3335
"../../../Engine/Content/VREditor/TransformGizmo/TranslucentTransformGizmoMaterial_Inst.uasset" 3336
"../../../Engine/Content/VREditor/SnapGrid/SnapGridPlaneMesh.uasset" 3337
"../../../Engine/Content/VREditor/Sounds/UI/Drop_Item_From_ContentBrowser.uasset" 3338
"../../../Engine/Content/VREditor/Sounds/UI/Gizmo_Handle_Clicked.uasset" 3339
"../../../Engine/Content/VREditor/Sounds/UI/Object_PickUp.uasset" 3340
"../../../Engine/Content/VREditor/Sounds/UI/Object_Snaps_To_Another_Actor.uasset" 3341
"../../../Engine/Content/VREditor/Sounds/UI/Object_Snaps_To_Grid.uasset" 3342
"../../../Engine/Content/VREditor/Sounds/UI/Scaling_Down.uasset" 3343
"../../../Engine/Content/VREditor/Sounds/UI/Scaling_Up.uasset" 3344
"../../../Engine/Content/VREditor/Sounds/UI/Selection_Changes.uasset" 3345
"../../../Engine/Content/VREditor/TransformGizmo/PlaneTranslationHandle.uasset" 3346
"../../../Engine/Content/VREditor/TransformGizmo/RotationHandleFull.uasset" 3347
"../../../Engine/Content/VREditor/TransformGizmo/RotationHandleIndicator.uasset" 3348
"../../../Engine/Content/VREditor/TransformGizmo/RotationHandleQuarter.uasset" 3349
"../../../Engine/Content/VREditor/TransformGizmo/StartRotationHandleIndicator.uasset" 3350
"../../../Engine/Content/VREditor/TransformGizmo/TransformGizmoFreeRotation.uasset" 3351
"../../../Engine/Content/VREditor/TransformGizmo/TranslateArrowHandle.uasset" 3352
"../../../Engine/Content/VREditor/TransformGizmo/UniformScaleHandle.uasset" 3353
"../../../Engine/Content/Functions/Engine_MaterialFunctions02/Math/Transform3x3Matrix.uasset" 3354
"../../../Engine/Content/Functions/Engine_MaterialFunctions02/SplitComponents.uasset" 3355
"../../../Engine/Content/VREditor/TransformGizmo/TransformGizmoMaterial.uasset" 3356
"../../../Engine/Content/VREditor/TransformGizmo/TranslucentTransformGizmoMaterial.uasset" 3357
"../../../Engine/Content/Functions/Engine_MaterialFunctions02/Utility/BreakOutFloat3Components.uasset" 3358
"../../../Engine/Content/VREditor/LaserPointer/VR_LaserPower_01.uasset" 3359
"/Engine/VREditor/TransformGizmo/BoundingBoxCorner" 3360
"../../../Engine/Content/VREditor/TransformGizmo/BoundingBoxCorner.uasset" 3361
"/Engine/VREditor/TransformGizmo/BoundingBoxEdge" 3362
"../../../Engine/Content/VREditor/TransformGizmo/BoundingBoxEdge.uasset" 3363
"/Engine/ArtTools/RenderToTexture/Meshes/S_1_Unit_Plane" 3364
"../../../Engine/Content/ArtTools/RenderToTexture/Meshes/S_1_Unit_Plane.uasset" 3365
"/Engine/EngineDebugMaterials/M_SimpleUnlitTranslucent" 3366
"../../../Engine/Content/EngineDebugMaterials/M_SimpleUnlitTranslucent.uasset" 3367
"/Engine/EngineFonts/Roboto" 3368
"../../../Engine/Content/EngineFonts/Roboto.uasset" 3369
"../../../Engine/Content/EngineFonts/Faces/DroidSansFallback.uasset" 3370
"../../../Engine/Content/EngineFonts/Faces/RobotoBold.uasset" 3371
"../../../Engine/Content/EngineFonts/Faces/RobotoBoldItalic.uasset" 3372
"../../../Engine/Content/EngineFonts/Faces/RobotoItalic.uasset" 3373
"../../../Engine/Content/EngineFonts/Faces/RobotoLight.uasset" 3374
"../../../Engine/Content/EngineFonts/Faces/RobotoRegular.uasset" 3375
"/Engine/EditorMaterials/ParticleSystems/PSysThumbnail_NoImage" 3376
"../../../Engine/Content/EditorMaterials/ParticleSystems/PSysThumbnail_NoImage.uasset" 3377
"/Engine/EditorMaterials/ParticleSystems/PSysThumbnail_OOD" 3378
"../../../Engine/Content/EditorMaterials/ParticleSystems/PSysThumbnail_OOD.uasset" 3379
"/Engine/EngineResources/LandscapeVisibilityLayerInfo" 3380
"../../../Engine/Content/EngineResources/LandscapeVisibilityLayerInfo.uasset" 3381
"../../../../../../Users/Ali imran/Documents/GitHub/SpaceRatTestBP/Intermediate/ShaderAutogen/PCD3D_SM5/AutogenShaderHeaders.ush" 3382
"../../../Engine/Content/Internationalization/icudt64l/coll/en.res" 3383
"/ACLPlugin/ACLAnimBoneCompressionSettings" 3384
"../../Plugins/Animation/ACLPlugin/Content/ACLAnimBoneCompressionSettings.uasset" 3385
"/Engine/Animation/DefaultRecorderBoneCompression" 3386
"../../../Engine/Content/Animation/DefaultRecorderBoneCompression.uasset" 3387
"/ACLPlugin/ACLAnimCurveCompressionSettings" 3388
"../../Plugins/Animation/ACLPlugin/Content/ACLAnimCurveCompressionSettings.uasset" 3389
"/Engine/Animation/DefaultVariableFrameStrippingSettings" 3390
"../../../Engine/Content/Animation/DefaultVariableFrameStrippingSettings.uasset" 3391
"/ControlRig/Controls/ControlRigXRayMaterial" 3392
"../../Plugins/Animation/ControlRig/Content/Controls/ControlRigXRayMaterial.uasset" 3393
"/ControlRig/Controls/DefaultGizmoLibraryNormalized" 3394
"../../Plugins/Animation/ControlRig/Content/Controls/DefaultGizmoLibraryNormalized.uasset" 3395
"/AudioWidgets/Resources/ScrubHandleDown_Clamped" 3396
"../../Plugins/Runtime/AudioWidgets/Content/Resources/ScrubHandleDown_Clamped.uasset" 3397
"/Paper2D/MaskedUnlitSpriteMaterial" 3398
"../../Plugins/2D/Paper2D/Content/MaskedUnlitSpriteMaterial.uasset" 3399
"../../Plugins/2D/Paper2D/Content/DefaultSpriteMaterial.uasset" 3400
"../../Plugins/2D/Paper2D/Content/PlaceholderTextures/DummySpriteTexture.uasset" 3401
"/Paper2D/OpaqueUnlitSpriteMaterial" 3402
"../../Plugins/2D/Paper2D/Content/OpaqueUnlitSpriteMaterial.uasset" 3403
"/Paper2D/DefaultPaperTerrainMaterial" 3404
"../../Plugins/2D/Paper2D/Content/DefaultPaperTerrainMaterial.uasset" 3405
"../../Plugins/2D/Paper2D/Content/DummySprite.uasset" 3406
"/ControlRig/M_Manip" 3407
"../../Plugins/Animation/ControlRig/Content/M_Manip.uasset" 3408
"../../../Engine/Content/Functions/Engine_MaterialFunctions02/WorldPositionOffset/CameraOffset.uasset" 3409
"../../../Engine/Config/BaseUnrealInsightsSettings.ini" 3410
"/MediaPlate/SM_MediaPlateScreen" 3411
"../../Plugins/Media/MediaPlate/Content/SM_MediaPlateScreen.uasset" 3412
"/SpeedTreeImporter/SpeedTree9/SpeedTreeMaster" 3413
"../../Plugins/Editor/SpeedTreeImporter/Content/SpeedTree9/SpeedTreeMaster.uasset" 3414
"../../../Engine/Content/Functions/Engine_MaterialFunctions02/ObjectLocalBounds.uasset" 3415
"../../../Engine/Content/Functions/Engine_MaterialFunctions02/SafeNormalize.uasset" 3416
"../../../Engine/Content/Functions/Engine_MaterialFunctions02/Utility/VectorLength.uasset" 3417
"../../../Engine/Content/Functions/Engine_MaterialFunctions02/UVs/BoundingBoxBased_0-1_UVW.uasset" 3418
"../../../Engine/Content/Functions/Engine_MaterialFunctions02/WorldPositionOffset/ObjectScale.uasset" 3419
"../../Plugins/Editor/SpeedTreeImporter/Content/SpeedTree9/SpeedTreeBranchMotion.uasset" 3420
"../../Plugins/Editor/SpeedTreeImporter/Content/SpeedTree9/SpeedTreeCameraFacing.uasset" 3421
"../../Plugins/Editor/SpeedTreeImporter/Content/SpeedTree9/SpeedTreeWind.uasset" 3422
"../../Plugins/Editor/SpeedTreeImporter/Content/SpeedTree9/SpeedTreeWindMotion.uasset" 3423
"../../Plugins/Editor/SpeedTreeImporter/Content/SpeedTree9/UnpackDirection.uasset" 3424
"../../Plugins/Editor/SpeedTreeImporter/Content/SpeedTree9/UnpackInteger3.uasset" 3425
"../../Plugins/Editor/SpeedTreeImporter/Content/SpeedTree9/Empty.uasset" 3426
"../../Plugins/Editor/SpeedTreeImporter/Content/SpeedTree9/EmptyNormal.uasset" 3427
"../../Plugins/Editor/SpeedTreeImporter/Content/SpeedTree9/game_wind_noise.uasset" 3428
"/SpeedTreeImporter/SpeedTree9/SpeedTreeBillboardMaster" 3429
"../../Plugins/Editor/SpeedTreeImporter/Content/SpeedTree9/SpeedTreeBillboardMaster.uasset" 3430
"../../Plugins/Editor/SpeedTreeImporter/Content/SpeedTree9/SpeedTreeBillboard.uasset" 3431
"/Engine/BasicShapes/BasicShapeMaterial" 3432
"../../../Engine/Content/BasicShapes/BasicShapeMaterial.uasset" 3433
"/Engine/EditorMaterials/Dataflow/DataflowVertexMaterial" 3434
"../../../Engine/Content/EditorMaterials/Dataflow/DataflowVertexMaterial.uasset" 3435
"/Engine/EditorMaterials/Dataflow/DataflowTwoSidedVertexMaterial" 3436
"../../../Engine/Content/EditorMaterials/Dataflow/DataflowTwoSidedVertexMaterial.uasset" 3437
"/MeshModelingToolsetExp/Materials/PointSetOverlaidComponentMaterial" 3438
"../../Plugins/Experimental/MeshModelingToolsetExp/Content/Materials/PointSetOverlaidComponentMaterial.uasset" 3439
"../../../Engine/Content/Functions/Engine_MaterialFunctions02/Utility/FOV.uasset" 3440
"../../../Engine/Content/Functions/Engine_MaterialFunctions02/WorldPositionOffset/V2/ObjectScale.uasset" 3441
"../../../Engine/Content/Functions/Engine_MaterialFunctions03/Viewport/MF_OrthoWidth.uasset" 3442
"../../Plugins/Experimental/MeshModelingToolsetExp/Content/Materials/GetDisplacementVectorForDepthBias.uasset" 3443
"/Engine/EditorLandscapeResources/LayerVisMaterial" 3444
"../../../Engine/Content/EditorLandscapeResources/LayerVisMaterial.uasset" 3445
"../../../Engine/Content/EditorLandscapeResources/WhiteSquareTexture.uasset" 3446
"/Engine/EditorLandscapeResources/SelectBrushMaterial_Selected" 3447
"../../../Engine/Content/EditorLandscapeResources/SelectBrushMaterial_Selected.uasset" 3448
"../../../Engine/Content/EditorLandscapeResources/SelectBrushMaterial.uasset" 3449
"../../../Engine/Content/Functions/Engine_MaterialFunctions03/Math/WithinRangeFloat2.uasset" 3450
"../../../Engine/Content/EditorLandscapeResources/DefaultAlphaTexture.uasset" 3451
"/Engine/EditorLandscapeResources/SelectBrushMaterial_SelectedRegion" 3452
"../../../Engine/Content/EditorLandscapeResources/SelectBrushMaterial_SelectedRegion.uasset" 3453
"/Engine/EditorLandscapeResources/MaskBrushMaterial_MaskedRegion" 3454
"../../../Engine/Content/EditorLandscapeResources/MaskBrushMaterial_MaskedRegion.uasset" 3455
"../../../Engine/Content/EditorLandscapeResources/MaskBrushMaterial.uasset" 3456
"/Engine/EditorLandscapeResources/ColorMaskBrushMaterial_MaskedRegion" 3457
"../../../Engine/Content/EditorLandscapeResources/ColorMaskBrushMaterial_MaskedRegion.uasset" 3458
"../../../Engine/Content/EditorLandscapeResources/ColorMaskBrushMaterial.uasset" 3459
"/Engine/EditorLandscapeResources/LandscapeDirtyMaterial" 3460
"../../../Engine/Content/EditorLandscapeResources/LandscapeDirtyMaterial.uasset" 3461
"/Engine/EditorLandscapeResources/LandscapeLayerUsageMaterial" 3462
"../../../Engine/Content/EditorLandscapeResources/LandscapeLayerUsageMaterial.uasset" 3463
"../../../Engine/Content/Functions/Engine_MaterialFunctions01/Debug/DebugIntValues.uasset" 3464
"../../../Engine/Content/Functions/Engine_MaterialFunctions01/Texturing/ScaleUVsByCenter.uasset" 3465
"../../../Engine/Content/Functions/Engine_MaterialFunctions02/WorldPositionOffset/LocalPosition.uasset" 3466
"../../../Engine/Content/Functions/Engine_MaterialFunctions01/Texturing/TextureCropping.uasset" 3467
"../../../Engine/Content/Functions/Engine_MaterialFunctions02/ExampleContent/DebugNumberStrip.uasset" 3468
"C:/Users/Ali imran/AppData/Local/UnrealEngine/Editor/UInteractiveToolsPresetCollectionAsset_DefaultCollection.json" 3469
"/Engine/EngineMaterials/NaniteHiddenSectionMaterial" 3470
"../../../Engine/Content/EngineMaterials/NaniteHiddenSectionMaterial.uasset" 3471
"/Engine/EngineMaterials/RemoveSurfaceMaterial" 3472
"../../../Engine/Content/EngineMaterials/RemoveSurfaceMaterial.uasset" 3473
"/Engine/EngineDebugMaterials/DebugMeshMaterial" 3474
"../../../Engine/Content/EngineDebugMaterials/DebugMeshMaterial.uasset" 3475
"/Engine/EngineMaterials/EmissiveMeshMaterial" 3476
"../../../Engine/Content/EngineMaterials/EmissiveMeshMaterial.uasset" 3477
"../../../Engine/Content/EngineMaterials/DefaultWhiteGrid_Low.uasset" 3478
"/Engine/EngineMaterials/M_InvalidLightmapSettings" 3479
"../../../Engine/Content/EngineMaterials/M_InvalidLightmapSettings.uasset" 3480
"../../../Engine/Content/EngineMaterials/InvalidLightmapSettings.uasset" 3481
"/Engine/EngineMaterials/GizmoMaterial" 3482
"../../../Engine/Content/EngineMaterials/GizmoMaterial.uasset" 3483
"/Engine/EngineMaterials/PhAT_JointLimitMaterial" 3484
"../../../Engine/Content/EngineMaterials/PhAT_JointLimitMaterial.uasset" 3485
"/Engine/EngineMaterials/FlattenMaterial" 3486
"../../../Engine/Content/EngineMaterials/FlattenMaterial.uasset" 3487
"../../../Engine/Content/EngineMaterials/BaseFlattenDiffuseMap.uasset" 3488
"../../../Engine/Content/EngineMaterials/BaseFlattenEmissiveMap.uasset" 3489
"../../../Engine/Content/EngineMaterials/BaseFlattenGrayscaleMap.uasset" 3490
"../../../Engine/Content/EngineMaterials/BaseFlattenLinearColor.uasset" 3491
"../../../Engine/Content/EngineMaterials/BaseFlattenNormalMap.uasset" 3492
"../../../Engine/Content/Functions/Engine_MaterialFunctions02/PivotPainter2/Black_1x1_EXR_Texture.uasset" 3493
"/Engine/EngineMaterials/FlattenMaterial_VT" 3494
"../../../Engine/Content/EngineMaterials/FlattenMaterial_VT.uasset" 3495
"../../../Engine/Content/EngineMaterials/BaseFlattenDiffuseMap_VT.uasset" 3496
"../../../Engine/Content/EngineMaterials/BaseFlattenEmissiveMap_VT.uasset" 3497
"../../../Engine/Content/EngineMaterials/BaseFlattenGrayscaleMap_VT.uasset" 3498
"../../../Engine/Content/EngineMaterials/BaseFlattenLinearColor_VT.uasset" 3499
"../../../Engine/Content/EngineMaterials/BaseFlattenNormalMap_VT.uasset" 3500
"../../../Engine/Content/EngineMaterials/Black_1x1_EXR_Texture_VT.uasset" 3501
"/Engine/EngineMaterials/FlattenMaterial_WS_Normal_VT" 3502
"../../../Engine/Content/EngineMaterials/FlattenMaterial_WS_Normal_VT.uasset" 3503
"/Engine/EngineMaterials/Good64x64TilingNoiseHighFreq" 3504
"../../../Engine/Content/EngineMaterials/Good64x64TilingNoiseHighFreq.uasset" 3505
"/Engine/EngineMaterials/DefaultBokeh" 3506
"../../../Engine/Content/EngineMaterials/DefaultBokeh.uasset" 3507
"/Engine/EngineMaterials/MiniFont" 3508
"../../../Engine/Content/EngineMaterials/MiniFont.uasset" 3509
"/Engine/EngineMaterials/WeightMapPlaceholderTexture" 3510
"../../../Engine/Content/EngineMaterials/WeightMapPlaceholderTexture.uasset" 3511
"/Engine/EngineMaterials/WeightMapArrayPlaceholderTexture" 3512
"../../../Engine/Content/EngineMaterials/WeightMapArrayPlaceholderTexture.uasset" 3513
"/Engine/EngineMaterials/DefaultWhiteGrid" 3514
"../../../Engine/Content/EngineMaterials/DefaultWhiteGrid.uasset" 3515
"/Engine/EngineMaterials/PreintegratedSkinBRDF" 3516
"../../../Engine/Content/EngineMaterials/PreintegratedSkinBRDF.uasset" 3517
"/Engine/EngineMaterials/LTC/GGX_LTCAmp" 3518
"../../../Engine/Content/EngineMaterials/LTC/GGX_LTCAmp.uasset" 3519
"/Engine/EngineMaterials/LTC/GGX_LTCMat" 3520
"../../../Engine/Content/EngineMaterials/LTC/GGX_LTCMat.uasset" 3521
"/Engine/EngineMaterials/LTC/Sheen_LTC" 3522
"../../../Engine/Content/EngineMaterials/LTC/Sheen_LTC.uasset" 3523
"/Engine/EngineMaterials/EnergyConservation/GGX_ReflectionEnergy" 3524
"../../../Engine/Content/EngineMaterials/EnergyConservation/GGX_ReflectionEnergy.uasset" 3525
"/Engine/EngineMaterials/EnergyConservation/GGX_TransmissionEnergyArray" 3526
"../../../Engine/Content/EngineMaterials/EnergyConservation/GGX_TransmissionEnergyArray.uasset" 3527
"/Engine/EngineMaterials/EnergyConservation/Sheen_Energy" 3528
"../../../Engine/Content/EngineMaterials/EnergyConservation/Sheen_Energy.uasset" 3529
"/Engine/EngineMaterials/EnergyConservation/Diffuse_Energy" 3530
"../../../Engine/Content/EngineMaterials/EnergyConservation/Diffuse_Energy.uasset" 3531
"/Engine/EngineMaterials/DefaultPhysicalMaterial" 3532
"../../../Engine/Content/EngineMaterials/DefaultPhysicalMaterial.uasset" 3533
"/Engine/EngineMaterials/DefaultDestructiblePhysicalMaterial" 3534
"../../../Engine/Content/EngineMaterials/DefaultDestructiblePhysicalMaterial.uasset" 3535
"/Niagara/ParameterDefinitions/CoreParameters" 3536
"../../Plugins/FX/Niagara/Content/ParameterDefinitions/CoreParameters.uasset" 3537
"/Niagara/ParameterDefinitions/DecalRenderer" 3538
"../../Plugins/FX/Niagara/Content/ParameterDefinitions/DecalRenderer.uasset" 3539
"/Niagara/ParameterDefinitions/LightRenderer" 3540
"../../Plugins/FX/Niagara/Content/ParameterDefinitions/LightRenderer.uasset" 3541
"/Niagara/ParameterDefinitions/MeshRenderer" 3542
"../../Plugins/FX/Niagara/Content/ParameterDefinitions/MeshRenderer.uasset" 3543
"/Niagara/ParameterDefinitions/RibbonRenderer" 3544
"../../Plugins/FX/Niagara/Content/ParameterDefinitions/RibbonRenderer.uasset" 3545
"/Niagara/ParameterDefinitions/SpriteRenderer" 3546
"../../Plugins/FX/Niagara/Content/ParameterDefinitions/SpriteRenderer.uasset" 3547
"/DeformerGraph/Deformers/DG_LinearBlendSkin_Morph_Cloth" 3548
"../../Plugins/Animation/DeformerGraph/Content/Deformers/DG_LinearBlendSkin_Morph_Cloth.uasset" 3549
"../../Plugins/Animation/DeformerGraph/Content/DeformerFunctions/DG_Function_LinearBlendSkin_Morph_Cloth.uasset" 3550
"/DeformerGraph/Deformers/DG_LinearBlendSkin_Morph_Cloth_RecomputeNormals" 3551
"../../Plugins/Animation/DeformerGraph/Content/Deformers/DG_LinearBlendSkin_Morph_Cloth_RecomputeNormals.uasset" 3552
"../../Plugins/Animation/DeformerGraph/Content/DeformerFunctions/DG_Function_ComputeNormalsTangents.uasset" 3553
"../../Plugins/Animation/DeformerGraph/Content/DeformerFunctions/DG_Function_LinearBlendSkin_Morph_Cloth_PositionOnly.uasset" 3554
"/Engine/BasicShapes/Cube" 3555
"../../../Engine/Content/BasicShapes/Cube.uasset" 3556
"/Engine/BasicShapes/Sphere" 3557
"../../../Engine/Content/BasicShapes/Sphere.uasset" 3558
"../../../Engine/Content/EngineMaterials/DefaultMaterial.uasset" 3559
"/Engine/BasicShapes/Cylinder" 3560
"../../../Engine/Content/BasicShapes/Cylinder.uasset" 3561
"/Engine/BasicShapes/Cone" 3562
"../../../Engine/Content/BasicShapes/Cone.uasset" 3563
"/Engine/BasicShapes/Plane" 3564
"../../../Engine/Content/BasicShapes/Plane.uasset" 3565
"/Engine/EditorResources/SequenceRecorder/Countdown" 3566
"../../../Engine/Content/EditorResources/SequenceRecorder/Countdown.uasset" 3567
"/Engine/EditorResources/SequenceRecorder/RecordingIndicator" 3568
"../../../Engine/Content/EditorResources/SequenceRecorder/RecordingIndicator.uasset" 3569
"/Engine/EditorMaterials/PhAT_UnselectedMaterial" 3570
"../../../Engine/Content/EditorMaterials/PhAT_UnselectedMaterial.uasset" 3571
"/Engine/EditorMaterials/PhAT_NoCollisionMaterial" 3572
"../../../Engine/Content/EditorMaterials/PhAT_NoCollisionMaterial.uasset" 3573
"../../../Engine/Documentation/Source/Shared/Types/ABrush/ABrush.INT.udn" 3574
"../../../Engine/Content/Internationalization/icudt64l/brkitr/root.res" 3575
"../../../Engine/Content/Internationalization/icudt64l/brkitr/char.brk" 3576
"../../../Engine/Content/Internationalization/icudt64l/brkitr/word.brk" 3577
"/Engine/EditorResources/S_Terrain" 3578
"../../../Engine/Content/EditorResources/S_Terrain.uasset" 3579
"../../../Engine/Plugins/FX/Niagara/Shaders/Private/NiagaraDataInterfaceTexture2DArrayTemplate.ush" 3580
"../../../Engine/Plugins/FX/Niagara/Shaders/Private/NiagaraDataInterfaceActorComponentTemplate.ush" 3581
"../../../Engine/Plugins/FX/Niagara/Shaders/Private/NiagaraDataInterfaceArrayTemplate.ush" 3582
"../../../Engine/Plugins/FX/Niagara/Shaders/Private/NiagaraDataInterfaceArrayRWTemplate.ush" 3583
"../../../Engine/Plugins/FX/Niagara/Shaders/Private/NiagaraDataInterfaceArrayDistributionIntTemplate.ush" 3584
"../../../Engine/Plugins/FX/Niagara/Shaders/Private/NiagaraDataInterfaceAsyncGpuTrace.ush" 3585
"../../../Engine/Plugins/FX/Niagara/Shaders/Private/NiagaraDataInterfaceAsyncGpuTraceTemplate.ush" 3586
"../../../Engine/Plugins/FX/Niagara/Shaders/Private/NiagaraDataInterfaceCamera.ush" 3587
"../../../Engine/Plugins/Experimental/ChaosNiagara/Shaders/NiagaraDataInterfaceChaosDestruction.ush" 3588
"../../../Engine/Plugins/FX/Niagara/Shaders/Private/NiagaraDataInterfaceCollisionQuery.ush" 3589
"C:/Users/Ali imran/Documents/GitHub/SpaceRatTestBP/Intermediate/ShaderAutogen/PCD3D_SM5/AutogenShaderHeaders.ush" 3590
"../../../Engine/Plugins/FX/Niagara/Shaders/Private/NiagaraDataInterfaceCollisionQueryTemplate.ush" 3591
"../../../Engine/Plugins/FX/Niagara/Shaders/Private/NiagaraDataInterfaceCurveTemplate.ush" 3592
"../../../Engine/Plugins/FX/Niagara/Shaders/Private/NiagaraDataInterfaceCubeTextureTemplate.ush" 3593
"../../../Engine/Plugins/FX/Niagara/Shaders/Private/DataChannel/NiagaraDataInterfaceDataChannelCommon.ush" 3594
"../../../Engine/Plugins/FX/Niagara/Shaders/Private/DataChannel/NiagaraDataInterfaceDataChannelTemplateCommon.ush" 3595
"../../../Engine/Plugins/FX/Niagara/Shaders/Private/DataChannel/NiagaraDataInterfaceDataChannelTemplateReadCommon.ush" 3596
"../../../Engine/Plugins/FX/Niagara/Shaders/Private/DataChannel/NiagaraDataInterfaceDataChannelTemplate_Read.ush" 3597
"../../../Engine/Plugins/FX/Niagara/Shaders/Private/DataChannel/NiagaraDataInterfaceDataChannelTemplate_Consume.ush" 3598
"../../../Engine/Plugins/FX/Niagara/Shaders/Private/DataChannel/NiagaraDataInterfaceDataChannelTemplateWriteCommon.ush" 3599
"../../../Engine/Plugins/FX/Niagara/Shaders/Private/DataChannel/NiagaraDataInterfaceDataChannelTemplate_Append.ush" 3600
"../../../Engine/Plugins/FX/Niagara/Shaders/Private/NiagaraDataInterfaceDataTableTemplate.ush" 3601
"../../../Engine/Plugins/FX/Niagara/Shaders/Private/NiagaraDataInterfaceDebugDraw.ush" 3602
"../../../Engine/Plugins/FX/Niagara/Shaders/Private/NiagaraDataInterfaceDebugDrawTemplate.ush" 3603
"../../../Engine/Plugins/FX/Niagara/Shaders/Private/NiagaraDataInterfaceDynamicMeshTemplate.ush" 3604
"../../../Engine/Plugins/FX/Niagara/Shaders/Private/NiagaraDataInterfaceEmitterPropertiesTemplate.ush" 3605
"../../../Engine/Plugins/FX/Niagara/Shaders/Private/NiagaraDataInterfaceExportTemplate.ush" 3606
"../../../Engine/Plugins/FX/Niagara/Shaders/Private/NiagaraDataInterfaceGBufferTemplate.ush" 3607
"../../../Engine/Plugins/Experimental/ChaosNiagara/Shaders/NiagaraDataInterfaceGeometryCollection.ush" 3608
"../../../Engine/Plugins/FX/Niagara/Shaders/Private/NiagaraTransformUtils.ush" 3609
"../../../Engine/Plugins/Runtime/HairStrands/Shaders/Private/NiagaraStrandsExternalForce.ush" 3610
"../../../Engine/Plugins/Runtime/HairStrands/Shaders/Private/NiagaraHookeSpringMaterial.ush" 3611
"../../../Engine/Plugins/Runtime/HairStrands/Shaders/Private/NiagaraAngularSpringMaterial.ush" 3612
"../../../Engine/Plugins/Runtime/HairStrands/Shaders/Private/NiagaraConstantVolumeMaterial.ush" 3613
"../../../Engine/Plugins/Runtime/HairStrands/Shaders/Private/NiagaraCosseratRodMaterial.ush" 3614
"../../../Engine/Plugins/Runtime/HairStrands/Shaders/Private/NiagaraStaticCollisionConstraint.ush" 3615
"../../../Engine/Plugins/Runtime/HairStrands/Shaders/Private/NiagaraDataInterfaceHairStrands.ush" 3616
"../../../Engine/Plugins/Runtime/HairStrands/Shaders/Private/NiagaraDataInterfaceHairStrandsTemplate.ush" 3617
"../../../Engine/Plugins/FX/Niagara/Shaders/Private/NiagaraDataInterfaceIntRenderTarget2D.ush" 3618
"../../../Engine/Plugins/FX/Niagara/Shaders/Private/NiagaraDataInterfaceLandscape.ush" 3619
"../../../Engine/Plugins/FX/Niagara/Shaders/Private/NiagaraDataInterfaceMemoryBufferTemplate.ush" 3620
"../../../Engine/Plugins/FX/Niagara/Shaders/Private/NiagaraDataInterfaceMeshRendererInfoTemplate.ush" 3621
"../../../Engine/Plugins/FX/Niagara/Shaders/Private/NiagaraDataInterfaceOcclusion.ush" 3622
"../../../Engine/Plugins/FX/Niagara/Shaders/Private/NiagaraDataInterfacePhysicsAsset.ush" 3623
"../../../Engine/Plugins/Experimental/ChaosNiagara/Shaders/NiagaraDataInterfacePhysicsField.ush" 3624
"../../../Engine/Plugins/FX/Niagara/Shaders/Private/NiagaraDataInterfacePlatformSetTemplate.ush" 3625
"../../../Engine/Plugins/Runtime/HairStrands/Shaders/Private/NiagaraDataInterfaceVelocityGrid.ush" 3626
"../../../Engine/Plugins/Runtime/HairStrands/Shaders/Private/NiagaraDataInterfaceVelocityGridTemplate.ush" 3627
"../../../Engine/Plugins/Runtime/HairStrands/Shaders/Private/NiagaraDataInterfacePressureGrid.ush" 3628
"../../../Engine/Plugins/Runtime/HairStrands/Shaders/Private/NiagaraDataInterfacePressureGridTemplate.ush" 3629
"../../../Engine/Plugins/FX/Niagara/Shaders/Private/NiagaraDataInterfaceRenderTarget2DTemplate.ush" 3630
"../../../Engine/Plugins/FX/Niagara/Shaders/Private/NiagaraDataInterfaceRenderTarget2DArrayTemplate.ush" 3631
"../../../Engine/Plugins/FX/Niagara/Shaders/Private/NiagaraDataInterfaceRenderTargetCubeTemplate.ush" 3632
"../../../Engine/Plugins/FX/Niagara/Shaders/Private/NiagaraDataInterfaceRenderTargetVolumeTemplate.ush" 3633
"../../../Engine/Plugins/FX/Niagara/Shaders/Private/NiagaraDataInterfaceRigidMeshCollisionQuery.ush" 3634
"../../../Engine/Plugins/FX/Niagara/Shaders/Private/NiagaraDistanceFieldQueries.ush" 3635
"../../../Engine/Plugins/FX/Niagara/Shaders/Private/NiagaraDataInterfaceSceneCapture2DTemplate.ush" 3636
"../../../Engine/Plugins/FX/Niagara/Shaders/Private/NiagaraDataInterfaceSimCacheReaderTemplate.ush" 3637
"../../../Engine/Plugins/FX/Niagara/Shaders/Private/NiagaraDataInterfaceSimpleCounterTemplate.ush" 3638
"../../../Engine/Plugins/FX/Niagara/Shaders/Private/NiagaraDataInterfaceSkeletalMesh.ush" 3639
"../../../Engine/Plugins/FX/Niagara/Shaders/Private/NiagaraBaryCentricUtils.ush" 3640
"../../../Engine/Plugins/FX/Niagara/Shaders/Private/NiagaraDataInterfaceSkeletalMeshTemplate.ush" 3641
"../../../Engine/Plugins/FX/Niagara/Shaders/Private/NiagaraDataInterfaceSocketReaderTemplate.ush" 3642
"../../../Engine/Plugins/FX/Niagara/Shaders/Private/NiagaraDataInterfaceSparseVolumeTextureTemplate.ush" 3643
"../../../Engine/Plugins/FX/Niagara/Shaders/Private/NiagaraDataInterfaceSplineTemplate.ush" 3644
"../../../Engine/Plugins/FX/Niagara/Shaders/Private/NiagaraDataInterfaceSpriteRendererInfoTemplate.ush" 3645
"../../../Engine/Plugins/FX/Niagara/Shaders/Private/NiagaraDataInterfaceStaticMeshTemplate.ush" 3646
"../../../Engine/Plugins/FX/Niagara/Shaders/Private/NiagaraDataInterfaceTextureTemplate.ush" 3647
"../../../Engine/Plugins/FX/Niagara/Shaders/Private/NiagaraDataInterfaceVirtualTexture.ush" 3648
"../../../Engine/Plugins/FX/Niagara/Shaders/Private/NiagaraDataInterfaceVirtualTextureTemplate.ush" 3649
"../../../Engine/Plugins/FX/Niagara/Shaders/Private/NiagaraDataInterfaceVirtualTextureSampleTemplate.ush" 3650
"../../../Engine/Plugins/FX/Niagara/Shaders/Private/NiagaraDataInterfaceVolumeCache.ush" 3651
"../../../Engine/Plugins/FX/Niagara/Shaders/Private/NiagaraDataInterfaceVolumeTextureTemplate.ush" 3652
"/Game/NiagaraExamples/FX_NDC/NDC_Footsteps" 3653
"../../../../../../Users/Ali imran/Documents/GitHub/SpaceRatTestBP/Content/NiagaraExamples/FX_NDC/NDC_Footsteps.uasset" 3654
"../../../../../../Users/Ali imran/Documents/GitHub/SpaceRatTestBP/Content/NiagaraExamples/FX_NDC/NS_NDC_Footsteps.uasset" 3655
"../../../../../../Users/Ali imran/Documents/GitHub/SpaceRatTestBP/Content/NiagaraExamples/FX_Footstep/Materials/M_Footprint_Decal.uasset" 3656
"../../../../../../Users/Ali imran/Documents/GitHub/SpaceRatTestBP/Content/NiagaraExamples/Materials/MI_SmokePuffLight_8x8.uasset" 3657
"../../../../../../Users/Ali imran/Documents/GitHub/SpaceRatTestBP/Content/NiagaraExamples/EffectTypes/NET_Gameplay_Looping.uasset" 3658
"../../Plugins/FX/Niagara/Content/DynamicInputs/Arrays/SelectFloatFromArray.uasset" 3659
"../../Plugins/FX/Niagara/Content/DynamicInputs/Bool/SetBoolByIntComparison.uasset" 3660
"../../Plugins/FX/Niagara/Content/DynamicInputs/Bool/v2/SetBoolByFloatComparison.uasset" 3661
"../../Plugins/FX/Niagara/Content/DynamicInputs/Clamp/ClampFloat.uasset" 3662
"../../Plugins/FX/Niagara/Content/DynamicInputs/Divide/Divide_Float.uasset" 3663
"../../Plugins/FX/Niagara/Content/DynamicInputs/Helpers/NormalizeVector.uasset" 3664
"../../Plugins/FX/Niagara/Content/DynamicInputs/Math/CalculateParticleRadius.uasset" 3665
"../../Plugins/FX/Niagara/Content/DynamicInputs/Multiply/Multiply_Float.uasset" 3666
"../../Plugins/FX/Niagara/Content/DynamicInputs/Multiply/Multiply_VectorByFloat.uasset" 3667
"../../Plugins/FX/Niagara/Content/DynamicInputs/Random/V2/RandomVector.uasset" 3668
"../../Plugins/FX/Niagara/Content/DynamicInputs/TypeConversions/MakeCustomFloatFromBool.uasset" 3669
"../../Plugins/FX/Niagara/Content/DynamicInputs/TypeConversions/MakeCustomVectorFromBool.uasset" 3670
"../../Plugins/FX/Niagara/Content/DynamicInputs/TypeConversions/VectorFromFloat.uasset" 3671
"../../Plugins/FX/Niagara/Content/DynamicInputs/TypeConversions/VectorLength.uasset" 3672
"../../Plugins/FX/Niagara/Content/DynamicInputs/UniformRange/V2/RandomRangeFloat.uasset" 3673
"../../Plugins/FX/Niagara/Content/DynamicInputs/UniformRange/V2/RandomRangeInt.uasset" 3674
"../../Plugins/FX/Niagara/Content/DynamicInputs/ValueFromCurve/FloatFromCurve.uasset" 3675
"../../Plugins/FX/Niagara/Content/Modules/Collision/Collision.uasset" 3676
"../../Plugins/FX/Niagara/Content/Modules/Decal/Decal_Attributes.uasset" 3677
"../../Plugins/FX/Niagara/Content/Modules/Emitter/EmitterState.uasset" 3678
"../../Plugins/FX/Niagara/Content/Modules/Solvers/SolveForcesAndVelocity.uasset" 3679
"../../Plugins/FX/Niagara/Content/Modules/Spawn/Initialization/V2/InitializeParticle.uasset" 3680
"../../Plugins/FX/Niagara/Content/Modules/Spawn/Location/V2/ShapeLocation.uasset" 3681
"../../Plugins/FX/Niagara/Content/Modules/Spawn/Orientation/V3/InitialMeshOrientation.uasset" 3682
"../../Plugins/FX/Niagara/Content/Modules/Spawn/Velocity/AddVelocity.uasset" 3683
"../../Plugins/FX/Niagara/Content/Modules/System/CompleteIfUnused.uasset" 3684
"../../Plugins/FX/Niagara/Content/Modules/System/SystemState.uasset" 3685
"../../Plugins/FX/Niagara/Content/Modules/Update/Camera/CameraOffset.uasset" 3686
"../../Plugins/FX/Niagara/Content/Modules/Update/Color/ScaleColor.uasset" 3687
"../../Plugins/FX/Niagara/Content/Modules/Update/Forces/Drag.uasset" 3688
"../../Plugins/FX/Niagara/Content/Modules/Update/Forces/GravityForce.uasset" 3689
"../../Plugins/FX/Niagara/Content/Modules/Update/Lifetime/ParticleState.uasset" 3690
"../../Plugins/FX/Niagara/Content/Modules/Update/Orientation/V3/UpdateMeshOrientation.uasset" 3691
"../../Plugins/FX/Niagara/Content/Modules/Update/Size/ScaleMeshSize.uasset" 3692
"../../Plugins/FX/Niagara/Content/Modules/Update/Size/ScaleSpriteSize.uasset" 3693
"../../Plugins/FX/Niagara/Content/Modules/Update/SubUV/V2/SubUVAnimation.uasset" 3694
"../../../../../../Users/Ali imran/Documents/GitHub/SpaceRatTestBP/Content/NiagaraExamples/StaticMesh/S_Concrete_Rubble_uc1iccejw.uasset" 3695
"../../../../../../Users/Ali imran/Documents/GitHub/SpaceRatTestBP/Content/NiagaraExamples/StaticMesh/S_Concrete_Rubble_uc1jagbjw.uasset" 3696
"../../../../../../Users/Ali imran/Documents/GitHub/SpaceRatTestBP/Content/NiagaraExamples/StaticMesh/S_Concrete_Rubble_uc1jagnjw.uasset" 3697
"../../Plugins/FX/Niagara/Content/Enums/Angles/ENiagara_AngleInput.uasset" 3698
"../../Plugins/FX/Niagara/Content/Enums/Collision/SceneDepthCollisionQueryMethod.uasset" 3699
"../../Plugins/FX/Niagara/Content/Enums/ENiagara_AttributeSamplingApplyOutput.uasset" 3700
"../../Plugins/FX/Niagara/Content/Enums/ENiagara_ColorInitializationMode.uasset" 3701
"../../Plugins/FX/Niagara/Content/Enums/ENiagara_CPUCollisionType.uasset" 3702
"../../Plugins/FX/Niagara/Content/Enums/ENiagara_EmitterStateOptions.uasset" 3703
"../../Plugins/FX/Niagara/Content/Enums/ENiagara_GPUCollisionType.uasset" 3704
"../../Plugins/FX/Niagara/Content/Enums/ENiagara_InfiniteLoopDuration.uasset" 3705
"../../Plugins/FX/Niagara/Content/Enums/ENiagara_LifetimeMode.uasset" 3706
"../../Plugins/FX/Niagara/Content/Enums/ENiagara_MassInitializationMode.uasset" 3707
"../../Plugins/FX/Niagara/Content/Enums/ENiagara_PositionInitializationMode.uasset" 3708
"../../Plugins/FX/Niagara/Content/Enums/ENiagara_SizeScaleMode.uasset" 3709
"../../Plugins/FX/Niagara/Content/Enums/ENiagara_SpriteRotationMode.uasset" 3710
"../../Plugins/FX/Niagara/Content/Enums/ENiagara_SubUVLookupModeV2.uasset" 3711
"../../Plugins/FX/Niagara/Content/Enums/ENiagara_UVFlippingMode.uasset" 3712
"../../Plugins/FX/Niagara/Content/Enums/ENiagara_WrapClamp.uasset" 3713
"../../Plugins/FX/Niagara/Content/Enums/ENiagaraArraySamplingMode.uasset" 3714
"../../Plugins/FX/Niagara/Content/Enums/ENiagaraBooleanLogicOps_v2.uasset" 3715
"../../Plugins/FX/Niagara/Content/Enums/ENiagaraCalculateRadiusOptions.uasset" 3716
"../../Plugins/FX/Niagara/Content/Enums/ENiagaraChannelCorrelation.uasset" 3717
"../../Plugins/FX/Niagara/Content/Enums/ENiagaraCollisionRadiusOptions.uasset" 3718
"../../Plugins/FX/Niagara/Content/Enums/ENiagaraEmitterLifeCycleMode.uasset" 3719
"../../Plugins/FX/Niagara/Content/Enums/ENiagaraEmitterScalabilityMode_Limited.uasset" 3720
"../../Plugins/FX/Niagara/Content/Enums/ENiagaraFrictionMergeType.uasset" 3721
"../../Plugins/FX/Niagara/Content/Enums/ENiagaraInactiveMode.uasset" 3722
"../../Plugins/FX/Niagara/Content/Enums/ENiagaraMeshOrSprite.uasset" 3723
"../../Plugins/FX/Niagara/Content/Enums/ENiagaraMeshTransforms.uasset" 3724
"../../Plugins/FX/Niagara/Content/Enums/ENiagaraRandomnessEvaluation.uasset" 3725
"../../Plugins/FX/Niagara/Content/Enums/ENiagaraRandomnessMode.uasset" 3726
"../../Plugins/FX/Niagara/Content/Enums/ENiagaraRestitutionMergeType.uasset" 3727
"../../Plugins/FX/Niagara/Content/Enums/ENiagaraScaleColorMode.uasset" 3728
"../../Plugins/FX/Niagara/Content/Enums/ENiagaraShapeTorusMode.uasset" 3729
"../../Plugins/FX/Niagara/Content/Enums/ENiagaraSphereDistributionMode.uasset" 3730
"../../Plugins/FX/Niagara/Content/Enums/ENiagaraSystemInactiveMode.uasset" 3731
"../../Plugins/FX/Niagara/Content/Enums/ENiagaraTorusDistributionMode.uasset" 3732
"../../Plugins/FX/Niagara/Content/Enums/Location/ENiagara_BoxPlaneMode.uasset" 3733
"../../Plugins/FX/Niagara/Content/Enums/Location/ENiagara_ConeMode.uasset" 3734
"../../Plugins/FX/Niagara/Content/Enums/Location/ENiagara_CylinderMode.uasset" 3735
"../../Plugins/FX/Niagara/Content/Enums/Location/ENiagara_LocationShapes.uasset" 3736
"../../Plugins/FX/Niagara/Content/Enums/Location/ENiagaraRingDiscMode.uasset" 3737
"../../Plugins/FX/Niagara/Content/Enums/Ribbons/ENiagara_UnsetDirectSet.uasset" 3738
"../../Plugins/FX/Niagara/Content/Enums/Ribbons/ENiagara_UnsetDirectSetRandom.uasset" 3739
"../../Plugins/FX/Niagara/Content/Enums/SpriteRenderer/ENiagara_AutomaticManual.uasset" 3740
"../../Plugins/FX/Niagara/Content/Enums/SpriteRenderer/ENiagara_FPSPlayrate.uasset" 3741
"../../Plugins/FX/Niagara/Content/Enums/SpriteRenderer/ENiagara_ScaleSpriteSize.uasset" 3742
"../../Plugins/FX/Niagara/Content/Enums/Transforms/ENiagara_MeshOrientationOptions.uasset" 3743
"../../Plugins/FX/Niagara/Content/Enums/Transforms/ENiagara_OffsetMode.uasset" 3744
"../../Plugins/FX/Niagara/Content/Enums/Transforms/ENiagara_RotationMode.uasset" 3745
"../../Plugins/FX/Niagara/Content/Enums/Transforms/ENiagara_ScaleMode.uasset" 3746
"../../Plugins/FX/Niagara/Content/Enums/Transforms/ENiagara_TransformOrder.uasset" 3747
"../../Plugins/FX/Niagara/Content/Enums/Transforms/ENiagara_TransformType.uasset" 3748
"../../Plugins/FX/Niagara/Content/Enums/Utility/ENiagara_OrientVectorCount.uasset" 3749
"../../Plugins/FX/Niagara/Content/Enums/Utility/ENiagara_UpdateMeshOrientationMode.uasset" 3750
"../../Plugins/FX/Niagara/Content/Enums/Utility/ENiagara_VelocityMode.uasset" 3751
"../../Plugins/FX/Niagara/Content/Enums/Utility/ENiagaraDebugDrawLineMode.uasset" 3752
"../../Plugins/FX/Niagara/Content/Enums/Utility/ENiagaraDebugDrawMode.uasset" 3753
"../../../Engine/Content/Functions/Engine_MaterialFunctions01/Texturing/FlattenNormal.uasset" 3754
"../../../../../../Users/Ali imran/Documents/GitHub/SpaceRatTestBP/Content/NiagaraExamples/Materials/MaterialFunctions/MF_DecalNormalFade.uasset" 3755
"../../../../../../Users/Ali imran/Documents/GitHub/SpaceRatTestBP/Content/NiagaraExamples/Materials/MaterialFunctions/MF_ExposureCompensation.uasset" 3756
"../../../../../../Users/Ali imran/Documents/GitHub/SpaceRatTestBP/Content/NiagaraExamples/MPC_NiagaraExamples.uasset" 3757
"../../../../../../Users/Ali imran/Documents/GitHub/SpaceRatTestBP/Content/NiagaraExamples/FX_Footstep/Textures/T_Footprint_Mask2.uasset" 3758
"../../../../../../Users/Ali imran/Documents/GitHub/SpaceRatTestBP/Content/NiagaraExamples/FX_Footstep/Textures/T_Footprint_Normals.uasset" 3759
"../../../../../../Users/Ali imran/Documents/GitHub/SpaceRatTestBP/Content/NiagaraExamples/Materials/MasterMaterials/M_SmokeAndFire_Sprites.uasset" 3760
"../../../../../../Users/Ali imran/Documents/GitHub/SpaceRatTestBP/Content/NiagaraExamples/Textures/Sprites/T_SmokePuffLight_EOO_Loop.uasset" 3761
"../../../../../../Users/Ali imran/Documents/GitHub/SpaceRatTestBP/Content/NiagaraExamples/Textures/Sprites/T_SmokePuffLight_Normals_Loop.uasset" 3762
"../../Plugins/FX/Niagara/Content/Functions/V2/CalculateRandomRangeInteger.uasset" 3763
"../../Plugins/FX/Niagara/Content/Enums/ENiagaraBooleanLogicOps.uasset" 3764
"../../Plugins/FX/Niagara/Content/Functions/DirectionAndLengthSafe.uasset" 3765
"../../Plugins/FX/Niagara/Content/Functions/CalculateMeshRadius.uasset" 3766
"../../Plugins/FX/Niagara/Content/Functions/CalculateRadiusFromSpriteSize.uasset" 3767
"../../Plugins/FX/Niagara/Content/Functions/Localspace/TransformVector.uasset" 3768
"../../Plugins/FX/Niagara/Content/Functions/V2/CalculateRandomUnitVector.uasset" 3769
"../../Plugins/FX/Niagara/Content/Functions/V2/CalculateRandomRangeFloat.uasset" 3770
"../../Plugins/FX/Niagara/Content/Functions/Helpers/DoOnce_fn.uasset" 3771
"../../Plugins/FX/Niagara/Content/Functions/Localspace/TransformPosition.uasset" 3772
"../../Plugins/FX/Niagara/Content/Functions/ProjectVectorOnPlane.uasset" 3773
"../../Plugins/FX/Niagara/Content/Functions/Rotation/AxisAngleToQuaternion.uasset" 3774
"../../Plugins/FX/Niagara/Content/Functions/Rotation/MultiplyQuaternion.uasset" 3775
"../../Plugins/FX/Niagara/Content/Modules/Collision/CollisionQueryAndResponse.uasset" 3776
"../../Plugins/FX/Niagara/Content/Functions/Localspace/PositionToVector.uasset" 3777
"../../Plugins/FX/Niagara/Content/Functions/Localspace/TransformQuaternion.uasset" 3778
"../../Plugins/FX/Niagara/Content/Functions/Math/IsVectorParallel.uasset" 3779
"../../Plugins/FX/Niagara/Content/Functions/Rotation/MakeQuaternionFrom3BasisVectors.uasset" 3780
"../../Plugins/FX/Niagara/Content/Functions/Rotation/MultiplyVectorWithQuaternion.uasset" 3781
"../../Plugins/FX/Niagara/Content/Functions/Rotation/RotateAngleOnAxis.uasset" 3782
"../../Plugins/FX/Niagara/Content/Functions/Emitter/EmitterChangeState.uasset" 3783
"../../Plugins/FX/Niagara/Content/Icons/Modules/T_Icon_Scalability_Emitter.uasset" 3784
"../../Plugins/FX/Niagara/Content/Icons/Modules/T_Icon_Scalability_System.uasset" 3785
"../../Plugins/FX/Niagara/Content/Functions/Drag/DragVelocity.uasset" 3786
"../../Plugins/FX/Niagara/Content/Functions/Math/CentimeterMeterConversion.uasset" 3787
"../../Plugins/FX/Niagara/Content/Modules/Solvers/ApplyRotationVector.uasset" 3788
"../../Plugins/FX/Niagara/Content/Icons/Modules/T_Icon_Solver_LimitAccel.uasset" 3789
"../../Plugins/FX/Niagara/Content/Icons/Modules/T_Icon_Solver_LimitSpeed.uasset" 3790
"../../Plugins/FX/Niagara/Content/Icons/Modules/T_Icon_Solver_RotationalSolve.uasset" 3791
"../../Plugins/FX/Niagara/Content/Functions/LinearColor/HueShiftLinearColor.uasset" 3792
"../../Plugins/FX/Niagara/Content/Functions/Localspace/SimulationPosition.uasset" 3793
"../../Plugins/FX/Niagara/Content/Functions/V2/CalculateRandomBool.uasset" 3794
"../../Plugins/FX/Niagara/Content/Functions/V2/CalculateRandomRange.uasset" 3795
"../../Plugins/FX/Niagara/Content/Functions/Math/CalculateRandomPointInConeSphereIntersection.uasset" 3796
"../../Plugins/FX/Niagara/Content/Functions/Math/SaturateFloat.uasset" 3797
"../../Plugins/FX/Niagara/Content/Functions/NormalizedExecutionIndex.uasset" 3798
"../../Plugins/FX/Niagara/Content/Functions/ParametricTorus.uasset" 3799
"../../Plugins/FX/Niagara/Content/Functions/ParametricTorusKnot.uasset" 3800
"../../Plugins/FX/Niagara/Content/Functions/PolarToCartesianCoordinates.uasset" 3801
"../../Plugins/FX/Niagara/Content/Functions/RandomPointInBox.uasset" 3802
"../../Plugins/FX/Niagara/Content/Functions/Rotation/AngleUnitConverter.uasset" 3803
"../../Plugins/FX/Niagara/Content/Functions/Rotation/RotateVector2D.uasset" 3804
"../../Plugins/FX/Niagara/Content/Functions/Rotation/TransformStack/TransformStack_Rotation.uasset" 3805
"../../Plugins/FX/Niagara/Content/Functions/SphericalToCartesianCoordinates.uasset" 3806
"../../Plugins/FX/Niagara/Content/Functions/V2/RemapRange.uasset" 3807
"../../Plugins/FX/Niagara/Content/Enums/ENiagaraExpansionMode.uasset" 3808
"../../Plugins/FX/Niagara/Content/Functions/Rotation/FindQuatBetween.uasset" 3809
"../../Plugins/FX/Niagara/Content/Functions/Rotation/MatrixToQuaternion.uasset" 3810
"../../Plugins/FX/Niagara/Content/Functions/Rotation/RandomQuaternion.uasset" 3811
"../../Plugins/FX/Niagara/Content/Functions/Rotation/InvertQuaternion.uasset" 3812
"../../Plugins/FX/Niagara/Content/Functions/Rotation/XYZRotationToQuaternion.uasset" 3813
"../../Plugins/FX/Niagara/Content/Functions/V2/DistanceBasedFalloff.uasset" 3814
"../../Plugins/FX/Niagara/Content/Functions/System/SystemChangeState.uasset" 3815
"../../Plugins/FX/Niagara/Content/Icons/Modules/T_Icon_Particle_InfiniteLife.uasset" 3816
"../../Plugins/FX/Niagara/Content/Functions/DeriveThirdOrthogonalVector.uasset" 3817
"../../Plugins/FX/Niagara/Content/Functions/Helpers/FN_FirstFrame_Numeric.uasset" 3818
"../../Plugins/FX/Niagara/Content/Functions/MakeVectorsOrthogonal.uasset" 3819
"../../Plugins/FX/Niagara/Content/Functions/Math/InterpolateOverTime_V3_.uasset" 3820
"../../Plugins/FX/Niagara/Content/Functions/Math/V2/SmoothLerpOverTime.uasset" 3821
"../../Plugins/FX/Niagara/Content/Functions/Rotation/LerpQuaternion.uasset" 3822
"../../Plugins/FX/Niagara/Content/Functions/Rotation/MakeQuaternionFromXAndYVectors.uasset" 3823
"../../Plugins/FX/Niagara/Content/Functions/Rotation/MakeQuaternionFromXAndZVectors.uasset" 3824
"../../Plugins/FX/Niagara/Content/Functions/Rotation/TwoVectorsToQuaternion.uasset" 3825
"../../Plugins/FX/Niagara/Content/Functions/Helpers/SetBoolByTimer.uasset" 3826
"../../Plugins/FX/Niagara/Content/Functions/RandomRangeInteger.uasset" 3827
"../../Plugins/FX/Niagara/Content/Enums/ENiagara_SubUVLookupMode.uasset" 3828
"../../../../../../Users/Ali imran/Documents/GitHub/SpaceRatTestBP/Content/NiagaraExamples/StaticMesh/Concrete_Rubble_uc1iccejw/MI_Concrete_Rubble_uc1iccejw_1K.uasset" 3829
"../../../../../../Users/Ali imran/Documents/GitHub/SpaceRatTestBP/Content/NiagaraExamples/StaticMesh/Concrete_Rubble_uc1jagbjw/MI_Concrete_Rubble_uc1jagbjw_1K.uasset" 3830
"../../../../../../Users/Ali imran/Documents/GitHub/SpaceRatTestBP/Content/NiagaraExamples/StaticMesh/Concrete_Rubble_uc1jagnjw/MI_Concrete_Rubble_uc1jagnjw_1K.uasset" 3831
"../../../../../../Users/Ali imran/Documents/GitHub/SpaceRatTestBP/Content/NiagaraExamples/Textures/ColorCurves/EmissiveColorCurve.uasset" 3832
"../../../../../../Users/Ali imran/Documents/GitHub/SpaceRatTestBP/Content/NiagaraExamples/Textures/ColorCurves/Atlas_FXColorCurves.uasset" 3833
"../../../Engine/Content/Functions/Engine_MaterialFunctions02/Utility/BlendAngleCorrectedNormals.uasset" 3834
"../../../Engine/Content/Functions/Engine_MaterialFunctions03/Math/RemapValueRangeNormalized.uasset" 3835
"../../../Engine/Content/Functions/Engine_MaterialFunctions03/Texturing/SubUV_Function.uasset" 3836
"../../../../../../Users/Ali imran/Documents/GitHub/SpaceRatTestBP/Content/NiagaraExamples/Materials/MaterialFunctions/MF_FastSphereNormal.uasset" 3837
"../../../../../../Users/Ali imran/Documents/GitHub/SpaceRatTestBP/Content/NiagaraExamples/Textures/Utils/BaseEOO.uasset" 3838
"../../../../../../Users/Ali imran/Documents/GitHub/SpaceRatTestBP/Content/NiagaraExamples/Textures/Utils/BaseNormal.uasset" 3839
"../../Plugins/FX/Niagara/Content/Functions/Localspace/TransformBase.uasset" 3840
"../../Plugins/FX/Niagara/Content/Functions/Collision/PlaneSphereCollisionDetection.uasset" 3841
"../../Plugins/FX/Niagara/Content/Functions/Collision/RandomizeCollisionNormals.uasset" 3842
"../../Plugins/FX/Niagara/Content/Functions/ReflectVector.uasset" 3843
"../../Plugins/FX/Niagara/Content/Functions/Textures/CalculateA_VolumeTexturesDistanceFieldGradient.uasset" 3844
"../../Plugins/FX/Niagara/Content/Modules/Collision/NiagaraDistanceFieldCollisions.uasset" 3845
"../../Plugins/FX/Niagara/Content/Modules/Collision/SceneDepthTest.uasset" 3846
"../../Plugins/FX/Niagara/Content/Enums/ENiagara_Float4Channel.uasset" 3847
"../../Plugins/FX/Niagara/Content/Functions/ChannelMasks/SelectV4Channel.uasset" 3848
"../../Plugins/FX/Niagara/Content/Enums/ENiagaraVector4_Channels.uasset" 3849
"../../Plugins/FX/Niagara/Content/Functions/Rotation/QuaternionToRotationMatrix.uasset" 3850
"../../Plugins/FX/Niagara/Content/Functions/RandomRangeFloat.uasset" 3851
"../../Plugins/FX/Niagara/Content/Functions/IsolateLongestVectorComponent.uasset" 3852
"../../Plugins/FX/Niagara/Content/Functions/NormalizeDistanceRange.uasset" 3853
"../../Plugins/FX/Niagara/Content/Functions/GetRandomInfo.uasset" 3854
"../../../../../../Users/Ali imran/Documents/GitHub/SpaceRatTestBP/Content/NiagaraExamples/Materials/MasterMaterials/M_Quixel_Simple.uasset" 3855
"../../../../../../Users/Ali imran/Documents/GitHub/SpaceRatTestBP/Content/NiagaraExamples/StaticMesh/Concrete_Rubble_uc1iccejw/T_Concrete_Rubble_uc1iccejw_1K_D.uasset" 3856
"../../../../../../Users/Ali imran/Documents/GitHub/SpaceRatTestBP/Content/NiagaraExamples/StaticMesh/Concrete_Rubble_uc1iccejw/T_Concrete_Rubble_uc1iccejw_1K_N.uasset" 3857
"../../../../../../Users/Ali imran/Documents/GitHub/SpaceRatTestBP/Content/NiagaraExamples/StaticMesh/Concrete_Rubble_uc1iccejw/T_ConcreteRubble_uc1iccejw_1K_DpR.uasset" 3858
"../../../../../../Users/Ali imran/Documents/GitHub/SpaceRatTestBP/Content/NiagaraExamples/StaticMesh/Concrete_Rubble_uc1jagbjw/T_Concrete_Rubble_uc1jagbjw_1K_D.uasset" 3859
"../../../../../../Users/Ali imran/Documents/GitHub/SpaceRatTestBP/Content/NiagaraExamples/StaticMesh/Concrete_Rubble_uc1jagbjw/T_Concrete_Rubble_uc1jagbjw_1K_N.uasset" 3860
"../../../../../../Users/Ali imran/Documents/GitHub/SpaceRatTestBP/Content/NiagaraExamples/StaticMesh/Concrete_Rubble_uc1jagbjw/T_ConcreteRubble_uc1jagbjw_1K_DpR.uasset" 3861
"../../../../../../Users/Ali imran/Documents/GitHub/SpaceRatTestBP/Content/NiagaraExamples/StaticMesh/Concrete_Rubble_uc1jagnjw/T_Concrete_Rubble_uc1jagnjw_1K_D.uasset" 3862
"../../../../../../Users/Ali imran/Documents/GitHub/SpaceRatTestBP/Content/NiagaraExamples/StaticMesh/Concrete_Rubble_uc1jagnjw/T_Concrete_Rubble_uc1jagnjw_1K_N.uasset" 3863
"../../../../../../Users/Ali imran/Documents/GitHub/SpaceRatTestBP/Content/NiagaraExamples/StaticMesh/Concrete_Rubble_uc1jagnjw/T_ConcreteRubble_uc1jagnjw_1K_DpR.uasset" 3864
"/Game/NiagaraExamples/FX_NDC/NDC_Impacts" 3865
"../../../../../../Users/Ali imran/Documents/GitHub/SpaceRatTestBP/Content/NiagaraExamples/FX_NDC/NDC_Impacts.uasset" 3866
"../../../../../../Users/Ali imran/Documents/GitHub/SpaceRatTestBP/Content/NiagaraExamples/FX_NDC/NS_NDC_Impacts.uasset" 3867
"../../../../../../Users/Ali imran/Documents/GitHub/SpaceRatTestBP/Content/NiagaraExamples/Materials/MI_BulletHole.uasset" 3868
"../../../../../../Users/Ali imran/Documents/GitHub/SpaceRatTestBP/Content/NiagaraExamples/Materials/MI_BulletHole_Glass.uasset" 3869
"../../../../../../Users/Ali imran/Documents/GitHub/SpaceRatTestBP/Content/NiagaraExamples/Materials/MI_ImpactFlash.uasset" 3870
"../../../../../../Users/Ali imran/Documents/GitHub/SpaceRatTestBP/Content/NiagaraExamples/Materials/MI_SimpleDebris.uasset" 3871
"../../../../../../Users/Ali imran/Documents/GitHub/SpaceRatTestBP/Content/NiagaraExamples/Materials/MI_SmokePuffLight_8x8_Emissive.uasset" 3872
"../../../../../../Users/Ali imran/Documents/GitHub/SpaceRatTestBP/Content/NiagaraExamples/Materials/MI_SmokeWispy_8x8_Emissive.uasset" 3873
"../../../../../../Users/Ali imran/Documents/GitHub/SpaceRatTestBP/Content/NiagaraExamples/Materials/MI_Sparks.uasset" 3874
"../../../../../../Users/Ali imran/Documents/GitHub/SpaceRatTestBP/Content/NiagaraExamples/EffectTypes/NET_NDC_Burst.uasset" 3875
"../../../../../../Users/Ali imran/Documents/GitHub/SpaceRatTestBP/Content/NiagaraExamples/NPC_NiagaraExamples.uasset" 3876
"../../../../../../Users/Ali imran/Documents/GitHub/SpaceRatTestBP/Content/NiagaraExamples/FX_Weapons/Impacts/DynamicInputs/BurstVector.uasset" 3877
"../../../../../../Users/Ali imran/Documents/GitHub/SpaceRatTestBP/Content/NiagaraExamples/FX_Weapons/Impacts/DynamicInputs/RelativeOffsetFloat.uasset" 3878
"../../Plugins/FX/Niagara/Content/DynamicInputs/Add/Add_Float.uasset" 3879
"../../Plugins/FX/Niagara/Content/DynamicInputs/Arrays/SelectLinearColorFromArray.uasset" 3880
"../../Plugins/FX/Niagara/Content/DynamicInputs/Clamp/Float/RemapRange.uasset" 3881
"../../Plugins/FX/Niagara/Content/DynamicInputs/Execution/ReturnNormalizedExecIndex.uasset" 3882
"../../Plugins/FX/Niagara/Content/DynamicInputs/Helpers/DistributionCurveFloat.uasset" 3883
"../../Plugins/FX/Niagara/Content/DynamicInputs/Helpers/MaskFloat.uasset" 3884
"../../Plugins/FX/Niagara/Content/DynamicInputs/Lerp/Lerp_Float.uasset" 3885
"../../Plugins/FX/Niagara/Content/DynamicInputs/Lerp/Lerp_Vector.uasset" 3886
"../../Plugins/FX/Niagara/Content/DynamicInputs/Math/Max_Int.uasset" 3887
"../../Plugins/FX/Niagara/Content/DynamicInputs/Math/OneMinusFloat.uasset" 3888
"../../Plugins/FX/Niagara/Content/DynamicInputs/Power/Power.uasset" 3889
"../../Plugins/FX/Niagara/Content/DynamicInputs/TypeConversions/MakeIntFromFloat.uasset" 3890
"../../Plugins/FX/Niagara/Content/Functions/Spawn/ScaleBurstSpawnCount.uasset" 3891
"../../Plugins/FX/Niagara/Content/Modules/Light/Light_Attributes.uasset" 3892
"../../Plugins/FX/Niagara/Content/Modules/Update/Forces/V2/CurlNoiseForce.uasset" 3893
"../../Plugins/FX/Niagara/Content/Modules/Update/Forces/WindForce.uasset" 3894
"../../Plugins/FX/Niagara/Content/Modules/Update/Material/DynamicMaterialParameters.uasset" 3895
"../../Plugins/FX/Niagara/Content/Modules/Update/Renderers/Sprite/SpriteFacingAndAlignment.uasset" 3896
"../../Plugins/FX/Niagara/Content/Modules/Update/Size/ScaleSpriteSizeBySpeed.uasset" 3897
"../../../../../../Users/Ali imran/Documents/GitHub/SpaceRatTestBP/Content/NiagaraExamples/StaticMesh/S_Pine_Bark_Piece_wjtsdevs.uasset" 3898
"../../../../../../Users/Ali imran/Documents/GitHub/SpaceRatTestBP/Content/NiagaraExamples/StaticMesh/S_Pine_Bark_Piece_wjtuebms.uasset" 3899
"../../../../../../Users/Ali imran/Documents/GitHub/SpaceRatTestBP/Content/NiagaraExamples/StaticMesh/S_Rock_shopk.uasset" 3900
"../../../../../../Users/Ali imran/Documents/GitHub/SpaceRatTestBP/Content/NiagaraExamples/StaticMesh/S_Test_LODs.uasset" 3901
"../../../../../../Users/Ali imran/Documents/GitHub/SpaceRatTestBP/Content/NiagaraExamples/StaticMesh/S_Tree_Debris_wjtuagls.uasset" 3902
"../../../../../../Users/Ali imran/Documents/GitHub/SpaceRatTestBP/Content/NiagaraExamples/StaticMesh/S_Wood_Debris_vb2mfeliw.uasset" 3903
"../../../../../../Users/Ali imran/Documents/GitHub/SpaceRatTestBP/Content/NiagaraExamples/StaticMesh/SM_GlassShard_01.uasset" 3904
"../../../../../../Users/Ali imran/Documents/GitHub/SpaceRatTestBP/Content/NiagaraExamples/StaticMesh/SM_GlassShard_02.uasset" 3905
"../../../../../../Users/Ali imran/Documents/GitHub/SpaceRatTestBP/Content/NiagaraExamples/StaticMesh/SM_GlassShard_03.uasset" 3906
"../../Plugins/FX/Niagara/Content/Enums/ENiagaraCurlNoiseQuality.uasset" 3907
"../../Plugins/FX/Niagara/Content/Enums/Utility/ENiagara_DynamicMaterialParametersInputMode.uasset" 3908
"../../Plugins/FX/Niagara/Content/Enums/Utility/ENiagara_IntegerConversion.uasset" 3909
"../../Plugins/FX/Niagara/Content/Enums/Wind/ENiagaraWindCombingMode.uasset" 3910
"../../Plugins/FX/Niagara/Content/Enums/Wind/ENiagaraWindFrictionDistanceMode.uasset" 3911
"../../Plugins/FX/Niagara/Content/Enums/Wind/ENiagaraWindFrictionMode.uasset" 3912
"../../Plugins/FX/Niagara/Content/Enums/Wind/ENiagaraWindGroundMaskMode.uasset" 3913
"../../Plugins/FX/Niagara/Content/Enums/Wind/ENiagaraWindOffsetMode.uasset" 3914
"../../Plugins/FX/Niagara/Content/Enums/Wind/ENiagaraWindTurbulenceContributionMode.uasset" 3915
"../../Plugins/FX/Niagara/Content/Enums/Wind/ENiagaraWindTurbulenceFrequencyMode.uasset" 3916
"../../Plugins/FX/Niagara/Content/Enums/Wind/ENiagaraWindTurbulenceMode.uasset" 3917
"../../Plugins/FX/Niagara/Content/VectorFields/Assets/TilingCurl32.uasset" 3918
"../../../../../../Users/Ali imran/Documents/GitHub/SpaceRatTestBP/Content/NiagaraExamples/Materials/MasterMaterials/M_BulletHole.uasset" 3919
"../../../../../../Users/Ali imran/Documents/GitHub/SpaceRatTestBP/Content/NiagaraExamples/Materials/MasterMaterials/M_BulletHole_Glass.uasset" 3920
"../../../../../../Users/Ali imran/Documents/GitHub/SpaceRatTestBP/Content/NiagaraExamples/Materials/MasterMaterials/M_BrightCore.uasset" 3921
"../../../../../../Users/Ali imran/Documents/GitHub/SpaceRatTestBP/Content/NiagaraExamples/Materials/MasterMaterials/M_SimpleDebris.uasset" 3922
"../../../../../../Users/Ali imran/Documents/GitHub/SpaceRatTestBP/Content/NiagaraExamples/Textures/Sprites/T_Smoke_Wispy.uasset" 3923
"../../../../../../Users/Ali imran/Documents/GitHub/SpaceRatTestBP/Content/NiagaraExamples/Textures/Sprites/T_Smoke_Wispy_Normals.uasset" 3924
"../../../../../../Users/Ali imran/Documents/GitHub/SpaceRatTestBP/Content/NiagaraExamples/Materials/MasterMaterials/M_Sparks.uasset" 3925
"../../Plugins/FX/Niagara/Content/Functions/RandomVectorInCone.uasset" 3926
"../../Plugins/FX/Niagara/Content/Functions/V2/ConeMask.uasset" 3927
"../../Plugins/FX/Niagara/Content/VectorFields/Assets/TilingCurl16.uasset" 3928
"../../Plugins/FX/Niagara/Content/VectorFields/Assets/TilingCurl64.uasset" 3929
"../../Plugins/FX/Niagara/Content/Functions/DirectionAndLength.uasset" 3930
"../../../../../../Users/Ali imran/Documents/GitHub/SpaceRatTestBP/Content/NiagaraExamples/StaticMesh/Pine_Bark_Piece_wjtsdevs/MI_Pine_Bark_Piece_wjtsdevs_2K.uasset" 3931
"../../../../../../Users/Ali imran/Documents/GitHub/SpaceRatTestBP/Content/NiagaraExamples/StaticMesh/Pine_Bark_Piece_wjtuebms/MI_Pine_Bark_Piece_wjtuebms_2K.uasset" 3932
"../../../../../../Users/Ali imran/Documents/GitHub/SpaceRatTestBP/Content/NiagaraExamples/StaticMesh/Rock_shopk/MI_Rock_shopk_2K.uasset" 3933
"../../../../../../Users/Ali imran/Documents/GitHub/SpaceRatTestBP/Content/NiagaraExamples/StaticMesh/TestLODsMaterials/MI_LOD0.uasset" 3934
"../../../../../../Users/Ali imran/Documents/GitHub/SpaceRatTestBP/Content/NiagaraExamples/StaticMesh/TestLODsMaterials/MI_LOD1.uasset" 3935
"../../../../../../Users/Ali imran/Documents/GitHub/SpaceRatTestBP/Content/NiagaraExamples/StaticMesh/TestLODsMaterials/MI_LOD2.uasset" 3936
"../../../../../../Users/Ali imran/Documents/GitHub/SpaceRatTestBP/Content/NiagaraExamples/StaticMesh/TestLODsMaterials/MI_LOD3.uasset" 3937
"../../../../../../Users/Ali imran/Documents/GitHub/SpaceRatTestBP/Content/NiagaraExamples/StaticMesh/Tree_Debris_wjtuagls/MI_Tree_Debris_wjtuagls_2K.uasset" 3938
"../../../../../../Users/Ali imran/Documents/GitHub/SpaceRatTestBP/Content/NiagaraExamples/StaticMesh/Wood_Debris_vb2mfeliw/MI_Wood_Debris_vb2mfeliw_2K.uasset" 3939
"../../../../../../Users/Ali imran/Documents/GitHub/SpaceRatTestBP/Content/NiagaraExamples/Materials/MI_GlassShard.uasset" 3940
"../../../../../../Users/Ali imran/Documents/GitHub/SpaceRatTestBP/Content/NiagaraExamples/Textures/Decals/BulletHole.uasset" 3941
"../../../../../../Users/Ali imran/Documents/GitHub/SpaceRatTestBP/Content/NiagaraExamples/Textures/Decals/BulletHole_Normals.uasset" 3942
"../../../Engine/Content/Functions/Engine_MaterialFunctions02/HueShift.uasset" 3943
"../../../../../../Users/Ali imran/Documents/GitHub/SpaceRatTestBP/Content/NiagaraExamples/Textures/Noise/T_Hermite2Noise_CenteredTiling.uasset" 3944
"../../../Engine/Content/Functions/Engine_MaterialFunctions03/Procedurals/NormalFromHeightmap.uasset" 3945
"../../../Engine/Content/Functions/Engine_MaterialFunctions01/Gradient/LinearGradient.uasset" 3946
"../../../Engine/Content/Functions/Engine_MaterialFunctions02/Gradients/StretchGradient.uasset" 3947
"../../../Engine/Content/Functions/Engine_MaterialFunctions02/WorldPositionOffset/Sprite_Capsule.uasset" 3948
"../../../../../../Users/Ali imran/Documents/GitHub/SpaceRatTestBP/Content/NiagaraExamples/Materials/MaterialFunctions/MF_MotionStretchSpark.uasset" 3949
"../../../Engine/Content/Functions/Engine_MaterialFunctions02/ExampleContent/Textures/SphereRenderHeightMap.uasset" 3950
"../../../Engine/Content/Functions/Engine_MaterialFunctions02/ExampleContent/Textures/SphereRenderMask.uasset" 3951
"../../../Engine/Content/Functions/Engine_MaterialFunctions02/ExampleContent/Textures/SphereRenderNormalsMap.uasset" 3952
"../../Plugins/FX/Niagara/Content/Functions/FindAngleBetweenVectors.uasset" 3953
"../../../../../../Users/Ali imran/Documents/GitHub/SpaceRatTestBP/Content/NiagaraExamples/StaticMesh/Pine_Bark_Piece_wjtsdevs/T_Pine_Bark_Piece_wjtsdevs_2K_D.uasset" 3954
"../../../../../../Users/Ali imran/Documents/GitHub/SpaceRatTestBP/Content/NiagaraExamples/StaticMesh/Pine_Bark_Piece_wjtsdevs/T_Pine_Bark_Piece_wjtsdevs_2K_N.uasset" 3955
"../../../../../../Users/Ali imran/Documents/GitHub/SpaceRatTestBP/Content/NiagaraExamples/StaticMesh/Pine_Bark_Piece_wjtsdevs/T_PineBarkPiece_wjtsdevs_2K_DpR.uasset" 3956
"../../../../../../Users/Ali imran/Documents/GitHub/SpaceRatTestBP/Content/NiagaraExamples/StaticMesh/Pine_Bark_Piece_wjtuebms/T_Pine_Bark_Piece_wjtuebms_2K_D.uasset" 3957
"../../../../../../Users/Ali imran/Documents/GitHub/SpaceRatTestBP/Content/NiagaraExamples/StaticMesh/Pine_Bark_Piece_wjtuebms/T_Pine_Bark_Piece_wjtuebms_2K_N.uasset" 3958
"../../../../../../Users/Ali imran/Documents/GitHub/SpaceRatTestBP/Content/NiagaraExamples/StaticMesh/Pine_Bark_Piece_wjtuebms/T_PineBarkPiece_wjtuebms_2K_DpR.uasset" 3959
"../../../../../../Users/Ali imran/Documents/GitHub/SpaceRatTestBP/Content/NiagaraExamples/StaticMesh/Rock_shopk/T_Rock_shopk_2K_D.uasset" 3960
"../../../../../../Users/Ali imran/Documents/GitHub/SpaceRatTestBP/Content/NiagaraExamples/StaticMesh/Rock_shopk/T_Rock_shopk_2K_DpR.uasset" 3961
"../../../../../../Users/Ali imran/Documents/GitHub/SpaceRatTestBP/Content/NiagaraExamples/StaticMesh/Rock_shopk/T_Rock_shopk_2K_N.uasset" 3962
"../../../../../../Users/Ali imran/Documents/GitHub/SpaceRatTestBP/Content/NiagaraExamples/StaticMesh/TestLODsMaterials/M_LODS.uasset" 3963
"../../../../../../Users/Ali imran/Documents/GitHub/SpaceRatTestBP/Content/NiagaraExamples/StaticMesh/Tree_Debris_wjtuagls/T_Tree_Debris_wjtuagls_2K_D.uasset" 3964
"../../../../../../Users/Ali imran/Documents/GitHub/SpaceRatTestBP/Content/NiagaraExamples/StaticMesh/Tree_Debris_wjtuagls/T_Tree_Debris_wjtuagls_2K_N.uasset" 3965
"../../../../../../Users/Ali imran/Documents/GitHub/SpaceRatTestBP/Content/NiagaraExamples/StaticMesh/Tree_Debris_wjtuagls/T_TreeDebris_wjtuagls_2K_DpR.uasset" 3966
"../../../../../../Users/Ali imran/Documents/GitHub/SpaceRatTestBP/Content/NiagaraExamples/StaticMesh/Wood_Debris_vb2mfeliw/T_Wood_Debris_vb2mfeliw_2K_D.uasset" 3967
"../../../../../../Users/Ali imran/Documents/GitHub/SpaceRatTestBP/Content/NiagaraExamples/StaticMesh/Wood_Debris_vb2mfeliw/T_Wood_Debris_vb2mfeliw_2K_N.uasset" 3968
"../../../../../../Users/Ali imran/Documents/GitHub/SpaceRatTestBP/Content/NiagaraExamples/StaticMesh/Wood_Debris_vb2mfeliw/T_WoodDebris_vb2mfeliw_2K_DpR.uasset" 3969
"../../../../../../Users/Ali imran/Documents/GitHub/SpaceRatTestBP/Content/NiagaraExamples/Materials/MasterMaterials/M_GlassShard.uasset" 3970
"C:/Users/Ali imran/Documents/GitHub/SpaceRatTestBP/Content/Input/IMC_Default.uasset" 3971
"C:/Users/Ali imran/Documents/GitHub/SpaceRatTestBP/Content/Weapons/LaserKol/LaserKol__3__DefaultMaterial_BaseColor.uasset" 3972
"C:/Users/Ali imran/Documents/GitHub/SpaceRatTestBP/Content/FirstPerson/Blueprints/BP_FirstPersonPlayerController.uasset" 3973
"C:/Users/Ali imran/Documents/GitHub/SpaceRatTestBP/Content/Weapons/LaserKol/LaserKol__3__DefaultMaterial_Normal.uasset" 3974
"C:/Users/Ali imran/Documents/GitHub/SpaceRatTestBP/Content/Input/IMC_MouseLook.uasset" 3975
"C:/Users/Ali imran/Documents/GitHub/SpaceRatTestBP/Content/Weapons/LaserKol/LaserKolMat.uasset" 3976
"C:/Users/Ali imran/Documents/GitHub/SpaceRatTestBP/Content/Weapons/LaserKol/LaserKol__3__DefaultMaterial_OcclusionRoughnessMetallic.uasset" 3977
"C:/Users/Ali imran/Documents/GitHub/SpaceRatTestBP/Content/Weapons/LaserKol/LaserKol.uasset" 3978
"C:/Users/Ali imran/Documents/GitHub/SpaceRatTestBP/Content/FirstPerson/Blueprints/BP_FirstPersonCameraManager.uasset" 3979
"C:/Users/Ali imran/Documents/GitHub/SpaceRatTestBP/Content/Variant_Shooter/Blueprints/Pickups/BPI_Pickups.uasset" 3980
"C:/Users/Ali imran/Documents/GitHub/SpaceRatTestBP/Content/FirstPerson/MPPContent/FirstPerson/Blueprints/GunShot.uasset" 3981
"C:/Users/Ali imran/Documents/GitHub/SpaceRatTestBP/Content/Variant_Shooter/Input/UI_TouchInterface_Shooter.uasset" 3982
"C:/Users/Ali imran/Documents/GitHub/SpaceRatTestBP/Content/Variant_Shooter/Input/Actions/IA_SwapWeapon.uasset" 3983
"C:/Users/Ali imran/Documents/GitHub/SpaceRatTestBP/Content/Variant_Shooter/Input/Actions/IA_Shoot.uasset" 3984
"C:/Users/Ali imran/Documents/GitHub/SpaceRatTestBP/Content/Variant_Shooter/Blueprints/BPI_Shooter.uasset" 3985
"../../../Engine/Plugins/FX/Niagara/Content/Modules/Solvers/ApplyInitialForces.uasset" 3986
"../../../Engine/Plugins/FX/Niagara/Content/Modules/Beams/UpdateBeam.uasset" 3987
"../../../Engine/Plugins/FX/Niagara/Content/Functions/Spline/FindPositionOnBezierSpline.uasset" 3988
"../../../Engine/Plugins/FX/Niagara/Content/Modules/Beams/SpawnBeam.uasset" 3989
"C:/Users/Ali imran/Documents/GitHub/SpaceRatTestBP/Content/Variant_Shooter/Input/BPI_Touch_Shooter.uasset" 3990
"../../../Engine/Plugins/FX/Niagara/Content/DynamicInputs/Helpers/SimulationPosition.uasset" 3991
"../../../Engine/Plugins/FX/Niagara/Content/Modules/Beams/BeamEmitterSetup.uasset" 3992
"../../../Engine/Plugins/FX/Niagara/Content/Modules/Emitter/SpawnBurst_Instantaneous.uasset" 3993
"../../../Engine/Plugins/FX/Niagara/Content/DefaultAssets/DefaultSpriteMaterial.uasset" 3994
"C:/Users/Ali imran/Documents/GitHub/SpaceRatTestBP/Content/FirstPerson/MPPContent/LaserBeamBlue.uasset" 3995
"C:/Users/Ali imran/Documents/GitHub/SpaceRatTestBP/Content/NiagaraExamples/Materials/MI_Overlay_Weapon_Buff.uasset" 3996
"C:/Users/Ali imran/Documents/GitHub/SpaceRatTestBP/Content/Weapons/Shield.uasset" 3997
"C:/Users/Ali imran/Documents/GitHub/SpaceRatTestBP/Content/Blueprints/Shield.uasset" 3998
"C:/Users/Ali imran/Documents/GitHub/SpaceRatTestBP/Content/UiMap/Untitled222_20260225171957.uasset" 3999
"C:/Users/Ali imran/Documents/GitHub/SpaceRatTestBP/Content/UiMap/Untitled222_20260225171939.uasset" 4000
"C:/Users/Ali imran/Documents/GitHub/SpaceRatTestBP/Content/UiMap/Untitled222_20260225171936.uasset" 4001
"C:/Users/Ali imran/Documents/GitHub/SpaceRatTestBP/Content/UiMap/start_press.uasset" 4002
"/Game/FirstPerson/Blueprints/BP_FirstPersonCameraManager" 4003
"C:/Users/Ali imran/Documents/GitHub/SpaceRatTestBP/Content/NiagaraExamples/FX_NDC/NS_NDC_Impacts.uasset" 4004
"C:/Users/Ali imran/Documents/GitHub/SpaceRatTestBP/Content/NiagaraExamples/FX_NDC/NDC_Impacts.uasset" 4005
"C:/Users/Ali imran/Documents/GitHub/SpaceRatTestBP/Content/NiagaraExamples/FX_NDC/NS_NDC_Footsteps.uasset" 4006
"/Game/Input/IMC_MouseLook" 4007
"../../../../../../Users/Ali imran/Documents/GitHub/SpaceRatTestBP/Content/Input/Actions/IA_MouseLook.uasset" 4008
"/Game/Input/IMC_Default" 4009
"../../../../../../Users/Ali imran/Documents/GitHub/SpaceRatTestBP/Content/Input/Actions/IA_Jump.uasset" 4010
"../../../../../../Users/Ali imran/Documents/GitHub/SpaceRatTestBP/Content/Input/Actions/IA_Look.uasset" 4011
"../../../../../../Users/Ali imran/Documents/GitHub/SpaceRatTestBP/Content/Input/Actions/IA_Move.uasset" 4012
"/Game/FirstPerson/Blueprints/BP_FirstPersonPlayerController" 4013
"../../../../../../Users/Ali imran/Documents/GitHub/SpaceRatTestBP/Content/Input/Touch/UI_TouchSimple.uasset" 4014
"../../../../../../Users/Ali imran/Documents/GitHub/SpaceRatTestBP/Content/Input/Touch/BPI_TouchInterface.uasset" 4015
"../../../Engine/Content/MobileResources/HUD/VirtualJoystick_Thumb.uasset" 4016
"../../../../../../Users/Ali imran/Documents/GitHub/SpaceRatTestBP/Content/Input/Touch/UI_Thumbstick.uasset" 4017
"../../../Engine/Content/MobileResources/HUD/VirtualJoystick_Background.uasset" 4018
"/Game/Weapons/LaserKol/LaserKol__3__DefaultMaterial_OcclusionRoughnessMetallic" 4019
"/Game/Weapons/LaserKol/LaserKol__3__DefaultMaterial_Normal" 4020
"/Game/Weapons/LaserKol/LaserKol__3__DefaultMaterial_BaseColor" 4021
"/Game/Weapons/LaserKol/LaserKolMat" 4022
"/Game/Weapons/LaserKol/LaserKol" 4023
"/Game/Variant_Shooter/Blueprints/Pickups/BPI_Pickups" 4024
"../../../../../../Users/Ali imran/Documents/GitHub/SpaceRatTestBP/Content/Variant_Shooter/Blueprints/Pickups/BP_ShooterWeaponBase.uasset" 4025
"../../../../../../Users/Ali imran/Documents/GitHub/SpaceRatTestBP/Content/Variant_Shooter/Anims/ABP_FP_Weapon.uasset" 4026
"../../../../../../Users/Ali imran/Documents/GitHub/SpaceRatTestBP/Content/Variant_Shooter/Anims/ABP_TP_Rifle.uasset" 4027
"../../../Engine/Content/EditorBlueprintResources/StandardMacros.uasset" 4028
"../../../../../../Users/Ali imran/Documents/GitHub/SpaceRatTestBP/Content/FirstPerson/MPPContent/FirstPerson/Blueprints/BP_FirstPersonProjectile1.uasset" 4029
"../../../../../../Users/Ali imran/Documents/GitHub/SpaceRatTestBP/Content/Variant_Shooter/Blueprints/Pickups/BPI_WeaponHolder.uasset" 4030
"../../../../../../Users/Ali imran/Documents/GitHub/SpaceRatTestBP/Content/Variant_Shooter/Blueprints/Pickups/Projectiles/BP_ShooterProjectile_Bullet.uasset" 4031
"../../../../../../Users/Ali imran/Documents/GitHub/SpaceRatTestBP/Content/Variant_Shooter/Blueprints/Pickups/Projectiles/BP_ShooterProjectileBase.uasset" 4032
"../../../../../../Users/Ali imran/Documents/GitHub/SpaceRatTestBP/Content/Weapons/GunMain/GunBody.uasset" 4033
"../../../../../../Users/Ali imran/Documents/GitHub/SpaceRatTestBP/Content/Mat/MatReload_Inst.uasset" 4034
"../../../../../../Users/Ali imran/Documents/GitHub/SpaceRatTestBP/Content/SoundWeapons/Blastershot.uasset" 4035
"../../../../../../Users/Ali imran/Documents/GitHub/SpaceRatTestBP/Content/Weapons/GunMain/GunMPP.uasset" 4036
"../../../../../../Users/Ali imran/Documents/GitHub/SpaceRatTestBP/Content/FirstPerson/Blueprints/BP_FirstPersonCharacterShooter.uasset" 4037
"../../../../../../Users/Ali imran/Documents/GitHub/SpaceRatTestBP/Content/Variant_Shooter/Blueprints/BP_ShooterCharacter.uasset" 4038
"../../../../../../Users/Ali imran/Documents/GitHub/SpaceRatTestBP/Content/Variant_Shooter/Anims/Ctrl_HandAdjusment.uasset" 4039
"../../../../../../Users/Ali imran/Documents/GitHub/SpaceRatTestBP/Content/Characters/Mannequins/Meshes/SK_Mannequin.uasset" 4040
"../../../../../../Users/Ali imran/Documents/GitHub/SpaceRatTestBP/Content/Characters/Mannequins/Anims/Rifle/AIM/AO_Rifle.uasset" 4041
"../../../../../../Users/Ali imran/Documents/GitHub/SpaceRatTestBP/Content/Characters/Mannequins/Anims/Rifle/MF_Rifle_Idle_ADS.uasset" 4042
"../../../../../../Users/Ali imran/Documents/GitHub/SpaceRatTestBP/Content/Characters/Mannequins/Anims/Unarmed/Jump/MM_Fall_Loop.uasset" 4043
"../../../../../../Users/Ali imran/Documents/GitHub/SpaceRatTestBP/Content/Characters/Mannequins/Anims/Unarmed/Jump/MM_Jump.uasset" 4044
"../../../../../../Users/Ali imran/Documents/GitHub/SpaceRatTestBP/Content/Characters/Mannequins/Anims/Unarmed/Jump/MM_Land.uasset" 4045
"../../../../../../Users/Ali imran/Documents/GitHub/SpaceRatTestBP/Content/Characters/Mannequins/Anims/Unarmed/MM_Idle.uasset" 4046
"../../../../../../Users/Ali imran/Documents/GitHub/SpaceRatTestBP/Content/Characters/Mannequins/Anims/Unarmed/BS_Idle_Walk_Run.uasset" 4047
"../../Plugins/Experimental/MeshModelingToolsetExp/Content/Materials/GizmoDefaultMaterial.uasset" 4048
"../../../../../../Users/Ali imran/Documents/GitHub/SpaceRatTestBP/Content/FirstPerson/MPPContent/FirstPerson/Blueprints/BulletBeam1.uasset" 4049
"../../../../../../Users/Ali imran/Documents/GitHub/SpaceRatTestBP/Content/FPWeapon/Mesh/FirstPersonProjectileMesh.uasset" 4050
"../../Plugins/Interchange/Assets/Content/Materials/OrenNayerMaterial.uasset" 4051
"../../../../../../Users/Ali imran/Documents/GitHub/SpaceRatTestBP/Content/FirstPerson/MPPContent/FirstPerson/Blueprints/BulletBeam.uasset" 4052
"../../../../../../Users/Ali imran/Documents/GitHub/SpaceRatTestBP/Content/Variant_Shooter/Blueprints/Pickups/Projectiles/Meshes/SM_FoamBullet.uasset" 4053
"../../../../../../Users/Ali imran/Documents/GitHub/SpaceRatTestBP/Content/FirstPerson/MI_FirstPersonColorway.uasset" 4054
"../../../../../../Users/Ali imran/Documents/GitHub/SpaceRatTestBP/Content/Weapons/GrenadeLauncher/Meshes/FirstPersonProjectileMesh.uasset" 4055
"../../../../../../Users/Ali imran/Documents/GitHub/SpaceRatTestBP/Content/Weapons/GunMain/SK_FPS_Player_Weapon_3_DefaultMaterial_BaseColor.uasset" 4056
"../../../../../../Users/Ali imran/Documents/GitHub/SpaceRatTestBP/Content/Weapons/GunMain/SK_FPS_Player_Weapon_3_DefaultMaterial_Emissive.uasset" 4057
"../../../../../../Users/Ali imran/Documents/GitHub/SpaceRatTestBP/Content/Weapons/GunMain/SK_FPS_Player_Weapon_3_DefaultMaterial_Normal.uasset" 4058
"../../../../../../Users/Ali imran/Documents/GitHub/SpaceRatTestBP/Content/Weapons/GunMain/SK_FPS_Player_Weapon_3_DefaultMaterial_OcclusionRoughnessMetallic.uasset" 4059
"../../../../../../Users/Ali imran/Documents/GitHub/SpaceRatTestBP/Content/Mat/MatReload.uasset" 4060
"../../../../../../Users/Ali imran/Documents/GitHub/SpaceRatTestBP/Content/Weapons/GunMain/Body.uasset" 4061
"../../../../../../Users/Ali imran/Documents/GitHub/SpaceRatTestBP/Content/Weapons/GunMain/GunMPP_PhysicsAsset.uasset" 4062
"../../../../../../Users/Ali imran/Documents/GitHub/SpaceRatTestBP/Content/Weapons/GunMain/GunMPP_Skeleton.uasset" 4063
"../../../../../../Users/Ali imran/Documents/GitHub/SpaceRatTestBP/Content/Characters/Mannequins/Anims/Unarmed/ABP_Unarmed.uasset" 4064
"../../../../../../Users/Ali imran/Documents/GitHub/SpaceRatTestBP/Content/FirstPerson/Anims/ABP_FP_Copy.uasset" 4065
"../../../../../../Users/Ali imran/Documents/GitHub/SpaceRatTestBP/Content/FirstPerson/MPPContent/FirstPerson/Blueprints/AbilityQProjectile.uasset" 4066
"../../../../../../Users/Ali imran/Documents/GitHub/SpaceRatTestBP/Content/Characters/Mannequins/Meshes/SKM_Manny_Simple.uasset" 4067
"../../../../../../Users/Ali imran/Documents/GitHub/SpaceRatTestBP/Content/Characters/Mannequins/Meshes/SKM_Quinn_Simple.uasset" 4068
"../../../../../../Users/Ali imran/Documents/GitHub/SpaceRatTestBP/Content/PauseMenu.uasset" 4069
"../../../../../../Users/Ali imran/Documents/GitHub/SpaceRatTestBP/Content/Characters/Mannequins/Anims/Rifle/AIM/MM_Rifle_Idle_ADS_AO_CC.uasset" 4070
"../../../../../../Users/Ali imran/Documents/GitHub/SpaceRatTestBP/Content/Characters/Mannequins/Anims/Rifle/AIM/MM_Rifle_Idle_ADS_AO_CD.uasset" 4071
"../../../../../../Users/Ali imran/Documents/GitHub/SpaceRatTestBP/Content/Characters/Mannequins/Anims/Rifle/AIM/MM_Rifle_Idle_ADS_AO_CU.uasset" 4072
"../../../Engine/Content/Animation/DefaultAnimBoneCompressionSettings.uasset" 4073
"../../../Engine/Content/Animation/DefaultAnimCurveCompressionSettings.uasset" 4074
"../../../../../../Users/Ali imran/Documents/GitHub/SpaceRatTestBP/Content/Characters/Mannequins/Anims/Unarmed/Jog/MF_Unarmed_Jog_Bwd.uasset" 4075
"../../../../../../Users/Ali imran/Documents/GitHub/SpaceRatTestBP/Content/Characters/Mannequins/Anims/Unarmed/Jog/MF_Unarmed_Jog_Bwd_Left.uasset" 4076
"../../../../../../Users/Ali imran/Documents/GitHub/SpaceRatTestBP/Content/Characters/Mannequins/Anims/Unarmed/Jog/MF_Unarmed_Jog_Bwd_Right.uasset" 4077
"../../../../../../Users/Ali imran/Documents/GitHub/SpaceRatTestBP/Content/Characters/Mannequins/Anims/Unarmed/Jog/MF_Unarmed_Jog_Fwd.uasset" 4078
"../../../../../../Users/Ali imran/Documents/GitHub/SpaceRatTestBP/Content/Characters/Mannequins/Anims/Unarmed/Jog/MF_Unarmed_Jog_Fwd_Left.uasset" 4079
"../../../../../../Users/Ali imran/Documents/GitHub/SpaceRatTestBP/Content/Characters/Mannequins/Anims/Unarmed/Jog/MF_Unarmed_Jog_Fwd_Right.uasset" 4080
"../../../../../../Users/Ali imran/Documents/GitHub/SpaceRatTestBP/Content/Characters/Mannequins/Anims/Unarmed/Jog/MF_Unarmed_Jog_Left.uasset" 4081
"../../../../../../Users/Ali imran/Documents/GitHub/SpaceRatTestBP/Content/Characters/Mannequins/Anims/Unarmed/Jog/MF_Unarmed_Jog_Right.uasset" 4082
"../../../../../../Users/Ali imran/Documents/GitHub/SpaceRatTestBP/Content/Characters/Mannequins/Anims/Unarmed/Walk/MF_Unarmed_Walk_Bwd.uasset" 4083
"../../../../../../Users/Ali imran/Documents/GitHub/SpaceRatTestBP/Content/Characters/Mannequins/Anims/Unarmed/Walk/MF_Unarmed_Walk_Bwd_Left.uasset" 4084
"../../../../../../Users/Ali imran/Documents/GitHub/SpaceRatTestBP/Content/Characters/Mannequins/Anims/Unarmed/Walk/MF_Unarmed_Walk_Bwd_Right.uasset" 4085
"../../../../../../Users/Ali imran/Documents/GitHub/SpaceRatTestBP/Content/Characters/Mannequins/Anims/Unarmed/Walk/MF_Unarmed_Walk_Fwd.uasset" 4086
"../../../../../../Users/Ali imran/Documents/GitHub/SpaceRatTestBP/Content/Characters/Mannequins/Anims/Unarmed/Walk/MF_Unarmed_Walk_Fwd_Left.uasset" 4087
"../../../../../../Users/Ali imran/Documents/GitHub/SpaceRatTestBP/Content/Characters/Mannequins/Anims/Unarmed/Walk/MF_Unarmed_Walk_Fwd_Right.uasset" 4088
"../../../../../../Users/Ali imran/Documents/GitHub/SpaceRatTestBP/Content/Characters/Mannequins/Anims/Unarmed/Walk/MF_Unarmed_Walk_Left.uasset" 4089
"../../../../../../Users/Ali imran/Documents/GitHub/SpaceRatTestBP/Content/Characters/Mannequins/Anims/Unarmed/Walk/MF_Unarmed_Walk_Right.uasset" 4090
"../../Plugins/FX/Niagara/Content/DefaultAssets/DefaultRIbbonMaterial.uasset" 4091
"../../Plugins/FX/Niagara/Content/Modules/Emitter/SpawnRate.uasset" 4092
"../../Plugins/FX/Niagara/Content/Modules/Update/Color/Color.uasset" 4093
"../../../../../../Users/Ali imran/Documents/GitHub/SpaceRatTestBP/Content/FPWeapon/Materials/FirstPersonProjectileMaterial.uasset" 4094
"../../../Engine/Content/Functions/Engine_MaterialFunctions03/Math/RemapValueRange.uasset" 4095
"../../Plugins/Interchange/Assets/Content/Functions/MF_Iridescence.uasset" 4096
"../../Plugins/Interchange/Assets/Content/Functions/MF_OrenNayerView.uasset" 4097
"../../Plugins/Interchange/Assets/Content/Functions/MF_SchlickApprox.uasset" 4098
"../../../Engine/Content/EngineMaterials/FlatNormal.uasset" 4099
"../../Plugins/Interchange/Assets/Content/Utilities/New_LUT.uasset" 4100
"../../../../../../Users/Ali imran/Documents/GitHub/SpaceRatTestBP/Content/LevelPrototyping/Materials/MI_DefaultColorway.uasset" 4101
"../../../../../../Users/Ali imran/Documents/GitHub/SpaceRatTestBP/Content/Weapons/GrenadeLauncher/Materials/M_ProjectileBullet.uasset" 4102
"../../Plugins/Interchange/Assets/Content/Materials/FBXLegacyPhongSurfaceMaterial.uasset" 4103
"../../../../../../Users/Ali imran/Documents/GitHub/SpaceRatTestBP/Content/Characters/Mannequins/Rigs/CR_Mannequin_FootIK.uasset" 4104
"../../../../../../Users/Ali imran/Documents/GitHub/SpaceRatTestBP/Content/FirstPerson/Anims/CtrlRig_FPWarp.uasset" 4105
"../../../../../../Users/Ali imran/Documents/GitHub/SpaceRatTestBP/Content/NiagaraExamples/Materials/MI_Overlay_Player_Buff.uasset" 4106
"../../../../../../Users/Ali imran/Documents/GitHub/SpaceRatTestBP/Content/StarterContent/Particles/P_Explosion.uasset" 4107
"../../../../../../Users/Ali imran/Documents/GitHub/SpaceRatTestBP/Content/Characters/Mannequins/Materials/Manny/MI_Manny_01_New.uasset" 4108
"../../../../../../Users/Ali imran/Documents/GitHub/SpaceRatTestBP/Content/Characters/Mannequins/Materials/Manny/MI_Manny_02_New.uasset" 4109
"../../../../../../Users/Ali imran/Documents/GitHub/SpaceRatTestBP/Content/Characters/Mannequins/Rigs/PA_Mannequin.uasset" 4110
"../../../../../../Users/Ali imran/Documents/GitHub/SpaceRatTestBP/Content/Characters/Mannequins/Materials/Quinn/MI_Quinn_01.uasset" 4111
"../../../../../../Users/Ali imran/Documents/GitHub/SpaceRatTestBP/Content/Characters/Mannequins/Materials/Quinn/MI_Quinn_02.uasset" 4112
"../../../../../../Users/Ali imran/Documents/GitHub/SpaceRatTestBP/Content/UiMap/exit_hover.uasset" 4113
"../../../../../../Users/Ali imran/Documents/GitHub/SpaceRatTestBP/Content/UiMap/exit_idle.uasset" 4114
"../../../../../../Users/Ali imran/Documents/GitHub/SpaceRatTestBP/Content/UiMap/exit_press.uasset" 4115
"../../../../../../Users/Ali imran/Documents/GitHub/SpaceRatTestBP/Content/UiMap/menu_base.uasset" 4116
"../../../../../../Users/Ali imran/Documents/GitHub/SpaceRatTestBP/Content/UiMap/settings_hover.uasset" 4117
"../../../../../../Users/Ali imran/Documents/GitHub/SpaceRatTestBP/Content/UiMap/settings_idle.uasset" 4118
"../../../../../../Users/Ali imran/Documents/GitHub/SpaceRatTestBP/Content/UiMap/settings_press.uasset" 4119
"../../../../../../Users/Ali imran/Documents/GitHub/SpaceRatTestBP/Content/UiMap/start_hover.uasset" 4120
"../../../../../../Users/Ali imran/Documents/GitHub/SpaceRatTestBP/Content/UiMap/start_idle.uasset" 4121
"../../../../../../Users/Ali imran/Documents/GitHub/SpaceRatTestBP/Content/FPWeapon/Materials/BaseMaterial.uasset" 4122
"../../../../../../Users/Ali imran/Documents/GitHub/SpaceRatTestBP/Content/LevelPrototyping/Materials/M_FlatCol.uasset" 4123
"../../Plugins/Interchange/Assets/Content/Functions/MF_PhongToMetalRoughness.uasset" 4124
"../../../Engine/Content/EngineMaterials/DefaultNormal.uasset" 4125
"../../../../../../Users/Ali imran/Documents/GitHub/SpaceRatTestBP/Content/NiagaraExamples/Materials/MasterMaterials/M_Mesh_Overlay.uasset" 4126
"../../../../../../Users/Ali imran/Documents/GitHub/SpaceRatTestBP/Content/StarterContent/Particles/Materials/M_Burst.uasset" 4127
"../../../../../../Users/Ali imran/Documents/GitHub/SpaceRatTestBP/Content/StarterContent/Particles/Materials/M_explosion_subUV.uasset" 4128
"../../../../../../Users/Ali imran/Documents/GitHub/SpaceRatTestBP/Content/StarterContent/Particles/Materials/m_flare_01.uasset" 4129
"../../../../../../Users/Ali imran/Documents/GitHub/SpaceRatTestBP/Content/StarterContent/Particles/Materials/M_radial_ramp.uasset" 4130
"../../../../../../Users/Ali imran/Documents/GitHub/SpaceRatTestBP/Content/StarterContent/Particles/Materials/M_smoke_subUV.uasset" 4131
"../../../../../../Users/Ali imran/Documents/GitHub/SpaceRatTestBP/Content/Characters/Mannequins/Materials/M_Mannequin.uasset" 4132
"../../../../../../Users/Ali imran/Documents/GitHub/SpaceRatTestBP/Content/Characters/Mannequins/Textures/Manny/T_Manny_01_BN.uasset" 4133
"../../../../../../Users/Ali imran/Documents/GitHub/SpaceRatTestBP/Content/Characters/Mannequins/Textures/Manny/T_Manny_01_D.uasset" 4134
"../../../../../../Users/Ali imran/Documents/GitHub/SpaceRatTestBP/Content/Characters/Mannequins/Textures/Manny/T_Manny_01_MRA.uasset" 4135
"../../../../../../Users/Ali imran/Documents/GitHub/SpaceRatTestBP/Content/Characters/Mannequins/Textures/Manny/T_Manny_02_BN.uasset" 4136
"../../../../../../Users/Ali imran/Documents/GitHub/SpaceRatTestBP/Content/Characters/Mannequins/Textures/Manny/T_Manny_02_D.uasset" 4137
"../../../../../../Users/Ali imran/Documents/GitHub/SpaceRatTestBP/Content/Characters/Mannequins/Textures/Manny/T_Manny_02_MRA.uasset" 4138
"../../../../../../Users/Ali imran/Documents/GitHub/SpaceRatTestBP/Content/Characters/Mannequins/Textures/Quinn/T_Quinn_01_D.uasset" 4139
"../../../../../../Users/Ali imran/Documents/GitHub/SpaceRatTestBP/Content/Characters/Mannequins/Textures/Quinn/T_Quinn_01_MRA.uasset" 4140
"../../../../../../Users/Ali imran/Documents/GitHub/SpaceRatTestBP/Content/Characters/Mannequins/Textures/Quinn/T_Quinn_01_N.uasset" 4141
"../../../../../../Users/Ali imran/Documents/GitHub/SpaceRatTestBP/Content/Characters/Mannequins/Textures/Quinn/T_Quinn_02_D.uasset" 4142
"../../../../../../Users/Ali imran/Documents/GitHub/SpaceRatTestBP/Content/Characters/Mannequins/Textures/Quinn/T_Quinn_02_MRA.uasset" 4143
"../../../../../../Users/Ali imran/Documents/GitHub/SpaceRatTestBP/Content/Characters/Mannequins/Textures/Quinn/T_Quinn_02_N.uasset" 4144
"../../../../../../Users/Ali imran/Documents/GitHub/SpaceRatTestBP/Content/StarterContent/Textures/T_Burst_M.uasset" 4145
"../../../../../../Users/Ali imran/Documents/GitHub/SpaceRatTestBP/Content/StarterContent/Textures/T_Explosion_SubUV.uasset" 4146
"../../../Engine/Content/Functions/Engine_MaterialFunctions01/Gradient/RadialGradient.uasset" 4147
"../../../../../../Users/Ali imran/Documents/GitHub/SpaceRatTestBP/Content/StarterContent/Textures/T_Smoke_SubUV.uasset" 4148
"../../../../../../Users/Ali imran/Documents/GitHub/SpaceRatTestBP/Content/StarterContent/Textures/T_Smoke_Tiled_D.uasset" 4149
"../../../../../../Users/Ali imran/Documents/GitHub/SpaceRatTestBP/Content/Characters/Mannequins/Textures/Shared/T_UE_Logo_M.uasset" 4150
"../../../Engine/Content/EngineSounds/Submixes/MasterReverbEffectPreset.uasset" 4151
"../../../Engine/Content/EngineSounds/Submixes/MasterReverbSubmixDefault.uasset" 4152
"../../../Engine/Content/EngineSounds/Submixes/MasterEQSubmixDefault.uasset" 4153
"../../../Engine/Content/EngineSounds/Submixes/MasterEQEffectPreset.uasset" 4154
"C:/Users/Ali imran/Documents/GitHub/SpaceRatTestBP/Content/NiagaraExamples/FX_NDC/NDC_Footsteps.uasset" 4155
"../../../Engine/Content/EngineSounds/Submixes/MasterSubmixDefault.uasset" 4156
"../../../Engine/Plugins/Interchange/Assets/Content/gltf/Textures/T_Anisotropy_Direction_Linear.uasset" 4157
"../../../Engine/Plugins/Interchange/Assets/Content/gltf/MaterialFunctions/MF_TransformUVs.uasset" 4158
"../../../Engine/Plugins/Interchange/Assets/Content/gltf/MaterialFunctions/MF_SpecularAnisotropy.uasset" 4159
"../../../Engine/Plugins/Interchange/Assets/Content/gltf/MaterialFunctions/MF_RotateV2.uasset" 4160
"C:/Users/Ali imran/Documents/GitHub/SpaceRatTestBP/Content/FirstPerson/Blueprints/BP_FirstPersonGameMode.uasset" 4161
"../../../Engine/Plugins/Interchange/Assets/Content/gltf/MaterialFunctions/MF_Occlusion.uasset" 4162
"../../../Engine/Plugins/Interchange/Assets/Content/gltf/MaterialFunctions/MF_ScaleNormal.uasset" 4163
"../../../Engine/Plugins/Interchange/Assets/Content/gltf/MaterialFunctions/MF_Specular.uasset" 4164
"../../../Engine/Plugins/Interchange/Assets/Content/Functions/MF_IridescenceNoLUT.uasset" 4165
"../../../Engine/Plugins/Interchange/Assets/Content/gltf/MaterialFunctions/MF_Normals.uasset" 4166
"../../../Engine/Plugins/Interchange/Assets/Content/gltf/MaterialFunctions/MF_MetallicRoughness.uasset" 4167
"../../../Engine/Plugins/Interchange/Assets/Content/gltf/MaterialFunctions/MF_Iridescence.uasset" 4168
"../../../Engine/Plugins/Interchange/Assets/Content/gltf/MaterialFunctions/MF_IOR.uasset" 4169
"../../../Engine/Plugins/Interchange/Assets/Content/gltf/MaterialFunctions/MF_Emissive.uasset" 4170
"../../../Engine/Plugins/Interchange/Assets/Content/gltf/Textures/T_White_Linear.uasset" 4171
"../../../Engine/Plugins/Interchange/Assets/Content/gltf/MaterialFunctions/MF_RotateNormals_TS.uasset" 4172
"../../../Engine/Plugins/Interchange/Assets/Content/gltf/Textures/T_Generic_N.uasset" 4173
"../../../Engine/Plugins/Interchange/Assets/Content/gltf/Textures/T_White_srgb.uasset" 4174
"../../../Engine/Plugins/Interchange/Assets/Content/gltf/MaterialFunctions/MF_BaseColor.uasset" 4175
"../../../Engine/Plugins/Interchange/Assets/Content/gltf/MaterialInstances/MI_ClearCoat_Opaque.uasset" 4176
"../../../Engine/Plugins/Interchange/Assets/Content/gltf/MaterialFunctions/MF_Clearcoat.uasset" 4177
"../../../Engine/Plugins/Interchange/Assets/Content/gltf/MaterialBodies/MF_ClearCoat_Body.uasset" 4178
"../../../Engine/Plugins/Interchange/Assets/Content/gltf/M_ClearCoat.uasset" 4179
"/Game/FirstPerson/Blueprints/BP_FirstPersonGameMode" 4180
"/Engine/EngineSounds/Submixes/MasterReverbEffectPreset" 4181
"/Engine/EngineSounds/Submixes/MasterEQEffectPreset" 4182
"/Engine/EngineSounds/Submixes/MasterEQSubmixDefault" 4183
"/InterchangeAssets/gltf/MaterialFunctions/MF_RotateV2" 4184
"../../../Engine/Plugins/Interchange/Assets/Content/gltf/MaterialInstances/MI_ClearCoat_Blend.uasset" 4185
"/InterchangeAssets/gltf/MaterialFunctions/MF_TransformUVs" 4186
"../../../Engine/Plugins/Interchange/Assets/Content/gltf/MaterialInstances/MI_ClearCoat_Opaque_DS.uasset" 4187
"../../../Engine/Plugins/Interchange/Assets/Content/gltf/MaterialInstances/MI_ClearCoat_Mask.uasset" 4188
"/InterchangeAssets/gltf/Textures/T_Anisotropy_Direction_Linear" 4189
"/InterchangeAssets/gltf/MaterialFunctions/MF_SpecularAnisotropy" 4190
"/InterchangeAssets/gltf/MaterialFunctions/MF_Specular" 4191
"/InterchangeAssets/gltf/MaterialFunctions/MF_Occlusion" 4192
"/InterchangeAssets/gltf/MaterialFunctions/MF_ScaleNormal" 4193
"/InterchangeAssets/gltf/MaterialFunctions/MF_Normals" 4194
"/InterchangeAssets/gltf/MaterialFunctions/MF_MetallicRoughness" 4195
"/InterchangeAssets/Functions/MF_IridescenceNoLUT" 4196
"/InterchangeAssets/gltf/MaterialFunctions/MF_Iridescence" 4197
"/InterchangeAssets/gltf/MaterialFunctions/MF_IOR" 4198
"/InterchangeAssets/gltf/MaterialFunctions/MF_Emissive" 4199
"/InterchangeAssets/gltf/MaterialFunctions/MF_Clearcoat" 4200
"/InterchangeAssets/gltf/MaterialFunctions/MF_BaseColor" 4201
"/InterchangeAssets/gltf/MaterialBodies/MF_ClearCoat_Body" 4202
"/InterchangeAssets/gltf/M_ClearCoat" 4203
"/InterchangeAssets/gltf/MaterialInstances/MI_ClearCoat_Opaque" 4204
"../../../Engine/Plugins/Interchange/Assets/Content/gltf/MaterialBodies/MF_Default_Body.uasset" 4205
"/InterchangeAssets/gltf/MaterialInstances/MI_ClearCoat_Opaque_DS" 4206
"/InterchangeAssets/gltf/MaterialInstances/MI_ClearCoat_Blend" 4207
"/InterchangeAssets/gltf/MaterialInstances/MI_ClearCoat_Mask" 4208
"../../../Engine/Plugins/Interchange/Assets/Content/gltf/M_Default.uasset" 4209
"/InterchangeAssets/gltf/MaterialBodies/MF_Default_Body" 4210
"../../../Engine/Plugins/Interchange/Assets/Content/gltf/MaterialInstances/MI_ClearCoat_Blend_DS.uasset" 4211
"../../../Engine/Plugins/Interchange/Assets/Content/gltf/MaterialInstances/MI_ClearCoat_Mask_DS.uasset" 4212
"../../../Engine/Plugins/Interchange/Assets/Content/gltf/MaterialInstances/MI_Default_Mask.uasset" 4213
"../../../Engine/Plugins/Interchange/Assets/Content/gltf/MaterialInstances/MI_Default_Opaque_DS.uasset" 4214
"/InterchangeAssets/gltf/MaterialInstances/MI_Default_Mask" 4215
"../../../Engine/Plugins/Interchange/Assets/Content/gltf/MaterialInstances/MI_Default_Opaque.uasset" 4216
"../../../Engine/Plugins/Interchange/Assets/Content/gltf/MaterialInstances/MI_Default_Mask_DS.uasset" 4217
"../../../Engine/Plugins/Interchange/Assets/Content/gltf/MaterialFunctions/MF_Sheen.uasset" 4218
"../../../Engine/Plugins/Interchange/Assets/Content/gltf/M_Sheen.uasset" 4219
"../../../Engine/Plugins/Interchange/Assets/Content/gltf/MaterialBodies/MF_Sheen_Body.uasset" 4220
"../../../Engine/Plugins/Interchange/Assets/Content/gltf/MaterialInstances/MI_Default_Blend.uasset" 4221
"../../../Engine/Plugins/Interchange/Assets/Content/gltf/MaterialInstances/MI_Sheen_Opaque.uasset" 4222
"../../../Engine/Plugins/Interchange/Assets/Content/gltf/MaterialInstances/MI_Sheen_Mask.uasset" 4223
"../../../Engine/Plugins/Interchange/Assets/Content/gltf/MaterialInstances/MI_Sheen_Blend.uasset" 4224
"../../../Engine/Plugins/Interchange/Assets/Content/gltf/MaterialInstances/MI_Sheen_Opaque_DS.uasset" 4225
"../../../Engine/Plugins/Interchange/Assets/Content/gltf/MaterialInstances/MI_Sheen_Mask_DS.uasset" 4226
"../../../Engine/Plugins/Interchange/Assets/Content/gltf/MaterialFunctions/MF_Transmission.uasset" 4227
"../../../Engine/Plugins/Interchange/Assets/Content/gltf/MaterialFunctions/MF_Temporal_Blur.uasset" 4228
"../../../Engine/Plugins/Interchange/Assets/Content/gltf/MaterialInstances/MI_Default_Blend_DS.uasset" 4229
"../../../Engine/Plugins/Interchange/Assets/Content/gltf/MaterialFunctions/MF_Fresnel_DS.uasset" 4230
"../../../Engine/Content/Functions/Engine_MaterialFunctions02/Texturing/ScreenAlignedPixelToPixelUVs.uasset" 4231
"../../../Engine/Plugins/Interchange/Assets/Content/gltf/M_Transmission.uasset" 4232
"../../../Engine/Plugins/Interchange/Assets/Content/gltf/MaterialBodies/MF_Transmission_Body.uasset" 4233
"../../../Engine/Plugins/Interchange/Assets/Content/gltf/MaterialInstances/MI_Sheen_Blend_DS.uasset" 4234
"../../../Engine/Plugins/Interchange/Assets/Content/gltf/MaterialInstances/MI_Transmission_DS.uasset" 4235
"../../../Engine/Content/Functions/Engine_MaterialFunctions02/Math/AddComponents.uasset" 4236
"../../../Engine/Plugins/Interchange/Assets/Content/gltf/MaterialFunctions/MF_SpecGlossToMetalRoughness.uasset" 4237
"../../../Engine/Plugins/Interchange/Assets/Content/gltf/MaterialFunctions/MF_PerceivedBrightness.uasset" 4238
"../../../Engine/Plugins/Interchange/Assets/Content/gltf/MaterialBodies/MF_SpecularGlossiness_Body.uasset" 4239
"../../../Engine/Plugins/Interchange/Assets/Content/gltf/MaterialInstances/MI_Transmission.uasset" 4240
"../../../Engine/Plugins/Interchange/Assets/Content/gltf/MaterialFunctions/MF_MaxComponentValue.uasset" 4241
"../../../Engine/Plugins/Interchange/Assets/Content/gltf/MaterialFunctions/MF_DiffuseSpecGloss.uasset" 4242
"../../../Engine/Plugins/Interchange/Assets/Shaders/ThinFilmFunctions.usf" 4243
"/InterchangeAssets/gltf/MaterialInstances/MI_ClearCoat_Blend_DS" 4244
"/InterchangeAssets/gltf/MaterialInstances/MI_ClearCoat_Mask_DS" 4245
"/InterchangeAssets/gltf/MaterialFunctions/MF_PerceivedBrightness" 4246
"/InterchangeAssets/gltf/MaterialInstances/MI_Transmission_DS" 4247
"../../../Engine/Plugins/Interchange/Assets/Content/gltf/MaterialInstances/MI_SpecularGlossiness_Mask.uasset" 4248
"../../../Engine/Plugins/Interchange/Assets/Content/gltf/MaterialInstances/MI_SpecularGlossiness_Opaque.uasset" 4249
"/InterchangeAssets/gltf/MaterialInstances/MI_Transmission" 4250
"/InterchangeAssets/gltf/MaterialInstances/MI_Sheen_Blend_DS" 4251
"../../../Engine/Plugins/Interchange/Assets/Content/gltf/MaterialInstances/MI_SpecularGlossiness_Blend.uasset" 4252
"../../../Engine/Plugins/Interchange/Assets/Content/gltf/M_SpecularGlossiness.uasset" 4253
"/InterchangeAssets/gltf/MaterialInstances/MI_Sheen_Mask_DS" 4254
"/InterchangeAssets/gltf/MaterialFunctions/MF_DiffuseSpecGloss" 4255
"/InterchangeAssets/gltf/MaterialFunctions/MF_MaxComponentValue" 4256
"/InterchangeAssets/gltf/MaterialFunctions/MF_SpecGlossToMetalRoughness" 4257
"/InterchangeAssets/gltf/MaterialInstances/MI_Sheen_Opaque_DS" 4258
"/InterchangeAssets/gltf/MaterialInstances/MI_Sheen_Blend" 4259
"/InterchangeAssets/gltf/MaterialInstances/MI_Sheen_Mask" 4260
"/InterchangeAssets/gltf/MaterialInstances/MI_Sheen_Opaque" 4261
"/InterchangeAssets/gltf/MaterialInstances/MI_Default_Blend_DS" 4262
"/InterchangeAssets/gltf/MaterialInstances/MI_Default_Mask_DS" 4263
"/InterchangeAssets/gltf/MaterialInstances/MI_Default_Opaque_DS" 4264
"/InterchangeAssets/gltf/MaterialInstances/MI_Default_Blend" 4265
"/InterchangeAssets/gltf/MaterialInstances/MI_Default_Opaque" 4266
"/InterchangeAssets/gltf/MaterialBodies/MF_SpecularGlossiness_Body" 4267
"/InterchangeAssets/gltf/MaterialInstances/MI_SpecularGlossiness_Blend" 4268
"/InterchangeAssets/gltf/MaterialInstances/MI_SpecularGlossiness_Mask" 4269
"/InterchangeAssets/gltf/MaterialInstances/MI_SpecularGlossiness_Opaque" 4270
"../../../Engine/Plugins/Interchange/Assets/Content/gltf/MaterialBodies/MF_Unlit_Body.uasset" 4271
"/InterchangeAssets/gltf/MaterialBodies/MF_Unlit_Body" 4272
"../../../Engine/Plugins/Interchange/Assets/Content/gltf/MaterialInstances/MI_SpecularGlossiness_Blend_DS.uasset" 4273
"../../../Engine/Plugins/Interchange/Assets/Content/gltf/M_Unlit.uasset" 4274
"../../../Engine/Plugins/Interchange/Assets/Content/gltf/MaterialInstances/MI_SpecularGlossiness_Opaque_DS.uasset" 4275
"../../../Engine/Plugins/Interchange/Assets/Content/gltf/MaterialInstances/MI_Unlit_Opaque.uasset" 4276
"../../../Engine/Plugins/Interchange/Assets/Content/gltf/MaterialInstances/MI_SpecularGlossiness_Mask_DS.uasset" 4277
"../../../Engine/Plugins/Interchange/Assets/Content/gltf/MaterialInstances/MI_Unlit_Mask_DS.uasset" 4278
"../../../Engine/Plugins/Interchange/Assets/Content/gltf/MaterialInstances/MI_Unlit_Mask.uasset" 4279
"../../../Engine/Plugins/Interchange/Assets/Content/gltf/MaterialInstances/MI_Unlit_Opaque_DS.uasset" 4280
"../../../Engine/Content/Functions/Engine_MaterialFunctions01/Volumetrics/BeersLaw.uasset" 4281
"../../../Engine/Plugins/Interchange/Assets/Content/gltf/MaterialInstances/MI_Unlit_Blend.uasset" 4282
"../../../Engine/Plugins/Interchange/Assets/Content/Functions/MX_StandardSurface.uasset" 4283
"../../../Engine/Plugins/Interchange/Assets/Content/Functions/MX_TransmissionSurface.uasset" 4284
"../../../Engine/Plugins/Interchange/Assets/Content/gltf/MaterialInstances/MI_Unlit_Blend_DS.uasset" 4285
"../../../Engine/Content/Functions/Substrate/MF_SchlickInternal.uasset" 4286
"../../../Engine/Plugins/Interchange/Assets/Content/Functions/MX_Transmission.uasset" 4287
"../../../Engine/Plugins/Interchange/Assets/Content/Functions/MX_OpenPBR_Translucent.uasset" 4288
"/InterchangeAssets/Functions/MX_OpenPBR_Translucent" 4289
"/InterchangeAssets/gltf/MaterialInstances/MI_Unlit_Blend_DS" 4290
"/InterchangeAssets/gltf/MaterialInstances/MI_Unlit_Mask_DS" 4291
"/InterchangeAssets/gltf/MaterialInstances/MI_Unlit_Opaque_DS" 4292
"/InterchangeAssets/gltf/MaterialInstances/MI_Unlit_Blend" 4293
"/InterchangeAssets/gltf/MaterialInstances/MI_Unlit_Mask" 4294
"/InterchangeAssets/gltf/MaterialInstances/MI_Unlit_Opaque" 4295
"/InterchangeAssets/gltf/MaterialInstances/MI_SpecularGlossiness_Blend_DS" 4296
"/InterchangeAssets/gltf/MaterialInstances/MI_SpecularGlossiness_Mask_DS" 4297
"/InterchangeAssets/gltf/MaterialInstances/MI_SpecularGlossiness_Opaque_DS" 4298
"C:/Users/Ali imran/Documents/GitHub/SpaceRatTestBP/Content/UiMap/IMG_5705.uasset" 4299
"C:/Users/Ali imran/Documents/GitHub/SpaceRatTestBP/Content/UiMap/MainMenu.uasset" 4300
"C:/Users/Ali imran/Documents/GitHub/SpaceRatTestBP/Content/MainMenuMap.umap" 4301
"../../../Engine/Plugins/Interchange/Assets/Content/Functions/MX_OpenPBR_Opaque.uasset" 4302
"../../../Engine/Plugins/Animation/ControlRig/Content/Controls/ControlRig_Arrow4_1mm.uasset" 4303
"../../../Engine/Plugins/Animation/ControlRig/Content/Controls/ControlRig_Arrow2_1mm.uasset" 4304
"../../../Engine/Plugins/Animation/ControlRig/Content/Controls/ControlRig_Arrow2_3mm.uasset" 4305
"../../../Engine/Plugins/Animation/ControlRig/Content/Controls/ControlRig_Sphere_solid.uasset" 4306
"/ControlRig/Controls/ControlRig_Arrow4_1mm" 4307
"/ControlRig/Controls/ControlRig_Arrow2_3mm" 4308
"../../../Engine/Plugins/Animation/ControlRig/Content/Controls/ControlRig_Arrow4_solid.uasset" 4309
"/ControlRig/Controls/ControlRig_Arrow2_1mm" 4310
"../../../Engine/Plugins/Animation/ControlRig/Content/Controls/ControlRig_Arrow4_3mm.uasset" 4311
"/ControlRig/Controls/ControlRig_Sphere_solid" 4312
"../../../Engine/Plugins/Animation/ControlRig/Content/Controls/ControlRig_Arrow2_solid.uasset" 4313
"/InterchangeAssets/Functions/MX_OpenPBR_Opaque" 4314
"../../../Engine/Plugins/Animation/ControlRig/Content/Controls/ControlRig_Arrow_1mm.uasset" 4315
"../../../Engine/Plugins/Animation/ControlRig/Content/Controls/ControlRig_Arrow_solid.uasset" 4316
"../../../Engine/Plugins/Animation/ControlRig/Content/Controls/ControlRig_Arrow_3mm.uasset" 4317
"/Game/MainMenuMap" 4318
"../../../Engine/Plugins/Animation/ControlRig/Content/Controls/ControlRig_Circle_3mm.uasset" 4319
"../../../Engine/Plugins/Animation/ControlRig/Content/Controls/ControlRig_Box_3mm.uasset" 4320
"../../../Engine/Plugins/Animation/ControlRig/Content/Controls/ControlRig_Box_1mm.uasset" 4321
"../../../Engine/Plugins/Animation/ControlRig/Content/Controls/ControlRig_Box_solid.uasset" 4322
"../../../Engine/Plugins/Animation/ControlRig/Content/Controls/ControlRig_Circle_1mm.uasset" 4323
"../../../Engine/Plugins/Animation/ControlRig/Content/Controls/ControlRig_Circle_solid.uasset" 4324
"../../../Engine/Plugins/Animation/ControlRig/Content/Controls/ControlRig_HalfCircle_1mm.uasset" 4325
"../../../Engine/Plugins/Animation/ControlRig/Content/Controls/ControlRig_Diamond_solid.uasset" 4326
"../../../Engine/Plugins/Animation/ControlRig/Content/Controls/ControlRig_Diamond_1mm.uasset" 4327
"../../../Engine/Plugins/Animation/ControlRig/Content/Controls/ControlRig_HalfCircle_solid.uasset" 4328
"../../../Engine/Plugins/Animation/ControlRig/Content/Controls/ControlRig_Diamond_3mm.uasset" 4329
"../../../Engine/Plugins/Animation/ControlRig/Content/Controls/ControlRig_Hexagon_solid.uasset" 4330
"../../../Engine/Plugins/Animation/ControlRig/Content/Controls/ControlRig_Hexagon_3mm.uasset" 4331
"../../../Engine/Plugins/Animation/ControlRig/Content/Controls/ControlRig_HalfCircle_3mm.uasset" 4332
"../../../Engine/Plugins/Animation/ControlRig/Content/Controls/ControlRig_Hexagon_1mm.uasset" 4333
"../../../Engine/Plugins/Animation/ControlRig/Content/Controls/ControlRig_Octagon_1mm.uasset" 4334
"../../../../../../Users/Ali imran/Documents/GitHub/SpaceRatTestBP/Content/MainMenuMap.umap" 4335
"/ControlRig/Controls/ControlRig_Octagon_1mm" 4336
"/ControlRig/Controls/ControlRig_Hexagon_solid" 4337
"/ControlRig/Controls/ControlRig_Hexagon_3mm" 4338
"/ControlRig/Controls/ControlRig_Hexagon_1mm" 4339
"/ControlRig/Controls/ControlRig_HalfCircle_solid" 4340
"/ControlRig/Controls/ControlRig_HalfCircle_3mm" 4341
"../../../Engine/Plugins/Animation/ControlRig/Content/Controls/ControlRig_Octagon_3mm.uasset" 4342
"/ControlRig/Controls/ControlRig_HalfCircle_1mm" 4343
"../../../Engine/Plugins/Animation/ControlRig/Content/Controls/ControlRig_Octagon_solid.uasset" 4344
"../../../Engine/Plugins/Animation/ControlRig/Content/Controls/ControlRig_Pyramid_3mm.uasset" 4345
"../../../Engine/Plugins/Animation/ControlRig/Content/Controls/ControlRig_QuarterCircle_1mm.uasset" 4346
"../../../Engine/Plugins/Animation/ControlRig/Content/Controls/ControlRig_Pyramid_solid.uasset" 4347
"../../../Engine/Plugins/Animation/ControlRig/Content/Controls/ControlRig_Pyramid_1mm.uasset" 4348
"../../../Engine/Plugins/Animation/ControlRig/Content/Controls/ControlRig_RoundedSquare_1mm.uasset" 4349
"../../../Engine/Plugins/Animation/ControlRig/Content/Controls/ControlRig_RoundedSquare_3mm.uasset" 4350
"../../../Engine/Plugins/Animation/ControlRig/Content/Controls/ControlRig_QuarterCircle_3mm.uasset" 4351
"../../../Engine/Plugins/Animation/ControlRig/Content/Controls/ControlRig_QuarterCircle_solid.uasset" 4352
"/ControlRig/Controls/ControlRig_Diamond_solid" 4353
"/ControlRig/Controls/ControlRig_Diamond_3mm" 4354
"/ControlRig/Controls/ControlRig_Diamond_1mm" 4355
"/ControlRig/Controls/ControlRig_Circle_solid" 4356
"/ControlRig/Controls/ControlRig_Arrow_solid" 4357
"/ControlRig/Controls/ControlRig_Arrow_3mm" 4358
"/ControlRig/Controls/ControlRig_Arrow_1mm" 4359
"/ControlRig/Controls/ControlRig_Arrow4_solid" 4360
"/ControlRig/Controls/ControlRig_Arrow4_3mm" 4361
"/ControlRig/Controls/ControlRig_Arrow2_solid" 4362
"/ControlRig/Controls/ControlRig_Circle_3mm" 4363
"/ControlRig/Controls/ControlRig_Circle_1mm" 4364
"/ControlRig/Controls/ControlRig_Box_solid" 4365
"/ControlRig/Controls/ControlRig_Box_3mm" 4366
"/ControlRig/Controls/ControlRig_Box_1mm" 4367
"../../../Engine/Plugins/Animation/ControlRig/Content/Controls/ControlRig_RoundedSquare_solid.uasset" 4368
"../../../Engine/Plugins/Animation/ControlRig/Content/Controls/ControlRig_RoundedTriangle_1mm.uasset" 4369
"../../../Engine/Plugins/Animation/ControlRig/Content/Controls/ControlRig_RoundedTriangle_solid.uasset" 4370
"../../../Engine/Plugins/Animation/ControlRig/Content/Controls/ControlRig_RoundedTriangle_3mm.uasset" 4371
"../../../Engine/Plugins/Animation/ControlRig/Content/Controls/ControlRig_Sphere_1mm.uasset" 4372
"../../../Engine/Plugins/Animation/ControlRig/Content/Controls/ControlRig_Sphere_3mm.uasset" 4373
"../../../Engine/Plugins/Animation/ControlRig/Content/Controls/ControlRig_Square_1mm.uasset" 4374
"../../../Engine/Plugins/Animation/ControlRig/Content/Controls/ControlRig_Square_solid.uasset" 4375
"../../../Engine/Plugins/Animation/ControlRig/Content/Controls/ControlRig_Star4_1mm.uasset" 4376
"../../../Engine/Plugins/Animation/ControlRig/Content/Controls/ControlRig_Triangle_1mm.uasset" 4377
"../../../Engine/Plugins/Animation/ControlRig/Content/Controls/ControlRig_Square_3mm.uasset" 4378
"../../../Engine/Plugins/Animation/ControlRig/Content/Controls/ControlRig_Triangle_3mm.uasset" 4379
"../../../Engine/Plugins/Animation/ControlRig/Content/Controls/ControlRig_Star4_3mm.uasset" 4380
"../../../Engine/Plugins/Animation/ControlRig/Content/Controls/ControlRig_Star4_solid.uasset" 4381
"../../../Engine/Plugins/Animation/ControlRig/Content/Controls/ControlRig_Triangle_solid.uasset" 4382
"../../../Engine/Plugins/Animation/ControlRig/Content/Controls/ControlRig_Wedge_1mm.uasset" 4383
"../../../Engine/Plugins/Animation/ControlRig/Content/Controls/ControlRig_Wedge_solid.uasset" 4384
"../../../Engine/Plugins/Animation/ControlRig/Content/Controls/ControlRig_Wedge_3mm.uasset" 4385
"../../../Engine/Content/Maps/Entry_BuiltData.uasset" 4386
"../../../Engine/Content/Maps/Entry.umap" 4387
"/ControlRig/Controls/ControlRig_RoundedSquare_3mm" 4388
"/ControlRig/Controls/ControlRig_RoundedSquare_1mm" 4389
"/ControlRig/Controls/ControlRig_QuarterCircle_solid" 4390
"/ControlRig/Controls/ControlRig_QuarterCircle_3mm" 4391
"/ControlRig/Controls/ControlRig_QuarterCircle_1mm" 4392
"/ControlRig/Controls/ControlRig_Pyramid_solid" 4393
"/ControlRig/Controls/ControlRig_Pyramid_3mm" 4394
"/ControlRig/Controls/ControlRig_Pyramid_1mm" 4395
"/ControlRig/Controls/ControlRig_Octagon_solid" 4396
"/ControlRig/Controls/ControlRig_Octagon_3mm" 4397
"/Engine/Maps/Entry" 4398
"/ControlRig/Controls/ControlRig_Wedge_solid" 4399
"/ControlRig/Controls/ControlRig_Wedge_3mm" 4400
"/ControlRig/Controls/ControlRig_Wedge_1mm" 4401
"/ControlRig/Controls/ControlRig_Triangle_solid" 4402
"/ControlRig/Controls/ControlRig_Triangle_3mm" 4403
"/ControlRig/Controls/ControlRig_Triangle_1mm" 4404
"/ControlRig/Controls/ControlRig_Star4_solid" 4405
"/ControlRig/Controls/ControlRig_Star4_3mm" 4406
"/ControlRig/Controls/ControlRig_Star4_1mm" 4407
"/ControlRig/Controls/ControlRig_Square_solid" 4408
"/ControlRig/Controls/ControlRig_Square_3mm" 4409
"/ControlRig/Controls/ControlRig_Square_1mm" 4410
"/ControlRig/Controls/ControlRig_Sphere_3mm" 4411
"../../../Engine/Content/EditorMaterials/PreviewShadowIndicatorMaterial.uasset" 4412
"../../../Engine/Content/EditorMaterials/PreviewShadowIndicator.uasset" 4413
"../../../Engine/Content/EngineMaterials/Substrate/GLints/dict_16_192_64_0p5_0p02_0063_0014.uasset" 4414
"../../../Engine/Content/EngineMaterials/Substrate/GLints/dict_16_192_64_0p5_0p02_0063_0015.uasset" 4415
"../../../Engine/Content/EngineMaterials/Substrate/GLints/dict_16_192_64_0p5_0p02_0063_0011.uasset" 4416
"../../../Engine/Content/EngineMaterials/Substrate/GLints/dict_16_192_64_0p5_0p02_0063_0012.uasset" 4417
"../../../Engine/Content/EngineMaterials/Substrate/GLints/dict_16_192_64_0p5_0p02_0063_0013.uasset" 4418
"../../../Engine/Content/EngineMaterials/Substrate/GLints/dict_16_192_64_0p5_0p02_0063_0010.uasset" 4419
"../../../Engine/Content/EngineMaterials/Substrate/GLints/dict_16_192_64_0p5_0p02_0063_0009.uasset" 4420
"../../../Engine/Content/EngineMaterials/Substrate/GLints/dict_16_192_64_0p5_0p02_0063_0008.uasset" 4421
"C:/Users/Ali imran/AppData/Local/Temp/UnrealShaderWorkingDir/E571D98444AD608C45EE6AB5B1D2C866/0/WorkerOutputOnly.out" 4422
"C:/Users/Ali imran/AppData/Local/Temp/UnrealShaderWorkingDir/E571D98444AD608C45EE6AB5B1D2C866/2/WorkerOutputOnly.out" 4423
"C:/Users/Ali imran/AppData/Local/Temp/UnrealShaderWorkingDir/E571D98444AD608C45EE6AB5B1D2C866/3/WorkerOutputOnly.out" 4424
"C:/Users/Ali imran/AppData/Local/Temp/UnrealShaderWorkingDir/E571D98444AD608C45EE6AB5B1D2C866/1/WorkerOutputOnly.out" 4425
"/ControlRig/Controls/ControlRig_Sphere_1mm" 4426
"/ControlRig/Controls/ControlRig_RoundedTriangle_solid" 4427
"/ControlRig/Controls/ControlRig_RoundedTriangle_3mm" 4428
"/ControlRig/Controls/ControlRig_RoundedTriangle_1mm" 4429
"/ControlRig/Controls/ControlRig_RoundedSquare_solid" 4430
"/Engine/EngineMaterials/Substrate/GLints/dict_16_192_64_0p5_0p02_0063_0008" 4431
"/Engine/EngineMaterials/Substrate/GLints/dict_16_192_64_0p5_0p02_0063_0009" 4432
"/Engine/EngineMaterials/Substrate/GLints/dict_16_192_64_0p5_0p02_0063_0010" 4433
"/Engine/EngineMaterials/Substrate/GLints/dict_16_192_64_0p5_0p02_0063_0011" 4434
"/Engine/EngineMaterials/Substrate/GLints/dict_16_192_64_0p5_0p02_0063_0012" 4435
"/Engine/EngineMaterials/Substrate/GLints/dict_16_192_64_0p5_0p02_0063_0013" 4436
"/Engine/EngineMaterials/Substrate/GLints/dict_16_192_64_0p5_0p02_0063_0014" 4437
"/Engine/EngineMaterials/Substrate/GLints/dict_16_192_64_0p5_0p02_0063_0015" 4438
"/Engine/EditorMaterials/PreviewShadowIndicatorMaterial" 4439
"../../../Engine/Plugins/Animation/DeformerGraph/Shaders/Private/DataInterfaceCustomComputeKernel.ush" 4440
"../../../Engine/Plugins/Animation/DeformerGraph/Shaders/Private/DataInterfaceCloth.ush" 4441
"../../../Engine/Plugins/Animation/DeformerGraph/Shaders/Private/DataInterfaceSkinnedMeshRead.ush" 4442
"../../../Engine/Plugins/Animation/DeformerGraph/Shaders/Private/DataInterfaceSkeleton.ush" 4443
"../../../Engine/Plugins/Animation/DeformerGraph/Shaders/Private/DataInterfaceSkeletonCommon.ush" 4444
"../../../Engine/Plugins/Animation/DeformerGraph/Shaders/Private/DataInterfaceMorphTarget.ush" 4445
"../../../Engine/Plugins/Animation/DeformerGraph/Shaders/Private/DataInterfaceSkinnedMeshWrite.ush" 4446
"../../../Engine/Content/EngineMaterials/Substrate/GLints/dict_16_192_64_0p5_0p02_0063_0005.uasset" 4447
"../../../Engine/Content/EngineMaterials/Substrate/GLints/dict_16_192_64_0p5_0p02_0063_0003.uasset" 4448
"../../../Engine/Content/EngineMaterials/Substrate/GLints/dict_16_192_64_0p5_0p02_0063_0007.uasset" 4449
"../../../Engine/Content/EngineMaterials/Substrate/GLints/dict_16_192_64_0p5_0p02_0063_0002.uasset" 4450
"../../../Engine/Content/EngineMaterials/Substrate/GLints/dict_16_192_64_0p5_0p02_0063_0004.uasset" 4451
"../../../Engine/Content/EngineMaterials/Substrate/GLints/dict_16_192_64_0p5_0p02_0063_0006.uasset" 4452
"../../../Engine/Content/EngineMaterials/Substrate/GLints/dict_16_192_64_0p5_0p02_0062_0015.uasset" 4453
"../../../Engine/Content/EngineMaterials/Substrate/GLints/dict_16_192_64_0p5_0p02_0062_0012.uasset" 4454
"../../../Engine/Content/EngineMaterials/Substrate/GLints/dict_16_192_64_0p5_0p02_0062_0013.uasset" 4455
"../../../Engine/Content/EngineMaterials/Substrate/GLints/dict_16_192_64_0p5_0p02_0062_0011.uasset" 4456
"../../../Engine/Content/EngineMaterials/Substrate/GLints/dict_16_192_64_0p5_0p02_0062_0014.uasset" 4457
"../../../Engine/Content/EngineMaterials/Substrate/GLints/dict_16_192_64_0p5_0p02_0063_0001.uasset" 4458
"../../../Engine/Content/EngineMaterials/Substrate/GLints/dict_16_192_64_0p5_0p02_0062_0009.uasset" 4459
"../../../Engine/Content/EngineMaterials/Substrate/GLints/dict_16_192_64_0p5_0p02_0062_0010.uasset" 4460
"../../../Engine/Content/EngineMaterials/Substrate/GLints/dict_16_192_64_0p5_0p02_0062_0008.uasset" 4461
"../../../Engine/Content/EngineMaterials/Substrate/GLints/dict_16_192_64_0p5_0p02_0062_0006.uasset" 4462
"../../../Engine/Content/EngineMaterials/Substrate/GLints/dict_16_192_64_0p5_0p02_0062_0007.uasset" 4463
"../../../Engine/Content/EngineMaterials/Substrate/GLints/dict_16_192_64_0p5_0p02_0062_0004.uasset" 4464
"../../../Engine/Content/EngineMaterials/Substrate/GLints/dict_16_192_64_0p5_0p02_0062_0005.uasset" 4465
"../../../Engine/Content/EngineMaterials/Substrate/GLints/dict_16_192_64_0p5_0p02_0063_0000.uasset" 4466
"../../../Engine/Content/EngineMaterials/Substrate/GLints/dict_16_192_64_0p5_0p02_0062_0002.uasset" 4467
"../../../Engine/Content/EngineMaterials/Substrate/GLints/dict_16_192_64_0p5_0p02_0062_0001.uasset" 4468
"../../../Engine/Content/EngineMaterials/Substrate/GLints/dict_16_192_64_0p5_0p02_0061_0013.uasset" 4469
"../../../Engine/Content/EngineMaterials/Substrate/GLints/dict_16_192_64_0p5_0p02_0061_0014.uasset" 4470
"../../../Engine/Content/EngineMaterials/Substrate/GLints/dict_16_192_64_0p5_0p02_0061_0011.uasset" 4471
"../../../Engine/Content/EngineMaterials/Substrate/GLints/dict_16_192_64_0p5_0p02_0061_0015.uasset" 4472
"../../../Engine/Content/EngineMaterials/Substrate/GLints/dict_16_192_64_0p5_0p02_0061_0010.uasset" 4473
"../../../Engine/Content/EngineMaterials/Substrate/GLints/dict_16_192_64_0p5_0p02_0061_0008.uasset" 4474
"../../../Engine/Content/EngineMaterials/Substrate/GLints/dict_16_192_64_0p5_0p02_0062_0000.uasset" 4475
"../../../Engine/Content/EngineMaterials/Substrate/GLints/dict_16_192_64_0p5_0p02_0061_0012.uasset" 4476
"../../../Engine/Content/EngineMaterials/Substrate/GLints/dict_16_192_64_0p5_0p02_0061_0009.uasset" 4477
"../../../Engine/Content/EngineMaterials/Substrate/GLints/dict_16_192_64_0p5_0p02_0062_0003.uasset" 4478
"C:/Users/Ali imran/AppData/Local/Temp/UnrealShaderWorkingDir/E571D98444AD608C45EE6AB5B1D2C866/4/WorkerOutputOnly.out" 4479
"C:/Users/Ali imran/AppData/Local/Temp/UnrealShaderWorkingDir/E571D98444AD608C45EE6AB5B1D2C866/6/WorkerOutputOnly.out" 4480
"C:/Users/Ali imran/AppData/Local/Temp/UnrealShaderWorkingDir/E571D98444AD608C45EE6AB5B1D2C866/5/WorkerOutputOnly.out" 4481
"C:/Users/Ali imran/AppData/Local/Temp/UnrealShaderWorkingDir/E571D98444AD608C45EE6AB5B1D2C866/8/WorkerOutputOnly.out" 4482
"C:/Users/Ali imran/AppData/Local/Temp/UnrealShaderWorkingDir/E571D98444AD608C45EE6AB5B1D2C866/7/WorkerOutputOnly.out" 4483
"../../../Engine/Plugins/Animation/DeformerGraph/Shaders/Private/DataInterfaceRawBuffer.ush" 4484
"../../../Engine/Plugins/Runtime/ComputeFramework/Shaders/Private/BufferAlias.ush" 4485
"../../../Engine/Plugins/Animation/DeformerGraph/Shaders/Private/DataInterfaceSkinnedMesh.ush" 4486
"../../../Engine/Plugins/Animation/DeformerGraph/Shaders/Private/DataInterfaceHalfEdge.ush" 4487
"/Engine/EngineMaterials/Substrate/GLints/dict_16_192_64_0p5_0p02_0062_0002" 4488
"/Engine/EngineMaterials/Substrate/GLints/dict_16_192_64_0p5_0p02_0062_0003" 4489
"/Engine/EngineMaterials/Substrate/GLints/dict_16_192_64_0p5_0p02_0062_0004" 4490
"/Engine/EngineMaterials/Substrate/GLints/dict_16_192_64_0p5_0p02_0062_0005" 4491
"/Engine/EngineMaterials/Substrate/GLints/dict_16_192_64_0p5_0p02_0062_0006" 4492
"/Engine/EngineMaterials/Substrate/GLints/dict_16_192_64_0p5_0p02_0062_0007" 4493
"/Engine/EngineMaterials/Substrate/GLints/dict_16_192_64_0p5_0p02_0062_0008" 4494
"/Engine/EngineMaterials/Substrate/GLints/dict_16_192_64_0p5_0p02_0062_0009" 4495
"/Engine/EngineMaterials/Substrate/GLints/dict_16_192_64_0p5_0p02_0062_0010" 4496
"/Engine/EngineMaterials/Substrate/GLints/dict_16_192_64_0p5_0p02_0062_0011" 4497
"/Engine/EngineMaterials/Substrate/GLints/dict_16_192_64_0p5_0p02_0062_0012" 4498
"/Engine/EngineMaterials/Substrate/GLints/dict_16_192_64_0p5_0p02_0062_0013" 4499
"/Engine/EngineMaterials/Substrate/GLints/dict_16_192_64_0p5_0p02_0062_0014" 4500
"/Engine/EngineMaterials/Substrate/GLints/dict_16_192_64_0p5_0p02_0062_0015" 4501
"/Engine/EngineMaterials/Substrate/GLints/dict_16_192_64_0p5_0p02_0063_0000" 4502
"/Engine/EngineMaterials/Substrate/GLints/dict_16_192_64_0p5_0p02_0063_0001" 4503
"/Engine/EngineMaterials/Substrate/GLints/dict_16_192_64_0p5_0p02_0061_0008" 4504
"/Engine/EngineMaterials/Substrate/GLints/dict_16_192_64_0p5_0p02_0063_0002" 4505
"/Engine/EngineMaterials/Substrate/GLints/dict_16_192_64_0p5_0p02_0061_0009" 4506
"/Engine/EngineMaterials/Substrate/GLints/dict_16_192_64_0p5_0p02_0061_0010" 4507
"/Engine/EngineMaterials/Substrate/GLints/dict_16_192_64_0p5_0p02_0061_0011" 4508
"/Engine/EngineMaterials/Substrate/GLints/dict_16_192_64_0p5_0p02_0061_0012" 4509
"/Engine/EngineMaterials/Substrate/GLints/dict_16_192_64_0p5_0p02_0061_0013" 4510
"/Engine/EngineMaterials/Substrate/GLints/dict_16_192_64_0p5_0p02_0061_0014" 4511
"/Engine/EngineMaterials/Substrate/GLints/dict_16_192_64_0p5_0p02_0063_0003" 4512
"/Engine/EngineMaterials/Substrate/GLints/dict_16_192_64_0p5_0p02_0061_0015" 4513
"/Engine/EngineMaterials/Substrate/GLints/dict_16_192_64_0p5_0p02_0063_0004" 4514
"/Engine/EngineMaterials/Substrate/GLints/dict_16_192_64_0p5_0p02_0062_0000" 4515
"/Engine/EngineMaterials/Substrate/GLints/dict_16_192_64_0p5_0p02_0063_0005" 4516
"/Engine/EngineMaterials/Substrate/GLints/dict_16_192_64_0p5_0p02_0062_0001" 4517
"/Engine/EngineMaterials/Substrate/GLints/dict_16_192_64_0p5_0p02_0063_0006" 4518
"/Engine/EngineMaterials/Substrate/GLints/dict_16_192_64_0p5_0p02_0063_0007" 4519
"C:/Users/Ali imran/Documents/GitHub/SpaceRatTestBP/Content/NiagaraExamples/Materials/MasterMaterials/M_BrightCore.uasset" 4520
"C:/Users/Ali imran/Documents/GitHub/SpaceRatTestBP/Content/NiagaraExamples/Materials/MasterMaterials/M_BulletHole_Glass.uasset" 4521
"C:/Users/Ali imran/Documents/GitHub/SpaceRatTestBP/Content/NiagaraExamples/Materials/MasterMaterials/M_BulletHole.uasset" 4522
"C:/Users/Ali imran/Documents/GitHub/SpaceRatTestBP/Content/NiagaraExamples/NPC_NiagaraExamples.uasset" 4523
"../../../Engine/Plugins/FX/Niagara/Content/Functions/GetRandomInfo.uasset" 4524
"../../../Engine/Plugins/FX/Niagara/Content/Functions/Rotation/FindQuatBetween.uasset" 4525
"../../../Engine/Plugins/FX/Niagara/Content/Functions/V2/CalculateRandomRange.uasset" 4526
"../../../Engine/Plugins/FX/Niagara/Content/Modules/Solvers/ApplyRotationVector.uasset" 4527
"../../../Engine/Plugins/FX/Niagara/Content/Functions/ProjectVectorOnPlane.uasset" 4528
"../../../Engine/Plugins/FX/Niagara/Content/Functions/V2/CalculateRandomRangeFloat.uasset" 4529
"../../../Engine/Plugins/FX/Niagara/Content/Functions/CalculateRadiusFromSpriteSize.uasset" 4530
"../../../Engine/Plugins/FX/Niagara/Content/Functions/V2/CalculateRandomRangeInteger.uasset" 4531
"../../../Engine/Plugins/FX/Niagara/Content/Modules/Update/Size/ScaleSpriteSize.uasset" 4532
"../../../Engine/Plugins/FX/Niagara/Content/DynamicInputs/TypeConversions/VectorLength.uasset" 4533
"../../../Engine/Plugins/FX/Niagara/Content/DynamicInputs/Helpers/NormalizeVector.uasset" 4534
"C:/Users/Ali imran/Documents/GitHub/SpaceRatTestBP/Content/NiagaraExamples/FX_Footstep/Materials/M_Footprint_Decal.uasset" 4535
"C:/Users/Ali imran/Documents/GitHub/SpaceRatTestBP/Content/Weapons/GrenadeLauncher/Materials/M_ProjectileBullet.uasset" 4536
"C:/Users/Ali imran/Documents/GitHub/SpaceRatTestBP/Content/LevelPrototyping/Materials/M_FlatCol.uasset" 4537
"C:/Users/Ali imran/Documents/GitHub/SpaceRatTestBP/Content/Weapons/GunMain/GunMPP_PhysicsAsset.uasset" 4538
"C:/Users/Ali imran/Documents/GitHub/SpaceRatTestBP/Content/Weapons/GunMain/GunMPP_Skeleton.uasset" 4539
"C:/Users/Ali imran/Documents/GitHub/SpaceRatTestBP/Content/FPWeapon/Materials/BaseMaterial.uasset" 4540
"C:/Users/Ali imran/Documents/GitHub/SpaceRatTestBP/Content/StarterContent/Particles/Materials/m_flare_01.uasset" 4541
"../../../Engine/Plugins/Experimental/MeshModelingToolsetExp/Content/Materials/GizmoDefaultMaterial.uasset" 4542
"C:/Users/Ali imran/Documents/GitHub/SpaceRatTestBP/Content/Characters/Mannequins/Textures/Quinn/T_Quinn_02_N.uasset" 4543
"C:/Users/Ali imran/Documents/GitHub/SpaceRatTestBP/Content/Characters/Mannequins/Textures/Quinn/T_Quinn_02_MRA.uasset" 4544
"C:/Users/Ali imran/Documents/GitHub/SpaceRatTestBP/Content/Characters/Mannequins/Textures/Quinn/T_Quinn_02_D.uasset" 4545
"C:/Users/Ali imran/Documents/GitHub/SpaceRatTestBP/Content/Characters/Mannequins/Textures/Quinn/T_Quinn_01_MRA.uasset" 4546
"C:/Users/Ali imran/Documents/GitHub/SpaceRatTestBP/Content/Characters/Mannequins/Textures/Quinn/T_Quinn_01_N.uasset" 4547
"C:/Users/Ali imran/Documents/GitHub/SpaceRatTestBP/Content/Characters/Mannequins/Textures/Quinn/T_Quinn_01_D.uasset" 4548
"/Game/NiagaraExamples/Materials/MasterMaterials/M_BrightCore" 4549
"/Game/NiagaraExamples/Materials/MasterMaterials/M_BulletHole_Glass" 4550
"/Game/NiagaraExamples/Materials/MasterMaterials/M_BulletHole" 4551
"/Game/NiagaraExamples/NPC_NiagaraExamples" 4552
"/Niagara/Functions/GetRandomInfo" 4553
"/Niagara/Functions/Rotation/FindQuatBetween" 4554
"/Niagara/Functions/V2/CalculateRandomRange" 4555
"/Niagara/Modules/Solvers/ApplyRotationVector" 4556
"/Niagara/Functions/V2/CalculateRandomRangeFloat" 4557
"/Niagara/Functions/CalculateRadiusFromSpriteSize" 4558
"/Niagara/Functions/V2/CalculateRandomRangeInteger" 4559
"/Niagara/Modules/Update/Size/ScaleSpriteSize" 4560
"/Niagara/DynamicInputs/TypeConversions/VectorLength" 4561
"/Niagara/DynamicInputs/Helpers/NormalizeVector" 4562
"/Game/NiagaraExamples/FX_Footstep/Materials/M_Footprint_Decal" 4563
"/Game/Characters/Mannequins/Textures/Quinn/T_Quinn_02_D" 4564
"/Game/Characters/Mannequins/Textures/Quinn/T_Quinn_02_MRA" 4565
"/Game/Characters/Mannequins/Textures/Quinn/T_Quinn_02_N" 4566
"/Engine/Animation/DefaultAnimBoneCompressionSettings" 4567
"/Game/StarterContent/Particles/Materials/m_flare_01" 4568
"/MeshModelingToolsetExp/Materials/GizmoDefaultMaterial" 4569
"/Game/FPWeapon/Materials/BaseMaterial" 4570
"/Game/Weapons/GunMain/GunMPP_PhysicsAsset" 4571
"/Game/Weapons/GunMain/GunMPP_Skeleton" 4572
"/Game/LevelPrototyping/Materials/M_FlatCol" 4573
"/Game/Weapons/GrenadeLauncher/Materials/M_ProjectileBullet" 4574
"/Niagara/Functions/ProjectVectorOnPlane" 4575
"C:/Users/Ali imran/Documents/GitHub/SpaceRatTestBP/Content/UiMap/start_idle.uasset" 4576
"C:/Users/Ali imran/Documents/GitHub/SpaceRatTestBP/Content/UiMap/start_hover.uasset" 4577
"C:/Users/Ali imran/Documents/GitHub/SpaceRatTestBP/Content/UiMap/settings_press.uasset" 4578
"C:/Users/Ali imran/Documents/GitHub/SpaceRatTestBP/Content/UiMap/settings_idle.uasset" 4579
"C:/Users/Ali imran/Documents/GitHub/SpaceRatTestBP/Content/UiMap/settings_hover.uasset" 4580
"C:/Users/Ali imran/Documents/GitHub/SpaceRatTestBP/Content/UiMap/menu_base.uasset" 4581
"C:/Users/Ali imran/Documents/GitHub/SpaceRatTestBP/Content/UiMap/exit_press.uasset" 4582
"C:/Users/Ali imran/Documents/GitHub/SpaceRatTestBP/Content/UiMap/exit_idle.uasset" 4583
"/Engine/MobileResources/HUD/VirtualJoystick_Background" 4584
"C:/Users/Ali imran/Documents/GitHub/SpaceRatTestBP/Content/UiMap/exit_hover.uasset" 4585
"/Game/Characters/Mannequins/Textures/Quinn/T_Quinn_01_D" 4586
"../../../Engine/Plugins/FX/Niagara/Content/DefaultAssets/DefaultRIbbonMaterial.uasset" 4587
"C:/Users/Ali imran/Documents/GitHub/SpaceRatTestBP/Content/SoundWeapons/Blastershot.uasset" 4588
"C:/Users/Ali imran/Documents/GitHub/SpaceRatTestBP/Content/Mat/MatReload.uasset" 4589
"C:/Users/Ali imran/Documents/GitHub/SpaceRatTestBP/Content/Input/Touch/BPI_TouchInterface.uasset" 4590
"C:/Users/Ali imran/Documents/GitHub/SpaceRatTestBP/Content/Characters/Mannequins/Rigs/PA_Mannequin.uasset" 4591
"C:/Users/Ali imran/Documents/GitHub/SpaceRatTestBP/Content/Characters/Mannequins/Meshes/SK_Mannequin.uasset" 4592
"/Game/Characters/Mannequins/Textures/Quinn/T_Quinn_01_MRA" 4593
"/Game/Characters/Mannequins/Textures/Quinn/T_Quinn_01_N" 4594
"/Engine/Animation/DefaultAnimCurveCompressionSettings" 4595
"C:/Users/Ali imran/Documents/GitHub/SpaceRatTestBP/Content/Input/Actions/IA_MouseLook.uasset" 4596
"C:/Users/Ali imran/Documents/GitHub/SpaceRatTestBP/Content/Input/Actions/IA_Move.uasset" 4597
"/Game/Characters/Mannequins/Meshes/SK_Mannequin" 4598
"C:/Users/Ali imran/Documents/GitHub/SpaceRatTestBP/Content/Input/Actions/IA_Look.uasset" 4599
"C:/Users/Ali imran/Documents/GitHub/SpaceRatTestBP/Content/Input/Actions/IA_Jump.uasset" 4600
"/Game/Characters/Mannequins/Rigs/PA_Mannequin" 4601
"/Game/Input/Touch/BPI_TouchInterface" 4602
"/Engine/MobileResources/HUD/VirtualJoystick_Thumb" 4603
"/Game/Mat/MatReload" 4604
"/Game/SoundWeapons/Blastershot" 4605
"/Niagara/DefaultAssets/DefaultRIbbonMaterial" 4606
"/Game/UiMap/exit_hover" 4607
"/Game/UiMap/exit_idle" 4608
"/Game/UiMap/exit_press" 4609
"/Game/UiMap/menu_base" 4610
"/Game/UiMap/settings_hover" 4611
"/Game/UiMap/settings_idle" 4612
"/Game/UiMap/settings_press" 4613
"/Game/UiMap/start_hover" 4614
"/Game/UiMap/start_idle" 4615
"/Game/UiMap/start_press" 4616
"/Game/UiMap/Untitled222_20260225171936" 4617
"/Game/UiMap/Untitled222_20260225171939" 4618
"/Game/UiMap/Untitled222_20260225171957" 4619
"/Niagara/DefaultAssets/DefaultSpriteMaterial" 4620
"/Game/Variant_Shooter/Blueprints/BPI_Shooter" 4621
"/Game/Variant_Shooter/Input/BPI_Touch_Shooter" 4622
"/Game/Variant_Shooter/Input/Actions/IA_Shoot" 4623
"/Game/Variant_Shooter/Input/Actions/IA_SwapWeapon" 4624
"/Game/Input/Actions/IA_Jump" 4625
"/Game/Input/Actions/IA_Look" 4626
"/Game/Input/Actions/IA_Move" 4627
"../../../Engine/Plugins/FX/Niagara/Content/Modules/Update/Camera/CameraOffset.uasset" 4628
"C:/Users/Ali imran/Documents/GitHub/SpaceRatTestBP/Content/NiagaraExamples/StaticMesh/Concrete_Rubble_uc1jagnjw/T_Concrete_Rubble_uc1jagnjw_1K_N.uasset" 4629
"/Game/Input/Actions/IA_MouseLook" 4630
"C:/Users/Ali imran/Documents/GitHub/SpaceRatTestBP/Content/NiagaraExamples/StaticMesh/Concrete_Rubble_uc1jagnjw/T_Concrete_Rubble_uc1jagnjw_1K_D.uasset" 4631
"C:/Users/Ali imran/Documents/GitHub/SpaceRatTestBP/Content/NiagaraExamples/StaticMesh/Concrete_Rubble_uc1jagnjw/T_ConcreteRubble_uc1jagnjw_1K_DpR.uasset" 4632
"C:/Users/Ali imran/Documents/GitHub/SpaceRatTestBP/Content/NiagaraExamples/StaticMesh/Concrete_Rubble_uc1jagnjw/MI_Concrete_Rubble_uc1jagnjw_1K.uasset" 4633
"C:/Users/Ali imran/Documents/GitHub/SpaceRatTestBP/Content/NiagaraExamples/StaticMesh/S_Concrete_Rubble_uc1jagnjw.uasset" 4634
"C:/Users/Ali imran/Documents/GitHub/SpaceRatTestBP/Content/NiagaraExamples/StaticMesh/Concrete_Rubble_uc1jagbjw/T_Concrete_Rubble_uc1jagbjw_1K_D.uasset" 4635
"C:/Users/Ali imran/Documents/GitHub/SpaceRatTestBP/Content/NiagaraExamples/StaticMesh/Concrete_Rubble_uc1jagbjw/T_Concrete_Rubble_uc1jagbjw_1K_N.uasset" 4636
"C:/Users/Ali imran/Documents/GitHub/SpaceRatTestBP/Content/NiagaraExamples/StaticMesh/Concrete_Rubble_uc1jagbjw/T_ConcreteRubble_uc1jagbjw_1K_DpR.uasset" 4637
"C:/Users/Ali imran/Documents/GitHub/SpaceRatTestBP/Content/NiagaraExamples/StaticMesh/Concrete_Rubble_uc1jagbjw/MI_Concrete_Rubble_uc1jagbjw_1K.uasset" 4638
"C:/Users/Ali imran/Documents/GitHub/SpaceRatTestBP/Content/NiagaraExamples/StaticMesh/Concrete_Rubble_uc1iccejw/T_Concrete_Rubble_uc1iccejw_1K_N.uasset" 4639
"C:/Users/Ali imran/Documents/GitHub/SpaceRatTestBP/Content/NiagaraExamples/StaticMesh/S_Concrete_Rubble_uc1jagbjw.uasset" 4640
"C:/Users/Ali imran/Documents/GitHub/SpaceRatTestBP/Content/NiagaraExamples/StaticMesh/Concrete_Rubble_uc1iccejw/T_Concrete_Rubble_uc1iccejw_1K_D.uasset" 4641
"C:/Users/Ali imran/Documents/GitHub/SpaceRatTestBP/Content/NiagaraExamples/StaticMesh/Concrete_Rubble_uc1iccejw/MI_Concrete_Rubble_uc1iccejw_1K.uasset" 4642
"C:/Users/Ali imran/Documents/GitHub/SpaceRatTestBP/Content/NiagaraExamples/StaticMesh/Concrete_Rubble_uc1iccejw/T_ConcreteRubble_uc1iccejw_1K_DpR.uasset" 4643
"C:/Users/Ali imran/Documents/GitHub/SpaceRatTestBP/Content/NiagaraExamples/StaticMesh/S_Concrete_Rubble_uc1iccejw.uasset" 4644
"../../../Engine/Plugins/FX/Niagara/Content/Functions/Helpers/SetBoolByTimer.uasset" 4645
"../../../Engine/Plugins/FX/Niagara/Content/Functions/RandomRangeInteger.uasset" 4646
"../../../Engine/Plugins/FX/Niagara/Content/Modules/Update/SubUV/V2/SubUVAnimation.uasset" 4647
"../../../Engine/Plugins/FX/Niagara/Content/DynamicInputs/UniformRange/V2/RandomRangeInt.uasset" 4648
"../../../Engine/Plugins/FX/Niagara/Content/Functions/Rotation/RandomQuaternion.uasset" 4649
"../../../Engine/Plugins/FX/Niagara/Content/Modules/Spawn/Orientation/V3/InitialMeshOrientation.uasset" 4650
"../../../Engine/Plugins/FX/Niagara/Content/Modules/Update/Size/ScaleMeshSize.uasset" 4651
"../../../Engine/Plugins/FX/Niagara/Content/DynamicInputs/Bool/v2/SetBoolByFloatComparison.uasset" 4652
"/Niagara/Modules/Update/SubUV/V2/SubUVAnimation" 4653
"../../../Engine/Plugins/FX/Niagara/Content/Functions/Math/V2/SmoothLerpOverTime.uasset" 4654
"../../../Engine/Plugins/FX/Niagara/Content/Functions/Rotation/TwoVectorsToQuaternion.uasset" 4655
"/Game/NiagaraExamples/StaticMesh/S_Concrete_Rubble_uc1iccejw" 4656
"/Game/NiagaraExamples/StaticMesh/S_Concrete_Rubble_uc1jagbjw" 4657
"/Game/NiagaraExamples/StaticMesh/S_Concrete_Rubble_uc1jagnjw" 4658
"/Niagara/Modules/Spawn/Orientation/V3/InitialMeshOrientation" 4659
"/Niagara/DynamicInputs/UniformRange/V2/RandomRangeInt" 4660
"/Niagara/Modules/Update/Camera/CameraOffset" 4661
"../../../Engine/Plugins/FX/Niagara/Content/Functions/Rotation/MakeQuaternionFromXAndZVectors.uasset" 4662
"../../../Engine/Plugins/FX/Niagara/Content/Functions/Math/InterpolateOverTime_V3_.uasset" 4663
"../../../Engine/Plugins/FX/Niagara/Content/Functions/Rotation/MakeQuaternionFromXAndYVectors.uasset" 4664
"../../../Engine/Plugins/FX/Niagara/Content/Functions/Helpers/FN_FirstFrame_Numeric.uasset" 4665
"/Niagara/Functions/Rotation/TwoVectorsToQuaternion" 4666
"../../../Engine/Plugins/FX/Niagara/Content/Functions/Rotation/LerpQuaternion.uasset" 4667
"../../../Engine/Plugins/FX/Niagara/Content/Functions/MakeVectorsOrthogonal.uasset" 4668
"../../../Engine/Plugins/FX/Niagara/Content/Functions/DeriveThirdOrthogonalVector.uasset" 4669
"../../../Engine/Plugins/FX/Niagara/Content/DynamicInputs/Random/V2/RandomVector.uasset" 4670
"../../../Engine/Plugins/FX/Niagara/Content/Modules/System/CompleteIfUnused.uasset" 4671
"../../../Engine/Plugins/FX/Niagara/Content/Modules/Update/Orientation/V3/UpdateMeshOrientation.uasset" 4672
"../../../Engine/Plugins/FX/Niagara/Content/Functions/Math/IsVectorParallel.uasset" 4673
"../../../Engine/Plugins/FX/Niagara/Content/Functions/Rotation/QuaternionToRotationMatrix.uasset" 4674
"../../../Engine/Plugins/FX/Niagara/Content/ParameterDefinitions/LightRenderer.uasset" 4675
"../../../Engine/Plugins/FX/Niagara/Content/Functions/Localspace/TransformQuaternion.uasset" 4676
"../../../Engine/Plugins/FX/Niagara/Content/Functions/Rotation/RotateAngleOnAxis.uasset" 4677
"../../../Engine/Plugins/FX/Niagara/Content/Modules/Decal/Decal_Attributes.uasset" 4678
"/Niagara/DynamicInputs/Bool/v2/SetBoolByFloatComparison" 4679
"../../../Engine/Plugins/FX/Niagara/Content/Functions/ChannelMasks/SelectV4Channel.uasset" 4680
"../../../Engine/Plugins/FX/Niagara/Content/Functions/Localspace/PositionToVector.uasset" 4681
"../../../Engine/Plugins/FX/Niagara/Content/Modules/Collision/SceneDepthTest.uasset" 4682
"../../../Engine/Plugins/FX/Niagara/Content/Modules/Collision/NiagaraDistanceFieldCollisions.uasset" 4683
"../../../Engine/Plugins/FX/Niagara/Content/Functions/Textures/CalculateA_VolumeTexturesDistanceFieldGradient.uasset" 4684
"../../../Engine/Plugins/FX/Niagara/Content/Functions/Collision/RandomizeCollisionNormals.uasset" 4685
"../../../Engine/Plugins/FX/Niagara/Content/Functions/Collision/PlaneSphereCollisionDetection.uasset" 4686
"../../../Engine/Plugins/FX/Niagara/Content/Functions/ReflectVector.uasset" 4687
"/Niagara/Modules/Update/Size/ScaleMeshSize" 4688
"/Niagara/Functions/ReflectVector" 4689
"/Niagara/Functions/Collision/PlaneSphereCollisionDetection" 4690
"/Niagara/Functions/Collision/RandomizeCollisionNormals" 4691
"/Niagara/Functions/Textures/CalculateA_VolumeTexturesDistanceFieldGradient" 4692
"/Niagara/Modules/Collision/NiagaraDistanceFieldCollisions" 4693
"/Niagara/Modules/Collision/SceneDepthTest" 4694
"/Niagara/Modules/Decal/Decal_Attributes" 4695
"/Niagara/Modules/System/CompleteIfUnused" 4696
"/Niagara/DynamicInputs/Random/V2/RandomVector" 4697
"/Niagara/Functions/DeriveThirdOrthogonalVector" 4698
"/Niagara/Functions/MakeVectorsOrthogonal" 4699
"/Niagara/Functions/Rotation/LerpQuaternion" 4700
"/Niagara/Functions/Helpers/FN_FirstFrame_Numeric" 4701
"/Niagara/Functions/Math/V2/SmoothLerpOverTime" 4702
"/Niagara/Functions/Math/InterpolateOverTime_V3_" 4703
"/Niagara/Functions/Rotation/MakeQuaternionFromXAndYVectors" 4704
"/Niagara/Functions/Rotation/MakeQuaternionFromXAndZVectors" 4705
"../../../Engine/Plugins/FX/Niagara/Content/Modules/Collision/CollisionQueryAndResponse.uasset" 4706
"../../../Engine/Plugins/FX/Niagara/Content/Functions/Helpers/DoOnce_fn.uasset" 4707
"../../../Engine/Plugins/FX/Niagara/Content/Modules/Collision/Collision.uasset" 4708
"../../../Engine/Plugins/FX/Niagara/Content/DynamicInputs/TypeConversions/MakeCustomVectorFromBool.uasset" 4709
"../../../Engine/Plugins/FX/Niagara/Content/DynamicInputs/TypeConversions/MakeCustomFloatFromBool.uasset" 4710
"../../../Engine/Plugins/FX/Niagara/Content/Functions/CalculateMeshRadius.uasset" 4711
"../../../Engine/Plugins/FX/Niagara/Content/DynamicInputs/Math/CalculateParticleRadius.uasset" 4712
"../../../Engine/Plugins/FX/Niagara/Content/DynamicInputs/Divide/Divide_Float.uasset" 4713
"../../../Engine/Plugins/FX/Niagara/Content/DynamicInputs/Bool/SetBoolByIntComparison.uasset" 4714
"../../../Engine/Plugins/FX/Niagara/Content/DynamicInputs/Clamp/ClampFloat.uasset" 4715
"../../../Engine/Plugins/FX/Niagara/Content/DynamicInputs/Arrays/SelectFloatFromArray.uasset" 4716
"C:/Users/Ali imran/Documents/GitHub/SpaceRatTestBP/Content/NiagaraExamples/EffectTypes/NET_Gameplay_Looping.uasset" 4717
"../../../Engine/Plugins/FX/Niagara/Content/DynamicInputs/TypeConversions/VectorFromFloat.uasset" 4718
"../../../Engine/Plugins/FX/Niagara/Content/DynamicInputs/Multiply/Multiply_VectorByFloat.uasset" 4719
"../../../Engine/Plugins/FX/Niagara/Content/DynamicInputs/Multiply/Multiply_Float.uasset" 4720
"../../../Engine/Plugins/FX/Niagara/Content/Functions/V2/RemapRange.uasset" 4721
"../../../Engine/Plugins/FX/Niagara/Content/Functions/Rotation/RotateVector2D.uasset" 4722
"../../../Engine/Plugins/FX/Niagara/Content/Functions/SphericalToCartesianCoordinates.uasset" 4723
"../../../Engine/Plugins/FX/Niagara/Content/Functions/IsolateLongestVectorComponent.uasset" 4724
"../../../Engine/Plugins/FX/Niagara/Content/Functions/RandomPointInBox.uasset" 4725
"../../../Engine/Plugins/FX/Niagara/Content/Functions/PolarToCartesianCoordinates.uasset" 4726
"../../../Engine/Plugins/FX/Niagara/Content/Functions/Localspace/TransformPosition.uasset" 4727
"../../../Engine/Plugins/FX/Niagara/Content/Functions/ParametricTorusKnot.uasset" 4728
"../../../Engine/Plugins/FX/Niagara/Content/Functions/ParametricTorus.uasset" 4729
"../../../Engine/Plugins/FX/Niagara/Content/Functions/NormalizedExecutionIndex.uasset" 4730
"../../../Engine/Plugins/FX/Niagara/Content/Modules/Spawn/Location/V2/ShapeLocation.uasset" 4731
"../../../Engine/Plugins/FX/Niagara/Content/Functions/V2/CalculateRandomBool.uasset" 4732
"/Niagara/Modules/Spawn/Location/V2/ShapeLocation" 4733
"/Niagara/DynamicInputs/Multiply/Multiply_Float" 4734
"/Niagara/DynamicInputs/Multiply/Multiply_VectorByFloat" 4735
"/Niagara/DynamicInputs/TypeConversions/VectorFromFloat" 4736
"/Game/NiagaraExamples/EffectTypes/NET_Gameplay_Looping" 4737
"/Niagara/DynamicInputs/Arrays/SelectFloatFromArray" 4738
"/Niagara/Modules/Update/Orientation/V3/UpdateMeshOrientation" 4739
"/Niagara/DynamicInputs/Bool/SetBoolByIntComparison" 4740
"/Niagara/DynamicInputs/Clamp/ClampFloat" 4741
"/Niagara/DynamicInputs/Divide/Divide_Float" 4742
"/Niagara/DynamicInputs/Math/CalculateParticleRadius" 4743
"/Niagara/DynamicInputs/TypeConversions/MakeCustomFloatFromBool" 4744
"/Niagara/DynamicInputs/TypeConversions/MakeCustomVectorFromBool" 4745
"../../../Engine/Plugins/FX/Niagara/Content/Functions/LinearColor/HueShiftLinearColor.uasset" 4746
"../../../Engine/Plugins/FX/Niagara/Content/Functions/Localspace/SimulationPosition.uasset" 4747
"../../../Engine/Plugins/FX/Niagara/Content/Modules/Spawn/Initialization/V2/InitializeParticle.uasset" 4748
"../../../Engine/Plugins/FX/Niagara/Content/Icons/Modules/T_Icon_Particle_InfiniteLife.uasset" 4749
"../../../Engine/Plugins/FX/Niagara/Content/Modules/Update/Lifetime/ParticleState.uasset" 4750
"../../../Engine/Plugins/FX/Niagara/Content/Modules/Update/Forces/GravityForce.uasset" 4751
"../../../Engine/Plugins/FX/Niagara/Content/Modules/Update/Forces/Drag.uasset" 4752
"../../../Engine/Plugins/FX/Niagara/Content/Functions/NormalizeDistanceRange.uasset" 4753
"../../../Engine/Plugins/FX/Niagara/Content/Functions/V2/DistanceBasedFalloff.uasset" 4754
"../../../Engine/Plugins/FX/Niagara/Content/Modules/Spawn/Velocity/AddVelocity.uasset" 4755
"../../../Engine/Plugins/FX/Niagara/Content/Modules/System/SystemState.uasset" 4756
"../../../Engine/Plugins/FX/Niagara/Content/DynamicInputs/UniformRange/V2/RandomRangeFloat.uasset" 4757
"../../../Engine/Plugins/FX/Niagara/Content/Icons/Modules/T_Icon_Solver_RotationalSolve.uasset" 4758
"../../../Engine/Plugins/FX/Niagara/Content/Icons/Modules/T_Icon_Solver_LimitSpeed.uasset" 4759
"../../../Engine/Plugins/FX/Niagara/Content/Icons/Modules/T_Icon_Solver_LimitAccel.uasset" 4760
"../../../Engine/Plugins/FX/Niagara/Content/Functions/Drag/DragVelocity.uasset" 4761
"../../../Engine/Plugins/FX/Niagara/Content/Functions/Math/CentimeterMeterConversion.uasset" 4762
"../../../Engine/Plugins/FX/Niagara/Content/Modules/Solvers/SolveForcesAndVelocity.uasset" 4763
"../../../Engine/Plugins/FX/Niagara/Content/Icons/Modules/T_Icon_Scalability_System.uasset" 4764
"../../../Engine/Plugins/FX/Niagara/Content/Icons/Modules/T_Icon_Scalability_Emitter.uasset" 4765
"../../../Engine/Plugins/FX/Niagara/Content/Functions/Emitter/EmitterChangeState.uasset" 4766
"../../../Engine/Plugins/FX/Niagara/Content/Modules/Emitter/EmitterState.uasset" 4767
"../../../Engine/Plugins/FX/Niagara/Content/DynamicInputs/ValueFromCurve/FloatFromCurve.uasset" 4768
"../../../Engine/Plugins/FX/Niagara/Content/ParameterDefinitions/RibbonRenderer.uasset" 4769
"../../../Engine/Plugins/FX/Niagara/Content/Modules/Update/Color/ScaleColor.uasset" 4770
"../../../Engine/Plugins/FX/Niagara/Content/VectorFields/Assets/TilingCurl64.uasset" 4771
"/Niagara/Modules/Emitter/EmitterState" 4772
"/Niagara/Modules/Solvers/SolveForcesAndVelocity" 4773
"/Niagara/Modules/Update/Color/ScaleColor" 4774
"/Niagara/DynamicInputs/ValueFromCurve/FloatFromCurve" 4775
"/Niagara/Modules/System/SystemState" 4776
"/Niagara/DynamicInputs/UniformRange/V2/RandomRangeFloat" 4777
"/Niagara/Modules/Spawn/Velocity/AddVelocity" 4778
"/Game/NiagaraExamples/FX_NDC/NS_NDC_Footsteps" 4779
"/Niagara/VectorFields/Assets/TilingCurl64" 4780
"C:/Users/Ali imran/Documents/GitHub/SpaceRatTestBP/DerivedDataCache/VT/TEXTURE_7C16439390E24F1F9468894FB4D4BC55_VTCHUNKD2DAB16BFF152507817E734DBB935160EA97A322" 4781
"C:/Users/Ali imran/Documents/GitHub/SpaceRatTestBP/DerivedDataCache/VT/TEXTURE_7C16439390E24F1F9468894FB4D4BC55_VTCHUNK38740DBD4108040D6985AA56705D97D46F27920C" 4782
"C:/Users/Ali imran/Documents/GitHub/SpaceRatTestBP/DerivedDataCache/VT/TEXTURE_7C16439390E24F1F9468894FB4D4BC55_VTCHUNK84C05FFC339C0CEFE446DED1628C0AFB5362331E" 4783
"C:/Users/Ali imran/Documents/GitHub/SpaceRatTestBP/DerivedDataCache/VT/TEXTURE_7C16439390E24F1F9468894FB4D4BC55_VTCHUNKC0393DE8C5B4673D99D1BECB92AA8C1F72FEB491" 4784
"C:/Users/Ali imran/Documents/GitHub/SpaceRatTestBP/DerivedDataCache/VT/TEXTURE_7C16439390E24F1F9468894FB4D4BC55_VTCHUNK02D4C3BCAD7DFA48AB32B8281FB06B8B83DB6275" 4785
"/Game/NiagaraExamples/FX_NDC/NS_NDC_Impacts" 4786
"/Engine/Maps/Entry_BuiltData" 4787
"../../../Engine/Content/EngineMaterials/Substrate/GLints/dict_16_192_64_0p5_0p02_0061_0002.uasset" 4788
"../../../Engine/Content/EngineMaterials/Substrate/GLints/dict_16_192_64_0p5_0p02_0061_0007.uasset" 4789
"../../../Engine/Content/EngineMaterials/Substrate/GLints/dict_16_192_64_0p5_0p02_0061_0004.uasset" 4790
"../../../Engine/Content/EngineMaterials/Substrate/GLints/dict_16_192_64_0p5_0p02_0061_0000.uasset" 4791
"../../../Engine/Content/EngineMaterials/Substrate/GLints/dict_16_192_64_0p5_0p02_0060_0015.uasset" 4792
"../../../Engine/Content/EngineMaterials/Substrate/GLints/dict_16_192_64_0p5_0p02_0061_0006.uasset" 4793
"../../../Engine/Content/EngineMaterials/Substrate/GLints/dict_16_192_64_0p5_0p02_0061_0005.uasset" 4794
"../../../Engine/Content/EngineMaterials/Substrate/GLints/dict_16_192_64_0p5_0p02_0060_0012.uasset" 4795
"../../../Engine/Content/EngineMaterials/Substrate/GLints/dict_16_192_64_0p5_0p02_0060_0011.uasset" 4796
"../../../Engine/Content/EngineMaterials/Substrate/GLints/dict_16_192_64_0p5_0p02_0060_0008.uasset" 4797
"../../../Engine/Content/EngineMaterials/Substrate/GLints/dict_16_192_64_0p5_0p02_0060_0009.uasset" 4798
"../../../Engine/Content/EngineMaterials/Substrate/GLints/dict_16_192_64_0p5_0p02_0060_0014.uasset" 4799
"../../../Engine/Content/EngineMaterials/Substrate/GLints/dict_16_192_64_0p5_0p02_0060_0010.uasset" 4800
"../../../Engine/Content/EngineMaterials/Substrate/GLints/dict_16_192_64_0p5_0p02_0060_0013.uasset" 4801
"../../../Engine/Content/EngineMaterials/Substrate/GLints/dict_16_192_64_0p5_0p02_0060_0003.uasset" 4802
"../../../Engine/Content/EngineMaterials/Substrate/GLints/dict_16_192_64_0p5_0p02_0061_0003.uasset" 4803
"../../../Engine/Content/EngineMaterials/Substrate/GLints/dict_16_192_64_0p5_0p02_0060_0005.uasset" 4804
"../../../Engine/Content/EngineMaterials/Substrate/GLints/dict_16_192_64_0p5_0p02_0059_0014.uasset" 4805
"../../../Engine/Content/EngineMaterials/Substrate/GLints/dict_16_192_64_0p5_0p02_0060_0004.uasset" 4806
"../../../Engine/Content/EngineMaterials/Substrate/GLints/dict_16_192_64_0p5_0p02_0060_0001.uasset" 4807
"../../../Engine/Content/EngineMaterials/Substrate/GLints/dict_16_192_64_0p5_0p02_0060_0007.uasset" 4808
"../../../Engine/Content/EngineMaterials/Substrate/GLints/dict_16_192_64_0p5_0p02_0059_0010.uasset" 4809
"../../../Engine/Content/EngineMaterials/Substrate/GLints/dict_16_192_64_0p5_0p02_0059_0015.uasset" 4810
"../../../Engine/Content/EngineMaterials/Substrate/GLints/dict_16_192_64_0p5_0p02_0060_0002.uasset" 4811
"../../../Engine/Content/EngineMaterials/Substrate/GLints/dict_16_192_64_0p5_0p02_0059_0013.uasset" 4812
"../../../Engine/Content/EngineMaterials/Substrate/GLints/dict_16_192_64_0p5_0p02_0059_0009.uasset" 4813
"../../../Engine/Content/EngineMaterials/Substrate/GLints/dict_16_192_64_0p5_0p02_0060_0000.uasset" 4814
"../../../Engine/Content/EngineMaterials/Substrate/GLints/dict_16_192_64_0p5_0p02_0061_0001.uasset" 4815
"../../../Engine/Content/EngineMaterials/Substrate/GLints/dict_16_192_64_0p5_0p02_0059_0011.uasset" 4816
"../../../Engine/Content/EngineMaterials/Substrate/GLints/dict_16_192_64_0p5_0p02_0059_0012.uasset" 4817
"../../../Engine/Content/EngineMaterials/Substrate/GLints/dict_16_192_64_0p5_0p02_0059_0008.uasset" 4818
"../../../Engine/Content/EngineMaterials/Substrate/GLints/dict_16_192_64_0p5_0p02_0060_0006.uasset" 4819
"/Engine/EngineMaterials/Substrate/GLints/dict_16_192_64_0p5_0p02_0059_0013" 4820
"/Engine/EngineMaterials/Substrate/GLints/dict_16_192_64_0p5_0p02_0059_0014" 4821
"/Engine/EngineMaterials/Substrate/GLints/dict_16_192_64_0p5_0p02_0059_0015" 4822
"/Engine/EngineMaterials/Substrate/GLints/dict_16_192_64_0p5_0p02_0060_0000" 4823
"/Engine/EngineMaterials/Substrate/GLints/dict_16_192_64_0p5_0p02_0060_0001" 4824
"/Engine/EngineMaterials/Substrate/GLints/dict_16_192_64_0p5_0p02_0060_0002" 4825
"/Engine/EngineMaterials/Substrate/GLints/dict_16_192_64_0p5_0p02_0060_0003" 4826
"/Engine/EngineMaterials/Substrate/GLints/dict_16_192_64_0p5_0p02_0060_0004" 4827
"/Engine/EngineMaterials/Substrate/GLints/dict_16_192_64_0p5_0p02_0060_0005" 4828
"/Engine/EngineMaterials/Substrate/GLints/dict_16_192_64_0p5_0p02_0060_0006" 4829
"/Engine/EngineMaterials/Substrate/GLints/dict_16_192_64_0p5_0p02_0060_0007" 4830
"/Engine/EngineMaterials/Substrate/GLints/dict_16_192_64_0p5_0p02_0060_0008" 4831
"/Engine/EngineMaterials/Substrate/GLints/dict_16_192_64_0p5_0p02_0060_0009" 4832
"/Engine/EngineMaterials/Substrate/GLints/dict_16_192_64_0p5_0p02_0060_0010" 4833
"/Engine/EngineMaterials/Substrate/GLints/dict_16_192_64_0p5_0p02_0060_0011" 4834
"/Engine/EngineMaterials/Substrate/GLints/dict_16_192_64_0p5_0p02_0059_0009" 4835
"/Engine/EngineMaterials/Substrate/GLints/dict_16_192_64_0p5_0p02_0060_0012" 4836
"/Engine/EngineMaterials/Substrate/GLints/dict_16_192_64_0p5_0p02_0060_0013" 4837
"/Engine/EngineMaterials/Substrate/GLints/dict_16_192_64_0p5_0p02_0060_0014" 4838
"/Engine/EngineMaterials/Substrate/GLints/dict_16_192_64_0p5_0p02_0059_0010" 4839
"/Engine/EngineMaterials/Substrate/GLints/dict_16_192_64_0p5_0p02_0060_0015" 4840
"/Engine/EngineMaterials/Substrate/GLints/dict_16_192_64_0p5_0p02_0061_0000" 4841
"/Engine/EngineMaterials/Substrate/GLints/dict_16_192_64_0p5_0p02_0059_0011" 4842
"/Engine/EngineMaterials/Substrate/GLints/dict_16_192_64_0p5_0p02_0061_0001" 4843
"/Engine/EngineMaterials/Substrate/GLints/dict_16_192_64_0p5_0p02_0061_0002" 4844
"/Engine/EngineMaterials/Substrate/GLints/dict_16_192_64_0p5_0p02_0061_0003" 4845
"/Engine/EngineMaterials/Substrate/GLints/dict_16_192_64_0p5_0p02_0061_0004" 4846
"/Engine/EngineMaterials/Substrate/GLints/dict_16_192_64_0p5_0p02_0061_0005" 4847
"/Engine/EngineMaterials/Substrate/GLints/dict_16_192_64_0p5_0p02_0061_0006" 4848
"/Engine/EngineMaterials/Substrate/GLints/dict_16_192_64_0p5_0p02_0061_0007" 4849
"/Engine/EngineMaterials/Substrate/GLints/dict_16_192_64_0p5_0p02_0059_0008" 4850
"/Engine/EngineMaterials/Substrate/GLints/dict_16_192_64_0p5_0p02_0059_0012" 4851
"../../../Engine/Content/EngineMaterials/Substrate/GLints/dict_16_192_64_0p5_0p02_0059_0007.uasset" 4852
"../../../Engine/Content/EngineMaterials/Substrate/GLints/dict_16_192_64_0p5_0p02_0059_0006.uasset" 4853
"../../../Engine/Content/EngineMaterials/Substrate/GLints/dict_16_192_64_0p5_0p02_0059_0005.uasset" 4854
"../../../Engine/Content/EngineMaterials/Substrate/GLints/dict_16_192_64_0p5_0p02_0059_0004.uasset" 4855
"../../../Engine/Content/EngineMaterials/Substrate/GLints/dict_16_192_64_0p5_0p02_0059_0001.uasset" 4856
"../../../Engine/Content/EngineMaterials/Substrate/GLints/dict_16_192_64_0p5_0p02_0059_0000.uasset" 4857
"../../../Engine/Content/EngineMaterials/Substrate/GLints/dict_16_192_64_0p5_0p02_0059_0002.uasset" 4858
"../../../Engine/Content/EngineMaterials/Substrate/GLints/dict_16_192_64_0p5_0p02_0058_0014.uasset" 4859
"../../../Engine/Content/EngineMaterials/Substrate/GLints/dict_16_192_64_0p5_0p02_0058_0015.uasset" 4860
"../../../Engine/Content/EngineMaterials/Substrate/GLints/dict_16_192_64_0p5_0p02_0059_0003.uasset" 4861
"../../../Engine/Content/EngineMaterials/Substrate/GLints/dict_16_192_64_0p5_0p02_0058_0013.uasset" 4862
"../../../Engine/Content/EngineMaterials/Substrate/GLints/dict_16_192_64_0p5_0p02_0058_0011.uasset" 4863
"/Engine/EngineMaterials/Substrate/GLints/dict_16_192_64_0p5_0p02_0058_0011" 4864
"/Engine/EngineMaterials/Substrate/GLints/dict_16_192_64_0p5_0p02_0058_0013" 4865
"../../../Engine/Content/EngineMaterials/Substrate/GLints/dict_16_192_64_0p5_0p02_0058_0009.uasset" 4866
"../../../Engine/Content/EngineMaterials/Substrate/GLints/dict_16_192_64_0p5_0p02_0058_0008.uasset" 4867
"../../../Engine/Content/EngineMaterials/Substrate/GLints/dict_16_192_64_0p5_0p02_0058_0012.uasset" 4868
"/Engine/EngineMaterials/Substrate/GLints/dict_16_192_64_0p5_0p02_0058_0014" 4869
"/Engine/EngineMaterials/Substrate/GLints/dict_16_192_64_0p5_0p02_0058_0015" 4870
"/Engine/EngineMaterials/Substrate/GLints/dict_16_192_64_0p5_0p02_0059_0000" 4871
"/Engine/EngineMaterials/Substrate/GLints/dict_16_192_64_0p5_0p02_0059_0001" 4872
"/Engine/EngineMaterials/Substrate/GLints/dict_16_192_64_0p5_0p02_0059_0002" 4873
"/Engine/EngineMaterials/Substrate/GLints/dict_16_192_64_0p5_0p02_0059_0003" 4874
"/Engine/EngineMaterials/Substrate/GLints/dict_16_192_64_0p5_0p02_0059_0004" 4875
"../../../Engine/Content/EngineMaterials/Substrate/GLints/dict_16_192_64_0p5_0p02_0058_0005.uasset" 4876
"../../../Engine/Content/EngineMaterials/Substrate/GLints/dict_16_192_64_0p5_0p02_0058_0007.uasset" 4877
"../../../Engine/Content/EngineMaterials/Substrate/GLints/dict_16_192_64_0p5_0p02_0058_0010.uasset" 4878
"../../../Engine/Content/EngineMaterials/Substrate/GLints/dict_16_192_64_0p5_0p02_0058_0003.uasset" 4879
"/Engine/EngineMaterials/Substrate/GLints/dict_16_192_64_0p5_0p02_0059_0005" 4880
"/Engine/EngineMaterials/Substrate/GLints/dict_16_192_64_0p5_0p02_0059_0006" 4881
"/Engine/EngineMaterials/Substrate/GLints/dict_16_192_64_0p5_0p02_0059_0007" 4882
"../../../Engine/Content/EngineMaterials/Substrate/GLints/dict_16_192_64_0p5_0p02_0058_0006.uasset" 4883
"/Engine/EngineMaterials/Substrate/GLints/dict_16_192_64_0p5_0p02_0058_0003" 4884
"/Engine/EngineMaterials/Substrate/GLints/dict_16_192_64_0p5_0p02_0058_0005" 4885
"/Engine/EngineMaterials/Substrate/GLints/dict_16_192_64_0p5_0p02_0058_0006" 4886
"../../../Engine/Content/EngineMaterials/Substrate/GLints/dict_16_192_64_0p5_0p02_0057_0015.uasset" 4887
"/Engine/EngineMaterials/Substrate/GLints/dict_16_192_64_0p5_0p02_0058_0007" 4888
"../../../Engine/Content/EngineMaterials/Substrate/GLints/dict_16_192_64_0p5_0p02_0058_0001.uasset" 4889
"/Engine/EngineMaterials/Substrate/GLints/dict_16_192_64_0p5_0p02_0058_0008" 4890
"/Engine/EngineMaterials/Substrate/GLints/dict_16_192_64_0p5_0p02_0058_0009" 4891
"../../../Engine/Content/EngineMaterials/Substrate/GLints/dict_16_192_64_0p5_0p02_0057_0014.uasset" 4892
"/Engine/EngineMaterials/Substrate/GLints/dict_16_192_64_0p5_0p02_0058_0010" 4893
"/Engine/EngineMaterials/Substrate/GLints/dict_16_192_64_0p5_0p02_0058_0012" 4894
"/Engine/EngineMaterials/Substrate/GLints/dict_16_192_64_0p5_0p02_0057_0014" 4895
"../../../Engine/Content/EngineMaterials/Substrate/GLints/dict_16_192_64_0p5_0p02_0058_0000.uasset" 4896
"/Engine/EngineMaterials/Substrate/GLints/dict_16_192_64_0p5_0p02_0057_0015" 4897
"/Engine/EngineMaterials/Substrate/GLints/dict_16_192_64_0p5_0p02_0058_0001" 4898
"/Engine/EngineMaterials/Substrate/GLints/dict_16_192_64_0p5_0p02_0058_0000" 4899
"../../../Engine/Content/EngineMaterials/Substrate/GLints/dict_16_192_64_0p5_0p02_0057_0012.uasset" 4900
"../../../Engine/Content/EngineMaterials/Substrate/GLints/dict_16_192_64_0p5_0p02_0058_0004.uasset" 4901
"/Engine/EngineMaterials/Substrate/GLints/dict_16_192_64_0p5_0p02_0057_0012" 4902
"../../../Engine/Content/EngineMaterials/Substrate/GLints/dict_16_192_64_0p5_0p02_0057_0010.uasset" 4903
"../../../Engine/Content/EngineMaterials/Substrate/GLints/dict_16_192_64_0p5_0p02_0057_0009.uasset" 4904
"../../../Engine/Content/EngineMaterials/Substrate/GLints/dict_16_192_64_0p5_0p02_0057_0011.uasset" 4905
"/Engine/EngineMaterials/Substrate/GLints/dict_16_192_64_0p5_0p02_0058_0004" 4906
"../../../Engine/Content/EngineMaterials/Substrate/GLints/dict_16_192_64_0p5_0p02_0057_0013.uasset" 4907
"/Engine/EngineMaterials/Substrate/GLints/dict_16_192_64_0p5_0p02_0057_0009" 4908
"/Engine/EngineMaterials/Substrate/GLints/dict_16_192_64_0p5_0p02_0057_0010" 4909
"/Engine/EngineMaterials/Substrate/GLints/dict_16_192_64_0p5_0p02_0057_0011" 4910
"/Engine/EngineMaterials/Substrate/GLints/dict_16_192_64_0p5_0p02_0057_0013" 4911
"../../../Engine/Content/EngineMaterials/Substrate/GLints/dict_16_192_64_0p5_0p02_0057_0008.uasset" 4912
"/Engine/EngineMaterials/Substrate/GLints/dict_16_192_64_0p5_0p02_0057_0008" 4913
"../../../Engine/Content/EngineMaterials/Substrate/GLints/dict_16_192_64_0p5_0p02_0057_0004.uasset" 4914
"../../../Engine/Content/EngineMaterials/Substrate/GLints/dict_16_192_64_0p5_0p02_0057_0003.uasset" 4915
"../../../Engine/Content/EngineMaterials/Substrate/GLints/dict_16_192_64_0p5_0p02_0057_0006.uasset" 4916
"../../../Engine/Content/EngineMaterials/Substrate/GLints/dict_16_192_64_0p5_0p02_0057_0001.uasset" 4917
"../../../Engine/Content/EngineMaterials/Substrate/GLints/dict_16_192_64_0p5_0p02_0057_0007.uasset" 4918
"../../../Engine/Content/EngineMaterials/Substrate/GLints/dict_16_192_64_0p5_0p02_0057_0002.uasset" 4919
"../../../Engine/Content/EngineMaterials/Substrate/GLints/dict_16_192_64_0p5_0p02_0057_0000.uasset" 4920
"../../../Engine/Content/EngineMaterials/Substrate/GLints/dict_16_192_64_0p5_0p02_0056_0014.uasset" 4921
"../../../Engine/Content/EngineMaterials/Substrate/GLints/dict_16_192_64_0p5_0p02_0056_0013.uasset" 4922
"../../../Engine/Content/EngineMaterials/Substrate/GLints/dict_16_192_64_0p5_0p02_0058_0002.uasset" 4923
"../../../Engine/Content/EngineMaterials/Substrate/GLints/dict_16_192_64_0p5_0p02_0056_0015.uasset" 4924
"../../../Engine/Content/EngineMaterials/Substrate/GLints/dict_16_192_64_0p5_0p02_0057_0005.uasset" 4925
"../../../Engine/Content/EngineMaterials/Substrate/GLints/dict_16_192_64_0p5_0p02_0056_0011.uasset" 4926
"../../../Engine/Content/EngineMaterials/Substrate/GLints/dict_16_192_64_0p5_0p02_0056_0012.uasset" 4927
"../../../Engine/Content/EngineMaterials/Substrate/GLints/dict_16_192_64_0p5_0p02_0056_0010.uasset" 4928
"../../../Engine/Content/EngineMaterials/Substrate/GLints/dict_16_192_64_0p5_0p02_0056_0009.uasset" 4929
"../../../Engine/Content/EngineMaterials/Substrate/GLints/dict_16_192_64_0p5_0p02_0056_0004.uasset" 4930
"../../../Engine/Content/EngineMaterials/Substrate/GLints/dict_16_192_64_0p5_0p02_0056_0007.uasset" 4931
"../../../Engine/Content/EngineMaterials/Substrate/GLints/dict_16_192_64_0p5_0p02_0056_0008.uasset" 4932
"../../../Engine/Content/EngineMaterials/Substrate/GLints/dict_16_192_64_0p5_0p02_0056_0002.uasset" 4933
"../../../Engine/Content/EngineMaterials/Substrate/GLints/dict_16_192_64_0p5_0p02_0056_0000.uasset" 4934
"../../../Engine/Content/EngineMaterials/Substrate/GLints/dict_16_192_64_0p5_0p02_0056_0001.uasset" 4935
"../../../Engine/Content/EngineMaterials/Substrate/GLints/dict_16_192_64_0p5_0p02_0056_0005.uasset" 4936
"../../../Engine/Content/EngineMaterials/Substrate/GLints/dict_16_192_64_0p5_0p02_0055_0015.uasset" 4937
"../../../Engine/Content/EngineMaterials/Substrate/GLints/dict_16_192_64_0p5_0p02_0056_0003.uasset" 4938
"../../../Engine/Content/EngineMaterials/Substrate/GLints/dict_16_192_64_0p5_0p02_0055_0014.uasset" 4939
"../../../Engine/Content/EngineMaterials/Substrate/GLints/dict_16_192_64_0p5_0p02_0055_0013.uasset" 4940
"../../../Engine/Content/EngineMaterials/Substrate/GLints/dict_16_192_64_0p5_0p02_0055_0012.uasset" 4941
"../../../Engine/Content/EngineMaterials/Substrate/GLints/dict_16_192_64_0p5_0p02_0055_0010.uasset" 4942
"../../../Engine/Content/EngineMaterials/Substrate/GLints/dict_16_192_64_0p5_0p02_0056_0006.uasset" 4943
"../../../Engine/Content/EngineMaterials/Substrate/GLints/dict_16_192_64_0p5_0p02_0055_0011.uasset" 4944
"../../../Engine/Content/EngineMaterials/Substrate/GLints/dict_16_192_64_0p5_0p02_0055_0009.uasset" 4945
"/Engine/EngineMaterials/Substrate/GLints/dict_16_192_64_0p5_0p02_0055_0009" 4946
"/Engine/EngineMaterials/Substrate/GLints/dict_16_192_64_0p5_0p02_0055_0010" 4947
"/Engine/EngineMaterials/Substrate/GLints/dict_16_192_64_0p5_0p02_0055_0011" 4948
"/Engine/EngineMaterials/Substrate/GLints/dict_16_192_64_0p5_0p02_0055_0012" 4949
"/Engine/EngineMaterials/Substrate/GLints/dict_16_192_64_0p5_0p02_0055_0014" 4950
"/Engine/EngineMaterials/Substrate/GLints/dict_16_192_64_0p5_0p02_0055_0013" 4951
"/Engine/EngineMaterials/Substrate/GLints/dict_16_192_64_0p5_0p02_0056_0001" 4952
"/Engine/EngineMaterials/Substrate/GLints/dict_16_192_64_0p5_0p02_0056_0002" 4953
"/Engine/EngineMaterials/Substrate/GLints/dict_16_192_64_0p5_0p02_0056_0000" 4954
"/Engine/EngineMaterials/Substrate/GLints/dict_16_192_64_0p5_0p02_0056_0003" 4955
"/Engine/EngineMaterials/Substrate/GLints/dict_16_192_64_0p5_0p02_0058_0002" 4956
"/Engine/EngineMaterials/Substrate/GLints/dict_16_192_64_0p5_0p02_0056_0004" 4957
"/Engine/EngineMaterials/Substrate/GLints/dict_16_192_64_0p5_0p02_0055_0015" 4958
"/Engine/EngineMaterials/Substrate/GLints/dict_16_192_64_0p5_0p02_0056_0005" 4959
"/Engine/EngineMaterials/Substrate/GLints/dict_16_192_64_0p5_0p02_0056_0006" 4960
"/Engine/EngineMaterials/Substrate/GLints/dict_16_192_64_0p5_0p02_0056_0007" 4961
"/Engine/EngineMaterials/Substrate/GLints/dict_16_192_64_0p5_0p02_0056_0008" 4962
"/Engine/EngineMaterials/Substrate/GLints/dict_16_192_64_0p5_0p02_0056_0009" 4963
"/Engine/EngineMaterials/Substrate/GLints/dict_16_192_64_0p5_0p02_0056_0010" 4964
"/Engine/EngineMaterials/Substrate/GLints/dict_16_192_64_0p5_0p02_0056_0012" 4965
"/Engine/EngineMaterials/Substrate/GLints/dict_16_192_64_0p5_0p02_0056_0011" 4966
"/Engine/EngineMaterials/Substrate/GLints/dict_16_192_64_0p5_0p02_0056_0013" 4967
"/Engine/EngineMaterials/Substrate/GLints/dict_16_192_64_0p5_0p02_0056_0014" 4968
"/Engine/EngineMaterials/Substrate/GLints/dict_16_192_64_0p5_0p02_0056_0015" 4969
"/Engine/EngineMaterials/Substrate/GLints/dict_16_192_64_0p5_0p02_0057_0000" 4970
"/Engine/EngineMaterials/Substrate/GLints/dict_16_192_64_0p5_0p02_0057_0001" 4971
"/Engine/EngineMaterials/Substrate/GLints/dict_16_192_64_0p5_0p02_0057_0002" 4972
"/Engine/EngineMaterials/Substrate/GLints/dict_16_192_64_0p5_0p02_0057_0003" 4973
"/Engine/EngineMaterials/Substrate/GLints/dict_16_192_64_0p5_0p02_0057_0004" 4974
"/Engine/EngineMaterials/Substrate/GLints/dict_16_192_64_0p5_0p02_0057_0005" 4975
"/Engine/EngineMaterials/Substrate/GLints/dict_16_192_64_0p5_0p02_0057_0006" 4976
"/Engine/EngineMaterials/Substrate/GLints/dict_16_192_64_0p5_0p02_0057_0007" 4977
"../../../Engine/Content/EngineMaterials/Substrate/GLints/dict_16_192_64_0p5_0p02_0055_0007.uasset" 4978
"../../../Engine/Content/EngineMaterials/Substrate/GLints/dict_16_192_64_0p5_0p02_0055_0008.uasset" 4979
"../../../Engine/Content/EngineMaterials/Substrate/GLints/dict_16_192_64_0p5_0p02_0055_0006.uasset" 4980
"../../../Engine/Content/EngineMaterials/Substrate/GLints/dict_16_192_64_0p5_0p02_0055_0005.uasset" 4981
"/Engine/EngineMaterials/Substrate/GLints/dict_16_192_64_0p5_0p02_0055_0005" 4982
"/Engine/EngineMaterials/Substrate/GLints/dict_16_192_64_0p5_0p02_0055_0006" 4983
"../../../Engine/Content/EngineMaterials/Substrate/GLints/dict_16_192_64_0p5_0p02_0055_0004.uasset" 4984
"/Engine/EngineMaterials/Substrate/GLints/dict_16_192_64_0p5_0p02_0055_0007" 4985
"/Engine/EngineMaterials/Substrate/GLints/dict_16_192_64_0p5_0p02_0055_0008" 4986
"../../../Engine/Content/EngineMaterials/Substrate/GLints/dict_16_192_64_0p5_0p02_0055_0003.uasset" 4987
"../../../Engine/Content/EngineMaterials/Substrate/GLints/dict_16_192_64_0p5_0p02_0055_0001.uasset" 4988
"../../../Engine/Content/EngineMaterials/Substrate/GLints/dict_16_192_64_0p5_0p02_0055_0000.uasset" 4989
"/Engine/EngineMaterials/Substrate/GLints/dict_16_192_64_0p5_0p02_0055_0000" 4990
"/Engine/EngineMaterials/Substrate/GLints/dict_16_192_64_0p5_0p02_0055_0001" 4991
"/Engine/EngineMaterials/Substrate/GLints/dict_16_192_64_0p5_0p02_0055_0003" 4992
"/Engine/EngineMaterials/Substrate/GLints/dict_16_192_64_0p5_0p02_0055_0004" 4993
"../../../Engine/Content/EngineMaterials/Substrate/GLints/dict_16_192_64_0p5_0p02_0054_0014.uasset" 4994
"../../../Engine/Content/EngineMaterials/Substrate/GLints/dict_16_192_64_0p5_0p02_0054_0013.uasset" 4995
"../../../Engine/Content/EngineMaterials/Substrate/GLints/dict_16_192_64_0p5_0p02_0054_0015.uasset" 4996
"../../../Engine/Content/EngineMaterials/Substrate/GLints/dict_16_192_64_0p5_0p02_0055_0002.uasset" 4997
"../../../Engine/Content/EngineMaterials/Substrate/GLints/dict_16_192_64_0p5_0p02_0054_0012.uasset" 4998
"/Engine/EngineMaterials/Substrate/GLints/dict_16_192_64_0p5_0p02_0054_0012" 4999
"/Engine/EngineMaterials/Substrate/GLints/dict_16_192_64_0p5_0p02_0054_0013" 5000
"/Engine/EngineMaterials/Substrate/GLints/dict_16_192_64_0p5_0p02_0054_0014" 5001
"../../../Engine/Content/EngineMaterials/Substrate/GLints/dict_16_192_64_0p5_0p02_0054_0010.uasset" 5002
"/Engine/EngineMaterials/Substrate/GLints/dict_16_192_64_0p5_0p02_0054_0015" 5003
"/Engine/EngineMaterials/Substrate/GLints/dict_16_192_64_0p5_0p02_0055_0002" 5004
"../../../Engine/Content/EngineMaterials/Substrate/GLints/dict_16_192_64_0p5_0p02_0054_0009.uasset" 5005
"/Engine/EngineMaterials/Substrate/GLints/dict_16_192_64_0p5_0p02_0054_0009" 5006
"../../../Engine/Content/EngineMaterials/Substrate/GLints/dict_16_192_64_0p5_0p02_0054_0011.uasset" 5007
"/Engine/EngineMaterials/Substrate/GLints/dict_16_192_64_0p5_0p02_0054_0010" 5008
"/Engine/EngineMaterials/Substrate/GLints/dict_16_192_64_0p5_0p02_0054_0011" 5009
"../../../Engine/Content/EngineMaterials/Substrate/GLints/dict_16_192_64_0p5_0p02_0054_0008.uasset" 5010
"../../../Engine/Content/EngineMaterials/Substrate/GLints/dict_16_192_64_0p5_0p02_0054_0007.uasset" 5011
"../../../Engine/Content/EngineMaterials/Substrate/GLints/dict_16_192_64_0p5_0p02_0054_0006.uasset" 5012
"../../../Engine/Content/EngineMaterials/Substrate/GLints/dict_16_192_64_0p5_0p02_0054_0005.uasset" 5013
"/Engine/EngineMaterials/Substrate/GLints/dict_16_192_64_0p5_0p02_0054_0005" 5014
"../../../Engine/Content/EngineMaterials/Substrate/GLints/dict_16_192_64_0p5_0p02_0054_0004.uasset" 5015
"/Engine/EngineMaterials/Substrate/GLints/dict_16_192_64_0p5_0p02_0054_0006" 5016
"/Engine/EngineMaterials/Substrate/GLints/dict_16_192_64_0p5_0p02_0054_0007" 5017
"/Engine/EngineMaterials/Substrate/GLints/dict_16_192_64_0p5_0p02_0054_0008" 5018
"/Engine/EngineMaterials/Substrate/GLints/dict_16_192_64_0p5_0p02_0054_0004" 5019
"../../../Engine/Content/EngineMaterials/Substrate/GLints/dict_16_192_64_0p5_0p02_0054_0003.uasset" 5020
"../../../Engine/Content/EngineMaterials/Substrate/GLints/dict_16_192_64_0p5_0p02_0054_0001.uasset" 5021
"../../../Engine/Content/EngineMaterials/Substrate/GLints/dict_16_192_64_0p5_0p02_0054_0000.uasset" 5022
"../../../Engine/Content/EngineMaterials/Substrate/GLints/dict_16_192_64_0p5_0p02_0053_0015.uasset" 5023
"/Engine/EngineMaterials/Substrate/GLints/dict_16_192_64_0p5_0p02_0053_0015" 5024
"../../../Engine/Content/EngineMaterials/Substrate/GLints/dict_16_192_64_0p5_0p02_0053_0014.uasset" 5025
"../../../Engine/Content/EngineMaterials/Substrate/GLints/dict_16_192_64_0p5_0p02_0053_0011.uasset" 5026
"../../../Engine/Content/EngineMaterials/Substrate/GLints/dict_16_192_64_0p5_0p02_0053_0012.uasset" 5027
"/Engine/EngineMaterials/Substrate/GLints/dict_16_192_64_0p5_0p02_0054_0000" 5028
"../../../Engine/Content/EngineMaterials/Substrate/GLints/dict_16_192_64_0p5_0p02_0053_0013.uasset" 5029
"../../../Engine/Content/EngineMaterials/Substrate/GLints/dict_16_192_64_0p5_0p02_0053_0010.uasset" 5030
"/Engine/EngineMaterials/Substrate/GLints/dict_16_192_64_0p5_0p02_0054_0001" 5031
"/Engine/EngineMaterials/Substrate/GLints/dict_16_192_64_0p5_0p02_0054_0003" 5032
"/Engine/EngineMaterials/Substrate/GLints/dict_16_192_64_0p5_0p02_0053_0010" 5033
"/Engine/EngineMaterials/Substrate/GLints/dict_16_192_64_0p5_0p02_0053_0011" 5034
"/Engine/EngineMaterials/Substrate/GLints/dict_16_192_64_0p5_0p02_0053_0012" 5035
"/Engine/EngineMaterials/Substrate/GLints/dict_16_192_64_0p5_0p02_0053_0013" 5036
"/Engine/EngineMaterials/Substrate/GLints/dict_16_192_64_0p5_0p02_0053_0014" 5037
"../../../Engine/Content/EngineMaterials/Substrate/GLints/dict_16_192_64_0p5_0p02_0053_0009.uasset" 5038
"../../../Engine/Content/EngineMaterials/Substrate/GLints/dict_16_192_64_0p5_0p02_0053_0007.uasset" 5039
"../../../Engine/Content/EngineMaterials/Substrate/GLints/dict_16_192_64_0p5_0p02_0053_0006.uasset" 5040
"../../../Engine/Content/EngineMaterials/Substrate/GLints/dict_16_192_64_0p5_0p02_0053_0004.uasset" 5041
"../../../Engine/Content/EngineMaterials/Substrate/GLints/dict_16_192_64_0p5_0p02_0053_0008.uasset" 5042
"/Engine/EngineMaterials/Substrate/GLints/dict_16_192_64_0p5_0p02_0053_0009" 5043
"/Engine/EngineMaterials/Substrate/GLints/dict_16_192_64_0p5_0p02_0053_0004" 5044
"/Engine/EngineMaterials/Substrate/GLints/dict_16_192_64_0p5_0p02_0053_0006" 5045
"../../../Engine/Content/EngineMaterials/Substrate/GLints/dict_16_192_64_0p5_0p02_0054_0002.uasset" 5046
"../../../Engine/Content/EngineMaterials/Substrate/GLints/dict_16_192_64_0p5_0p02_0053_0005.uasset" 5047
"../../../Engine/Content/EngineMaterials/Substrate/GLints/dict_16_192_64_0p5_0p02_0053_0001.uasset" 5048
"../../../Engine/Content/EngineMaterials/Substrate/GLints/dict_16_192_64_0p5_0p02_0053_0002.uasset" 5049
"../../../Engine/Content/EngineMaterials/Substrate/GLints/dict_16_192_64_0p5_0p02_0053_0000.uasset" 5050
"../../../Engine/Content/EngineMaterials/Substrate/GLints/dict_16_192_64_0p5_0p02_0053_0003.uasset" 5051
"/Engine/EngineMaterials/Substrate/GLints/dict_16_192_64_0p5_0p02_0053_0007" 5052
"/Engine/EngineMaterials/Substrate/GLints/dict_16_192_64_0p5_0p02_0053_0008" 5053
"/Engine/EngineMaterials/Substrate/GLints/dict_16_192_64_0p5_0p02_0054_0002" 5054
"../../../Engine/Content/EngineMaterials/Substrate/GLints/dict_16_192_64_0p5_0p02_0052_0015.uasset" 5055
"/Engine/EngineMaterials/Substrate/GLints/dict_16_192_64_0p5_0p02_0053_0001" 5056
"/Engine/EngineMaterials/Substrate/GLints/dict_16_192_64_0p5_0p02_0053_0002" 5057
"/Engine/EngineMaterials/Substrate/GLints/dict_16_192_64_0p5_0p02_0053_0000" 5058
"/Engine/EngineMaterials/Substrate/GLints/dict_16_192_64_0p5_0p02_0053_0003" 5059
"/Engine/EngineMaterials/Substrate/GLints/dict_16_192_64_0p5_0p02_0053_0005" 5060
"../../../Engine/Content/EngineMaterials/Substrate/GLints/dict_16_192_64_0p5_0p02_0052_0011.uasset" 5061
"../../../Engine/Content/EngineMaterials/Substrate/GLints/dict_16_192_64_0p5_0p02_0052_0013.uasset" 5062
"../../../Engine/Content/EngineMaterials/Substrate/GLints/dict_16_192_64_0p5_0p02_0052_0009.uasset" 5063
"/Engine/EngineMaterials/Substrate/GLints/dict_16_192_64_0p5_0p02_0052_0011" 5064
"../../../Engine/Content/EngineMaterials/Substrate/GLints/dict_16_192_64_0p5_0p02_0052_0010.uasset" 5065
"../../../Engine/Content/EngineMaterials/Substrate/GLints/dict_16_192_64_0p5_0p02_0052_0012.uasset" 5066
"/Engine/EngineMaterials/Substrate/GLints/dict_16_192_64_0p5_0p02_0052_0009" 5067
"/Engine/EngineMaterials/Substrate/GLints/dict_16_192_64_0p5_0p02_0052_0013" 5068
"/Engine/EngineMaterials/Substrate/GLints/dict_16_192_64_0p5_0p02_0052_0015" 5069
"/Engine/EngineMaterials/Substrate/GLints/dict_16_192_64_0p5_0p02_0052_0010" 5070
"/Engine/EngineMaterials/Substrate/GLints/dict_16_192_64_0p5_0p02_0052_0012" 5071
"../../../Engine/Content/EngineMaterials/Substrate/GLints/dict_16_192_64_0p5_0p02_0052_0008.uasset" 5072
"../../../Engine/Content/EngineMaterials/Substrate/GLints/dict_16_192_64_0p5_0p02_0052_0006.uasset" 5073
"../../../Engine/Content/EngineMaterials/Substrate/GLints/dict_16_192_64_0p5_0p02_0052_0003.uasset" 5074
"../../../Engine/Content/EngineMaterials/Substrate/GLints/dict_16_192_64_0p5_0p02_0052_0007.uasset" 5075
"../../../Engine/Content/EngineMaterials/Substrate/GLints/dict_16_192_64_0p5_0p02_0052_0004.uasset" 5076
"/Engine/EngineMaterials/Substrate/GLints/dict_16_192_64_0p5_0p02_0052_0003" 5077
"/Engine/EngineMaterials/Substrate/GLints/dict_16_192_64_0p5_0p02_0052_0004" 5078
"/Engine/EngineMaterials/Substrate/GLints/dict_16_192_64_0p5_0p02_0052_0006" 5079
"../../../Engine/Content/EngineMaterials/Substrate/GLints/dict_16_192_64_0p5_0p02_0052_0005.uasset" 5080
"/Engine/EngineMaterials/Substrate/GLints/dict_16_192_64_0p5_0p02_0052_0007" 5081
"/Engine/EngineMaterials/Substrate/GLints/dict_16_192_64_0p5_0p02_0052_0008" 5082
"../../../Engine/Content/EngineMaterials/Substrate/GLints/dict_16_192_64_0p5_0p02_0052_0002.uasset" 5083
"../../../Engine/Content/EngineMaterials/Substrate/GLints/dict_16_192_64_0p5_0p02_0051_0015.uasset" 5084
"/Engine/EngineMaterials/Substrate/GLints/dict_16_192_64_0p5_0p02_0051_0015" 5085
"../../../Engine/Content/EngineMaterials/Substrate/GLints/dict_16_192_64_0p5_0p02_0052_0001.uasset" 5086
"/Engine/EngineMaterials/Substrate/GLints/dict_16_192_64_0p5_0p02_0052_0002" 5087
"/Engine/EngineMaterials/Substrate/GLints/dict_16_192_64_0p5_0p02_0052_0005" 5088
"/Engine/EngineMaterials/Substrate/GLints/dict_16_192_64_0p5_0p02_0052_0001" 5089
"../../../Engine/Content/EngineMaterials/Substrate/GLints/dict_16_192_64_0p5_0p02_0051_0014.uasset" 5090
"../../../Engine/Content/EngineMaterials/Substrate/GLints/dict_16_192_64_0p5_0p02_0052_0000.uasset" 5091
"/Engine/EngineMaterials/Substrate/GLints/dict_16_192_64_0p5_0p02_0051_0014" 5092
"/Engine/EngineMaterials/Substrate/GLints/dict_16_192_64_0p5_0p02_0052_0000" 5093
"../../../Engine/Content/EngineMaterials/Substrate/GLints/dict_16_192_64_0p5_0p02_0051_0010.uasset" 5094
"/Engine/EngineMaterials/Substrate/GLints/dict_16_192_64_0p5_0p02_0051_0010" 5095
"../../../Engine/Content/EngineMaterials/Substrate/GLints/dict_16_192_64_0p5_0p02_0051_0012.uasset" 5096
"../../../Engine/Content/EngineMaterials/Substrate/GLints/dict_16_192_64_0p5_0p02_0052_0014.uasset" 5097
"../../../Engine/Content/EngineMaterials/Substrate/GLints/dict_16_192_64_0p5_0p02_0051_0011.uasset" 5098
"../../../Engine/Content/EngineMaterials/Substrate/GLints/dict_16_192_64_0p5_0p02_0051_0009.uasset" 5099
"../../../Engine/Content/EngineMaterials/Substrate/GLints/dict_16_192_64_0p5_0p02_0051_0008.uasset" 5100
"/Engine/EngineMaterials/Substrate/GLints/dict_16_192_64_0p5_0p02_0051_0011" 5101
"../../../Engine/Content/EngineMaterials/Substrate/GLints/dict_16_192_64_0p5_0p02_0051_0007.uasset" 5102
"/Engine/EngineMaterials/Substrate/GLints/dict_16_192_64_0p5_0p02_0051_0012" 5103
"../../../Engine/Content/EngineMaterials/Substrate/GLints/dict_16_192_64_0p5_0p02_0051_0006.uasset" 5104
"/Engine/EngineMaterials/Substrate/GLints/dict_16_192_64_0p5_0p02_0052_0014" 5105
"/Engine/EngineMaterials/Substrate/GLints/dict_16_192_64_0p5_0p02_0051_0008" 5106
"/Engine/EngineMaterials/Substrate/GLints/dict_16_192_64_0p5_0p02_0051_0009" 5107
"/Engine/EngineMaterials/Substrate/GLints/dict_16_192_64_0p5_0p02_0051_0006" 5108
"../../../Engine/Content/EngineMaterials/Substrate/GLints/dict_16_192_64_0p5_0p02_0051_0003.uasset" 5109
"/Engine/EngineMaterials/Substrate/GLints/dict_16_192_64_0p5_0p02_0051_0007" 5110
"../../../Engine/Content/EngineMaterials/Substrate/GLints/dict_16_192_64_0p5_0p02_0051_0005.uasset" 5111
"/Engine/EngineMaterials/Substrate/GLints/dict_16_192_64_0p5_0p02_0051_0003" 5112
"/Engine/EngineMaterials/Substrate/GLints/dict_16_192_64_0p5_0p02_0051_0005" 5113
"../../../Engine/Content/EngineMaterials/Substrate/GLints/dict_16_192_64_0p5_0p02_0051_0004.uasset" 5114
"../../../Engine/Content/EngineMaterials/Substrate/GLints/dict_16_192_64_0p5_0p02_0051_0000.uasset" 5115
"../../../Engine/Content/EngineMaterials/Substrate/GLints/dict_16_192_64_0p5_0p02_0051_0002.uasset" 5116
"../../../Engine/Content/EngineMaterials/Substrate/GLints/dict_16_192_64_0p5_0p02_0051_0001.uasset" 5117
"../../../Engine/Content/EngineMaterials/Substrate/GLints/dict_16_192_64_0p5_0p02_0050_0015.uasset" 5118
"../../../Engine/Content/EngineMaterials/Substrate/GLints/dict_16_192_64_0p5_0p02_0051_0013.uasset" 5119
"/Engine/EngineMaterials/Substrate/GLints/dict_16_192_64_0p5_0p02_0051_0013" 5120
"/Engine/EngineMaterials/Substrate/GLints/dict_16_192_64_0p5_0p02_0051_0000" 5121
"/Engine/EngineMaterials/Substrate/GLints/dict_16_192_64_0p5_0p02_0050_0015" 5122
"/Engine/EngineMaterials/Substrate/GLints/dict_16_192_64_0p5_0p02_0051_0001" 5123
"/Engine/EngineMaterials/Substrate/GLints/dict_16_192_64_0p5_0p02_0051_0002" 5124
"../../../Engine/Content/EngineMaterials/Substrate/GLints/dict_16_192_64_0p5_0p02_0050_0011.uasset" 5125
"../../../Engine/Content/EngineMaterials/Substrate/GLints/dict_16_192_64_0p5_0p02_0050_0012.uasset" 5126
"/Engine/EngineMaterials/Substrate/GLints/dict_16_192_64_0p5_0p02_0051_0004" 5127
"../../../Engine/Content/EngineMaterials/Substrate/GLints/dict_16_192_64_0p5_0p02_0050_0013.uasset" 5128
"../../../Engine/Content/EngineMaterials/Substrate/GLints/dict_16_192_64_0p5_0p02_0050_0010.uasset" 5129
"/Engine/EngineMaterials/Substrate/GLints/dict_16_192_64_0p5_0p02_0050_0012" 5130
"../../../Engine/Content/EngineMaterials/Substrate/GLints/dict_16_192_64_0p5_0p02_0050_0009.uasset" 5131
"../../../Engine/Content/EngineMaterials/Substrate/GLints/dict_16_192_64_0p5_0p02_0050_0014.uasset" 5132
"/Engine/EngineMaterials/Substrate/GLints/dict_16_192_64_0p5_0p02_0050_0013" 5133
"/Engine/EngineMaterials/Substrate/GLints/dict_16_192_64_0p5_0p02_0050_0011" 5134
"../../../Engine/Content/EngineMaterials/Substrate/GLints/dict_16_192_64_0p5_0p02_0050_0008.uasset" 5135
"/Engine/EngineMaterials/Substrate/GLints/dict_16_192_64_0p5_0p02_0050_0008" 5136
"/Engine/EngineMaterials/Substrate/GLints/dict_16_192_64_0p5_0p02_0050_0009" 5137
"../../../Engine/Content/EngineMaterials/Substrate/GLints/dict_16_192_64_0p5_0p02_0050_0007.uasset" 5138
"/Engine/EngineMaterials/Substrate/GLints/dict_16_192_64_0p5_0p02_0050_0010" 5139
"/Engine/EngineMaterials/Substrate/GLints/dict_16_192_64_0p5_0p02_0050_0014" 5140
"/Engine/EngineMaterials/Substrate/GLints/dict_16_192_64_0p5_0p02_0050_0007" 5141
"../../../Engine/Content/EngineMaterials/Substrate/GLints/dict_16_192_64_0p5_0p02_0050_0002.uasset" 5142
"../../../Engine/Content/EngineMaterials/Substrate/GLints/dict_16_192_64_0p5_0p02_0050_0004.uasset" 5143
"../../../Engine/Content/EngineMaterials/Substrate/GLints/dict_16_192_64_0p5_0p02_0049_0015.uasset" 5144
"/Engine/EngineMaterials/Substrate/GLints/dict_16_192_64_0p5_0p02_0049_0015" 5145
"../../../Engine/Content/EngineMaterials/Substrate/GLints/dict_16_192_64_0p5_0p02_0050_0006.uasset" 5146
"../../../Engine/Content/EngineMaterials/Substrate/GLints/dict_16_192_64_0p5_0p02_0050_0005.uasset" 5147
"/Engine/EngineMaterials/Substrate/GLints/dict_16_192_64_0p5_0p02_0050_0002" 5148
"../../../Engine/Content/EngineMaterials/Substrate/GLints/dict_16_192_64_0p5_0p02_0050_0000.uasset" 5149
"/Engine/EngineMaterials/Substrate/GLints/dict_16_192_64_0p5_0p02_0050_0004" 5150
"/Engine/EngineMaterials/Substrate/GLints/dict_16_192_64_0p5_0p02_0050_0000" 5151
"/Engine/EngineMaterials/Substrate/GLints/dict_16_192_64_0p5_0p02_0050_0005" 5152
"/Engine/EngineMaterials/Substrate/GLints/dict_16_192_64_0p5_0p02_0050_0006" 5153
"../../../Engine/Content/EngineMaterials/Substrate/GLints/dict_16_192_64_0p5_0p02_0049_0013.uasset" 5154
"../../../Engine/Content/EngineMaterials/Substrate/GLints/dict_16_192_64_0p5_0p02_0049_0014.uasset" 5155
"../../../Engine/Content/EngineMaterials/Substrate/GLints/dict_16_192_64_0p5_0p02_0050_0003.uasset" 5156
"/Engine/EngineMaterials/Substrate/GLints/dict_16_192_64_0p5_0p02_0050_0003" 5157
"/Engine/EngineMaterials/Substrate/GLints/dict_16_192_64_0p5_0p02_0049_0013" 5158
"/Engine/EngineMaterials/Substrate/GLints/dict_16_192_64_0p5_0p02_0049_0014" 5159
"../../../Engine/Content/EngineMaterials/Substrate/GLints/dict_16_192_64_0p5_0p02_0049_0012.uasset" 5160
"../../../Engine/Content/EngineMaterials/Substrate/GLints/dict_16_192_64_0p5_0p02_0049_0010.uasset" 5161
"../../../Engine/Content/EngineMaterials/Substrate/GLints/dict_16_192_64_0p5_0p02_0049_0009.uasset" 5162
"../../../Engine/Content/EngineMaterials/Substrate/GLints/dict_16_192_64_0p5_0p02_0049_0011.uasset" 5163
"../../../Engine/Content/EngineMaterials/Substrate/GLints/dict_16_192_64_0p5_0p02_0049_0006.uasset" 5164
"../../../Engine/Content/EngineMaterials/Substrate/GLints/dict_16_192_64_0p5_0p02_0049_0005.uasset" 5165
"../../../Engine/Content/EngineMaterials/Substrate/GLints/dict_16_192_64_0p5_0p02_0049_0008.uasset" 5166
"/Engine/EngineMaterials/Substrate/GLints/dict_16_192_64_0p5_0p02_0049_0009" 5167
"/Engine/EngineMaterials/Substrate/GLints/dict_16_192_64_0p5_0p02_0049_0010" 5168
"../../../Engine/Content/EngineMaterials/Substrate/GLints/dict_16_192_64_0p5_0p02_0049_0002.uasset" 5169
"/Engine/EngineMaterials/Substrate/GLints/dict_16_192_64_0p5_0p02_0049_0011" 5170
"../../../Engine/Content/EngineMaterials/Substrate/GLints/dict_16_192_64_0p5_0p02_0049_0004.uasset" 5171
"../../../Engine/Content/EngineMaterials/Substrate/GLints/dict_16_192_64_0p5_0p02_0049_0007.uasset" 5172
"/Engine/EngineMaterials/Substrate/GLints/dict_16_192_64_0p5_0p02_0049_0006" 5173
"/Engine/EngineMaterials/Substrate/GLints/dict_16_192_64_0p5_0p02_0049_0005" 5174
"/Engine/EngineMaterials/Substrate/GLints/dict_16_192_64_0p5_0p02_0049_0012" 5175
"/Engine/EngineMaterials/Substrate/GLints/dict_16_192_64_0p5_0p02_0049_0007" 5176
"/Engine/EngineMaterials/Substrate/GLints/dict_16_192_64_0p5_0p02_0049_0002" 5177
"/Engine/EngineMaterials/Substrate/GLints/dict_16_192_64_0p5_0p02_0049_0004" 5178
"/Engine/EngineMaterials/Substrate/GLints/dict_16_192_64_0p5_0p02_0049_0008" 5179
"../../../Engine/Content/EngineMaterials/Substrate/GLints/dict_16_192_64_0p5_0p02_0049_0001.uasset" 5180
"../../../Engine/Content/EngineMaterials/Substrate/GLints/dict_16_192_64_0p5_0p02_0049_0003.uasset" 5181
"/Engine/EngineMaterials/Substrate/GLints/dict_16_192_64_0p5_0p02_0049_0001" 5182
"/Engine/EngineMaterials/Substrate/GLints/dict_16_192_64_0p5_0p02_0049_0003" 5183
"../../../Engine/Content/EngineMaterials/Substrate/GLints/dict_16_192_64_0p5_0p02_0048_0013.uasset" 5184
"../../../Engine/Content/EngineMaterials/Substrate/GLints/dict_16_192_64_0p5_0p02_0048_0014.uasset" 5185
"../../../Engine/Content/EngineMaterials/Substrate/GLints/dict_16_192_64_0p5_0p02_0050_0001.uasset" 5186
"../../../Engine/Content/EngineMaterials/Substrate/GLints/dict_16_192_64_0p5_0p02_0048_0012.uasset" 5187
"../../../Engine/Content/EngineMaterials/Substrate/GLints/dict_16_192_64_0p5_0p02_0049_0000.uasset" 5188
"../../../Engine/Content/EngineMaterials/Substrate/GLints/dict_16_192_64_0p5_0p02_0048_0015.uasset" 5189
"/Engine/EngineMaterials/Substrate/GLints/dict_16_192_64_0p5_0p02_0048_0015" 5190
"../../../Engine/Content/EngineMaterials/Substrate/GLints/dict_16_192_64_0p5_0p02_0048_0011.uasset" 5191
"/Engine/EngineMaterials/Substrate/GLints/dict_16_192_64_0p5_0p02_0050_0001" 5192
"/Engine/EngineMaterials/Substrate/GLints/dict_16_192_64_0p5_0p02_0049_0000" 5193
"/Engine/EngineMaterials/Substrate/GLints/dict_16_192_64_0p5_0p02_0048_0012" 5194
"../../../Engine/Content/EngineMaterials/Substrate/GLints/dict_16_192_64_0p5_0p02_0048_0010.uasset" 5195
"/Engine/EngineMaterials/Substrate/GLints/dict_16_192_64_0p5_0p02_0048_0013" 5196
"../../../Engine/Content/EngineMaterials/Substrate/GLints/dict_16_192_64_0p5_0p02_0048_0008.uasset" 5197
"../../../Engine/Content/EngineMaterials/Substrate/GLints/dict_16_192_64_0p5_0p02_0048_0006.uasset" 5198
"/Engine/EngineMaterials/Substrate/GLints/dict_16_192_64_0p5_0p02_0048_0014" 5199
"/Engine/EngineMaterials/Substrate/GLints/dict_16_192_64_0p5_0p02_0048_0006" 5200
"/Engine/EngineMaterials/Substrate/GLints/dict_16_192_64_0p5_0p02_0048_0008" 5201
"../../../Engine/Content/EngineMaterials/Substrate/GLints/dict_16_192_64_0p5_0p02_0048_0003.uasset" 5202
"/Engine/EngineMaterials/Substrate/GLints/dict_16_192_64_0p5_0p02_0048_0010" 5203
"../../../Engine/Content/EngineMaterials/Substrate/GLints/dict_16_192_64_0p5_0p02_0048_0004.uasset" 5204
"/Engine/EngineMaterials/Substrate/GLints/dict_16_192_64_0p5_0p02_0048_0011" 5205
"/Engine/EngineMaterials/Substrate/GLints/dict_16_192_64_0p5_0p02_0048_0004" 5206
"/Engine/EngineMaterials/Substrate/GLints/dict_16_192_64_0p5_0p02_0048_0003" 5207
"../../../Engine/Content/EngineMaterials/Substrate/GLints/dict_16_192_64_0p5_0p02_0048_0005.uasset" 5208
"../../../Engine/Content/EngineMaterials/Substrate/GLints/dict_16_192_64_0p5_0p02_0048_0000.uasset" 5209
"../../../Engine/Content/EngineMaterials/Substrate/GLints/dict_16_192_64_0p5_0p02_0047_0015.uasset" 5210
"../../../Engine/Content/EngineMaterials/Substrate/GLints/dict_16_192_64_0p5_0p02_0048_0001.uasset" 5211
"../../../Engine/Content/EngineMaterials/Substrate/GLints/dict_16_192_64_0p5_0p02_0048_0007.uasset" 5212
"/Engine/EngineMaterials/Substrate/GLints/dict_16_192_64_0p5_0p02_0048_0005" 5213
"/Engine/EngineMaterials/Substrate/GLints/dict_16_192_64_0p5_0p02_0048_0001" 5214
"../../../Engine/Content/EngineMaterials/Substrate/GLints/dict_16_192_64_0p5_0p02_0047_0014.uasset" 5215
"/Engine/EngineMaterials/Substrate/GLints/dict_16_192_64_0p5_0p02_0048_0007" 5216
"/Engine/EngineMaterials/Substrate/GLints/dict_16_192_64_0p5_0p02_0047_0015" 5217
"../../../Engine/Content/EngineMaterials/Substrate/GLints/dict_16_192_64_0p5_0p02_0047_0013.uasset" 5218
"../../../Engine/Content/EngineMaterials/Substrate/GLints/dict_16_192_64_0p5_0p02_0048_0002.uasset" 5219
"/Engine/EngineMaterials/Substrate/GLints/dict_16_192_64_0p5_0p02_0048_0000" 5220
"/Engine/EngineMaterials/Substrate/GLints/dict_16_192_64_0p5_0p02_0047_0014" 5221
"../../../Engine/Content/EngineMaterials/Substrate/GLints/dict_16_192_64_0p5_0p02_0047_0012.uasset" 5222
"/Engine/EngineMaterials/Substrate/GLints/dict_16_192_64_0p5_0p02_0048_0002" 5223
"/Engine/EngineMaterials/Substrate/GLints/dict_16_192_64_0p5_0p02_0047_0013" 5224
"/Engine/EngineMaterials/Substrate/GLints/dict_16_192_64_0p5_0p02_0047_0012" 5225
"../../../Engine/Content/EngineMaterials/Substrate/GLints/dict_16_192_64_0p5_0p02_0047_0009.uasset" 5226
"../../../Engine/Content/EngineMaterials/Substrate/GLints/dict_16_192_64_0p5_0p02_0047_0008.uasset" 5227
"../../../Engine/Content/EngineMaterials/Substrate/GLints/dict_16_192_64_0p5_0p02_0047_0006.uasset" 5228
"../../../Engine/Content/EngineMaterials/Substrate/GLints/dict_16_192_64_0p5_0p02_0047_0011.uasset" 5229
"../../../Engine/Content/EngineMaterials/Substrate/GLints/dict_16_192_64_0p5_0p02_0047_0010.uasset" 5230
"../../../Engine/Content/EngineMaterials/Substrate/GLints/dict_16_192_64_0p5_0p02_0047_0003.uasset" 5231
"/Engine/EngineMaterials/Substrate/GLints/dict_16_192_64_0p5_0p02_0047_0008" 5232
"../../../Engine/Content/EngineMaterials/Substrate/GLints/dict_16_192_64_0p5_0p02_0047_0007.uasset" 5233
"../../../Engine/Content/EngineMaterials/Substrate/GLints/dict_16_192_64_0p5_0p02_0047_0005.uasset" 5234
"/Engine/EngineMaterials/Substrate/GLints/dict_16_192_64_0p5_0p02_0047_0009" 5235
"/Engine/EngineMaterials/Substrate/GLints/dict_16_192_64_0p5_0p02_0047_0010" 5236
"/Engine/EngineMaterials/Substrate/GLints/dict_16_192_64_0p5_0p02_0047_0003" 5237
"../../../Engine/Content/EngineMaterials/Substrate/GLints/dict_16_192_64_0p5_0p02_0047_0004.uasset" 5238
"/Engine/EngineMaterials/Substrate/GLints/dict_16_192_64_0p5_0p02_0047_0011" 5239
"../../../Engine/Content/EngineMaterials/Substrate/GLints/dict_16_192_64_0p5_0p02_0047_0002.uasset" 5240
"../../../Engine/Content/EngineMaterials/Substrate/GLints/dict_16_192_64_0p5_0p02_0047_0001.uasset" 5241
"/Engine/EngineMaterials/Substrate/GLints/dict_16_192_64_0p5_0p02_0047_0006" 5242
"/Engine/EngineMaterials/Substrate/GLints/dict_16_192_64_0p5_0p02_0047_0004" 5243
"../../../Engine/Content/EngineMaterials/Substrate/GLints/dict_16_192_64_0p5_0p02_0047_0000.uasset" 5244
"/Engine/EngineMaterials/Substrate/GLints/dict_16_192_64_0p5_0p02_0047_0001" 5245
"/Engine/EngineMaterials/Substrate/GLints/dict_16_192_64_0p5_0p02_0047_0002" 5246
"/Engine/EngineMaterials/Substrate/GLints/dict_16_192_64_0p5_0p02_0047_0005" 5247
"/Engine/EngineMaterials/Substrate/GLints/dict_16_192_64_0p5_0p02_0047_0007" 5248
"/Engine/EngineMaterials/Substrate/GLints/dict_16_192_64_0p5_0p02_0047_0000" 5249
"../../../Engine/Content/EngineMaterials/Substrate/GLints/dict_16_192_64_0p5_0p02_0046_0013.uasset" 5250
"../../../Engine/Content/EngineMaterials/Substrate/GLints/dict_16_192_64_0p5_0p02_0046_0014.uasset" 5251
"../../../Engine/Content/EngineMaterials/Substrate/GLints/dict_16_192_64_0p5_0p02_0046_0012.uasset" 5252
"../../../Engine/Content/EngineMaterials/Substrate/GLints/dict_16_192_64_0p5_0p02_0046_0010.uasset" 5253
"../../../Engine/Content/EngineMaterials/Substrate/GLints/dict_16_192_64_0p5_0p02_0046_0015.uasset" 5254
"/Engine/EngineMaterials/Substrate/GLints/dict_16_192_64_0p5_0p02_0046_0012" 5255
"/Engine/EngineMaterials/Substrate/GLints/dict_16_192_64_0p5_0p02_0046_0013" 5256
"/Engine/EngineMaterials/Substrate/GLints/dict_16_192_64_0p5_0p02_0046_0014" 5257
"../../../Engine/Content/EngineMaterials/Substrate/GLints/dict_16_192_64_0p5_0p02_0046_0011.uasset" 5258
"/Engine/EngineMaterials/Substrate/GLints/dict_16_192_64_0p5_0p02_0046_0010" 5259
"/Engine/EngineMaterials/Substrate/GLints/dict_16_192_64_0p5_0p02_0046_0015" 5260
"/Engine/EngineMaterials/Substrate/GLints/dict_16_192_64_0p5_0p02_0046_0011" 5261
"../../../Engine/Content/EngineMaterials/Substrate/GLints/dict_16_192_64_0p5_0p02_0046_0007.uasset" 5262
"../../../Engine/Content/EngineMaterials/Substrate/GLints/dict_16_192_64_0p5_0p02_0046_0005.uasset" 5263
"../../../Engine/Content/EngineMaterials/Substrate/GLints/dict_16_192_64_0p5_0p02_0046_0002.uasset" 5264
"../../../Engine/Content/EngineMaterials/Substrate/GLints/dict_16_192_64_0p5_0p02_0046_0004.uasset" 5265
"../../../Engine/Content/EngineMaterials/Substrate/GLints/dict_16_192_64_0p5_0p02_0046_0009.uasset" 5266
"../../../Engine/Content/EngineMaterials/Substrate/GLints/dict_16_192_64_0p5_0p02_0048_0009.uasset" 5267
"/Engine/EngineMaterials/Substrate/GLints/dict_16_192_64_0p5_0p02_0046_0002" 5268
"../../../Engine/Content/EngineMaterials/Substrate/GLints/dict_16_192_64_0p5_0p02_0046_0001.uasset" 5269
"../../../Engine/Content/EngineMaterials/Substrate/GLints/dict_16_192_64_0p5_0p02_0046_0006.uasset" 5270
"/Engine/EngineMaterials/Substrate/GLints/dict_16_192_64_0p5_0p02_0046_0007" 5271
"/Engine/EngineMaterials/Substrate/GLints/dict_16_192_64_0p5_0p02_0046_0009" 5272
"../../../Engine/Content/EngineMaterials/Substrate/GLints/dict_16_192_64_0p5_0p02_0046_0000.uasset" 5273
"/Engine/EngineMaterials/Substrate/GLints/dict_16_192_64_0p5_0p02_0048_0009" 5274
"/Engine/EngineMaterials/Substrate/GLints/dict_16_192_64_0p5_0p02_0046_0004" 5275
"/Engine/EngineMaterials/Substrate/GLints/dict_16_192_64_0p5_0p02_0046_0005" 5276
"/Engine/EngineMaterials/Substrate/GLints/dict_16_192_64_0p5_0p02_0046_0006" 5277
"/Engine/EngineMaterials/Substrate/GLints/dict_16_192_64_0p5_0p02_0046_0001" 5278
"../../../Engine/Content/EngineMaterials/Substrate/GLints/dict_16_192_64_0p5_0p02_0046_0003.uasset" 5279
"/Engine/EngineMaterials/Substrate/GLints/dict_16_192_64_0p5_0p02_0046_0000" 5280
"../../../Engine/Content/EngineMaterials/Substrate/GLints/dict_16_192_64_0p5_0p02_0045_0013.uasset" 5281
"/Engine/EngineMaterials/Substrate/GLints/dict_16_192_64_0p5_0p02_0046_0003" 5282
"/Engine/EngineMaterials/Substrate/GLints/dict_16_192_64_0p5_0p02_0045_0013" 5283
"../../../Engine/Content/EngineMaterials/Substrate/GLints/dict_16_192_64_0p5_0p02_0045_0015.uasset" 5284
"../../../Engine/Content/EngineMaterials/Substrate/GLints/dict_16_192_64_0p5_0p02_0045_0014.uasset" 5285
"../../../Engine/Content/EngineMaterials/Substrate/GLints/dict_16_192_64_0p5_0p02_0045_0010.uasset" 5286
"../../../Engine/Content/EngineMaterials/Substrate/GLints/dict_16_192_64_0p5_0p02_0045_0012.uasset" 5287
"../../../Engine/Content/EngineMaterials/Substrate/GLints/dict_16_192_64_0p5_0p02_0045_0007.uasset" 5288
"../../../Engine/Content/EngineMaterials/Substrate/GLints/dict_16_192_64_0p5_0p02_0045_0008.uasset" 5289
"../../../Engine/Content/EngineMaterials/Substrate/GLints/dict_16_192_64_0p5_0p02_0045_0009.uasset" 5290
"../../../Engine/Content/EngineMaterials/Substrate/GLints/dict_16_192_64_0p5_0p02_0045_0006.uasset" 5291
"../../../Engine/Content/EngineMaterials/Substrate/GLints/dict_16_192_64_0p5_0p02_0046_0008.uasset" 5292
"../../../Engine/Content/EngineMaterials/Substrate/GLints/dict_16_192_64_0p5_0p02_0045_0004.uasset" 5293
"../../../Engine/Content/EngineMaterials/Substrate/GLints/dict_16_192_64_0p5_0p02_0045_0005.uasset" 5294
"../../../Engine/Content/EngineMaterials/Substrate/GLints/dict_16_192_64_0p5_0p02_0045_0011.uasset" 5295
"../../../Engine/Content/EngineMaterials/Substrate/GLints/dict_16_192_64_0p5_0p02_0045_0003.uasset" 5296
"../../../Engine/Content/EngineMaterials/Substrate/GLints/dict_16_192_64_0p5_0p02_0045_0002.uasset" 5297
"../../../Engine/Content/EngineMaterials/Substrate/GLints/dict_16_192_64_0p5_0p02_0044_0013.uasset" 5298
"../../../Engine/Content/EngineMaterials/Substrate/GLints/dict_16_192_64_0p5_0p02_0045_0000.uasset" 5299
"../../../Engine/Content/EngineMaterials/Substrate/GLints/dict_16_192_64_0p5_0p02_0044_0011.uasset" 5300
"../../../Engine/Content/EngineMaterials/Substrate/GLints/dict_16_192_64_0p5_0p02_0044_0012.uasset" 5301
"../../../Engine/Content/EngineMaterials/Substrate/GLints/dict_16_192_64_0p5_0p02_0045_0001.uasset" 5302
"../../../Engine/Content/EngineMaterials/Substrate/GLints/dict_16_192_64_0p5_0p02_0044_0015.uasset" 5303
"../../../Engine/Content/EngineMaterials/Substrate/GLints/dict_16_192_64_0p5_0p02_0044_0009.uasset" 5304
"../../../Engine/Content/EngineMaterials/Substrate/GLints/dict_16_192_64_0p5_0p02_0044_0007.uasset" 5305
"../../../Engine/Content/EngineMaterials/Substrate/GLints/dict_16_192_64_0p5_0p02_0044_0006.uasset" 5306
"../../../Engine/Content/EngineMaterials/Substrate/GLints/dict_16_192_64_0p5_0p02_0044_0008.uasset" 5307
"../../../Engine/Content/EngineMaterials/Substrate/GLints/dict_16_192_64_0p5_0p02_0044_0002.uasset" 5308
"../../../Engine/Content/EngineMaterials/Substrate/GLints/dict_16_192_64_0p5_0p02_0044_0004.uasset" 5309
"/Engine/EngineMaterials/Substrate/GLints/dict_16_192_64_0p5_0p02_0045_0002" 5310
"../../../Engine/Content/EngineMaterials/Substrate/GLints/dict_16_192_64_0p5_0p02_0044_0005.uasset" 5311
"/Engine/EngineMaterials/Substrate/GLints/dict_16_192_64_0p5_0p02_0045_0007" 5312
"/Engine/EngineMaterials/Substrate/GLints/dict_16_192_64_0p5_0p02_0045_0008" 5313
"../../../Engine/Content/EngineMaterials/Substrate/GLints/dict_16_192_64_0p5_0p02_0044_0003.uasset" 5314
"/Engine/EngineMaterials/Substrate/GLints/dict_16_192_64_0p5_0p02_0044_0012" 5315
"/Engine/EngineMaterials/Substrate/GLints/dict_16_192_64_0p5_0p02_0044_0002" 5316
"../../../Engine/Content/EngineMaterials/Substrate/GLints/dict_16_192_64_0p5_0p02_0044_0014.uasset" 5317
"../../../Engine/Content/EngineMaterials/Substrate/GLints/dict_16_192_64_0p5_0p02_0044_0010.uasset" 5318
"/Engine/EngineMaterials/Substrate/GLints/dict_16_192_64_0p5_0p02_0044_0013" 5319
"/Engine/EngineMaterials/Substrate/GLints/dict_16_192_64_0p5_0p02_0045_0014" 5320
"/Engine/EngineMaterials/Substrate/GLints/dict_16_192_64_0p5_0p02_0045_0015" 5321
"../../../Engine/Content/EngineMaterials/Substrate/GLints/dict_16_192_64_0p5_0p02_0044_0000.uasset" 5322
"/Engine/EngineMaterials/Substrate/GLints/dict_16_192_64_0p5_0p02_0044_0006" 5323
"/Engine/EngineMaterials/Substrate/GLints/dict_16_192_64_0p5_0p02_0046_0008" 5324
"/Engine/EngineMaterials/Substrate/GLints/dict_16_192_64_0p5_0p02_0044_0007" 5325
"../../../Engine/Content/EngineMaterials/Substrate/GLints/dict_16_192_64_0p5_0p02_0044_0001.uasset" 5326
"/Engine/EngineMaterials/Substrate/GLints/dict_16_192_64_0p5_0p02_0044_0008" 5327
"/Engine/EngineMaterials/Substrate/GLints/dict_16_192_64_0p5_0p02_0044_0015" 5328
"/Engine/EngineMaterials/Substrate/GLints/dict_16_192_64_0p5_0p02_0045_0000" 5329
"/Engine/EngineMaterials/Substrate/GLints/dict_16_192_64_0p5_0p02_0045_0001" 5330
"/Engine/EngineMaterials/Substrate/GLints/dict_16_192_64_0p5_0p02_0045_0003" 5331
"/Engine/EngineMaterials/Substrate/GLints/dict_16_192_64_0p5_0p02_0044_0011" 5332
"/Engine/EngineMaterials/Substrate/GLints/dict_16_192_64_0p5_0p02_0045_0009" 5333
"/Engine/EngineMaterials/Substrate/GLints/dict_16_192_64_0p5_0p02_0045_0004" 5334
"/Engine/EngineMaterials/Substrate/GLints/dict_16_192_64_0p5_0p02_0045_0005" 5335
"/Engine/EngineMaterials/Substrate/GLints/dict_16_192_64_0p5_0p02_0045_0010" 5336
"/Engine/EngineMaterials/Substrate/GLints/dict_16_192_64_0p5_0p02_0045_0011" 5337
"/Engine/EngineMaterials/Substrate/GLints/dict_16_192_64_0p5_0p02_0045_0012" 5338
"/Engine/EngineMaterials/Substrate/GLints/dict_16_192_64_0p5_0p02_0045_0006" 5339
"/Engine/EngineMaterials/Substrate/GLints/dict_16_192_64_0p5_0p02_0044_0009" 5340
"/Engine/EngineMaterials/Substrate/GLints/dict_16_192_64_0p5_0p02_0044_0003" 5341
"/Engine/EngineMaterials/Substrate/GLints/dict_16_192_64_0p5_0p02_0044_0005" 5342
"/Engine/EngineMaterials/Substrate/GLints/dict_16_192_64_0p5_0p02_0044_0014" 5343
"/Engine/EngineMaterials/Substrate/GLints/dict_16_192_64_0p5_0p02_0044_0000" 5344
"/Engine/EngineMaterials/Substrate/GLints/dict_16_192_64_0p5_0p02_0044_0001" 5345
"/Engine/EngineMaterials/Substrate/GLints/dict_16_192_64_0p5_0p02_0044_0004" 5346
"/Engine/EngineMaterials/Substrate/GLints/dict_16_192_64_0p5_0p02_0044_0010" 5347
"../../../Engine/Content/EngineMaterials/Substrate/GLints/dict_16_192_64_0p5_0p02_0043_0015.uasset" 5348
"/Engine/EngineMaterials/Substrate/GLints/dict_16_192_64_0p5_0p02_0043_0015" 5349
"../../../Engine/Content/EngineMaterials/Substrate/GLints/dict_16_192_64_0p5_0p02_0043_0014.uasset" 5350
"/Engine/EngineMaterials/Substrate/GLints/dict_16_192_64_0p5_0p02_0043_0014" 5351
"../../../Engine/Content/EngineMaterials/Substrate/GLints/dict_16_192_64_0p5_0p02_0043_0013.uasset" 5352
"/Engine/EngineMaterials/Substrate/GLints/dict_16_192_64_0p5_0p02_0043_0013" 5353
"../../../Engine/Content/EngineMaterials/Substrate/GLints/dict_16_192_64_0p5_0p02_0043_0012.uasset" 5354
"/Engine/EngineMaterials/Substrate/GLints/dict_16_192_64_0p5_0p02_0043_0012" 5355
"../../../Engine/Content/EngineMaterials/Substrate/GLints/dict_16_192_64_0p5_0p02_0043_0011.uasset" 5356
"../../../Engine/Content/EngineMaterials/Substrate/GLints/dict_16_192_64_0p5_0p02_0043_0010.uasset" 5357
"/Engine/EngineMaterials/Substrate/GLints/dict_16_192_64_0p5_0p02_0043_0010" 5358
"/Engine/EngineMaterials/Substrate/GLints/dict_16_192_64_0p5_0p02_0043_0011" 5359
"../../../Engine/Content/EngineMaterials/Substrate/GLints/dict_16_192_64_0p5_0p02_0043_0008.uasset" 5360
"../../../Engine/Content/EngineMaterials/Substrate/GLints/dict_16_192_64_0p5_0p02_0043_0007.uasset" 5361
"../../../Engine/Content/EngineMaterials/Substrate/GLints/dict_16_192_64_0p5_0p02_0043_0006.uasset" 5362
"/Engine/EngineMaterials/Substrate/GLints/dict_16_192_64_0p5_0p02_0043_0006" 5363
"/Engine/EngineMaterials/Substrate/GLints/dict_16_192_64_0p5_0p02_0043_0007" 5364
"../../../Engine/Content/EngineMaterials/Substrate/GLints/dict_16_192_64_0p5_0p02_0043_0005.uasset" 5365
"/Engine/EngineMaterials/Substrate/GLints/dict_16_192_64_0p5_0p02_0043_0008" 5366
"/Engine/EngineMaterials/Substrate/GLints/dict_16_192_64_0p5_0p02_0043_0005" 5367
"../../../Engine/Content/EngineMaterials/Substrate/GLints/dict_16_192_64_0p5_0p02_0043_0002.uasset" 5368
"../../../Engine/Content/EngineMaterials/Substrate/GLints/dict_16_192_64_0p5_0p02_0043_0003.uasset" 5369
"/Engine/EngineMaterials/Substrate/GLints/dict_16_192_64_0p5_0p02_0043_0002" 5370
"../../../Engine/Content/EngineMaterials/Substrate/GLints/dict_16_192_64_0p5_0p02_0042_0015.uasset" 5371
"/Engine/EngineMaterials/Substrate/GLints/dict_16_192_64_0p5_0p02_0043_0003" 5372
"../../../Engine/Content/EngineMaterials/Substrate/GLints/dict_16_192_64_0p5_0p02_0043_0000.uasset" 5373
"../../../Engine/Content/EngineMaterials/Substrate/GLints/dict_16_192_64_0p5_0p02_0043_0001.uasset" 5374
"../../../Engine/Content/EngineMaterials/Substrate/GLints/dict_16_192_64_0p5_0p02_0042_0014.uasset" 5375
"../../../Engine/Content/EngineMaterials/Substrate/GLints/dict_16_192_64_0p5_0p02_0042_0013.uasset" 5376
"/Engine/EngineMaterials/Substrate/GLints/dict_16_192_64_0p5_0p02_0042_0013" 5377
"/Engine/EngineMaterials/Substrate/GLints/dict_16_192_64_0p5_0p02_0042_0014" 5378
"/Engine/EngineMaterials/Substrate/GLints/dict_16_192_64_0p5_0p02_0042_0015" 5379
"/Engine/EngineMaterials/Substrate/GLints/dict_16_192_64_0p5_0p02_0043_0000" 5380
"../../../Engine/Content/EngineMaterials/Substrate/GLints/dict_16_192_64_0p5_0p02_0043_0009.uasset" 5381
"/Engine/EngineMaterials/Substrate/GLints/dict_16_192_64_0p5_0p02_0043_0001" 5382
"/Engine/EngineMaterials/Substrate/GLints/dict_16_192_64_0p5_0p02_0043_0009" 5383
"../../../Engine/Content/EngineMaterials/Substrate/GLints/dict_16_192_64_0p5_0p02_0042_0011.uasset" 5384
"../../../Engine/Content/EngineMaterials/Substrate/GLints/dict_16_192_64_0p5_0p02_0042_0008.uasset" 5385
"../../../Engine/Content/EngineMaterials/Substrate/GLints/dict_16_192_64_0p5_0p02_0042_0010.uasset" 5386
"../../../Engine/Content/EngineMaterials/Substrate/GLints/dict_16_192_64_0p5_0p02_0042_0012.uasset" 5387
"../../../Engine/Content/EngineMaterials/Substrate/GLints/dict_16_192_64_0p5_0p02_0042_0009.uasset" 5388
"../../../Engine/Content/EngineMaterials/Substrate/GLints/dict_16_192_64_0p5_0p02_0042_0007.uasset" 5389
"../../../Engine/Content/EngineMaterials/Substrate/GLints/dict_16_192_64_0p5_0p02_0042_0005.uasset" 5390
"../../../Engine/Content/EngineMaterials/Substrate/GLints/dict_16_192_64_0p5_0p02_0042_0004.uasset" 5391
"../../../Engine/Content/EngineMaterials/Substrate/GLints/dict_16_192_64_0p5_0p02_0042_0006.uasset" 5392
"../../../Engine/Content/EngineMaterials/Substrate/GLints/dict_16_192_64_0p5_0p02_0042_0003.uasset" 5393
"/Engine/EngineMaterials/Substrate/GLints/dict_16_192_64_0p5_0p02_0042_0007" 5394
"/Engine/EngineMaterials/Substrate/GLints/dict_16_192_64_0p5_0p02_0042_0008" 5395
"/Engine/EngineMaterials/Substrate/GLints/dict_16_192_64_0p5_0p02_0042_0009" 5396
"/Engine/EngineMaterials/Substrate/GLints/dict_16_192_64_0p5_0p02_0042_0010" 5397
"/Engine/EngineMaterials/Substrate/GLints/dict_16_192_64_0p5_0p02_0042_0011" 5398
"/Engine/EngineMaterials/Substrate/GLints/dict_16_192_64_0p5_0p02_0042_0012" 5399
"/Engine/EngineMaterials/Substrate/GLints/dict_16_192_64_0p5_0p02_0042_0003" 5400
"../../../Engine/Content/EngineMaterials/Substrate/GLints/dict_16_192_64_0p5_0p02_0041_0014.uasset" 5401
"../../../Engine/Content/EngineMaterials/Substrate/GLints/dict_16_192_64_0p5_0p02_0041_0013.uasset" 5402
"../../../Engine/Content/EngineMaterials/Substrate/GLints/dict_16_192_64_0p5_0p02_0043_0004.uasset" 5403
"/Engine/EngineMaterials/Substrate/GLints/dict_16_192_64_0p5_0p02_0042_0004" 5404
"/Engine/EngineMaterials/Substrate/GLints/dict_16_192_64_0p5_0p02_0042_0005" 5405
"../../../Engine/Content/EngineMaterials/Substrate/GLints/dict_16_192_64_0p5_0p02_0042_0002.uasset" 5406
"../../../Engine/Content/EngineMaterials/Substrate/GLints/dict_16_192_64_0p5_0p02_0042_0001.uasset" 5407
"../../../Engine/Content/EngineMaterials/Substrate/GLints/dict_16_192_64_0p5_0p02_0041_0015.uasset" 5408
"../../../Engine/Content/EngineMaterials/Substrate/GLints/dict_16_192_64_0p5_0p02_0042_0000.uasset" 5409
"/Engine/EngineMaterials/Substrate/GLints/dict_16_192_64_0p5_0p02_0042_0006" 5410
"/Engine/EngineMaterials/Substrate/GLints/dict_16_192_64_0p5_0p02_0042_0000" 5411
"/Engine/EngineMaterials/Substrate/GLints/dict_16_192_64_0p5_0p02_0042_0001" 5412
"/Engine/EngineMaterials/Substrate/GLints/dict_16_192_64_0p5_0p02_0042_0002" 5413
"/Engine/EngineMaterials/Substrate/GLints/dict_16_192_64_0p5_0p02_0043_0004" 5414
"/Engine/EngineMaterials/Substrate/GLints/dict_16_192_64_0p5_0p02_0041_0013" 5415
"/Engine/EngineMaterials/Substrate/GLints/dict_16_192_64_0p5_0p02_0041_0014" 5416
"/Engine/EngineMaterials/Substrate/GLints/dict_16_192_64_0p5_0p02_0041_0015" 5417
"../../../Engine/Content/EngineMaterials/Substrate/GLints/dict_16_192_64_0p5_0p02_0041_0011.uasset" 5418
"../../../Engine/Content/EngineMaterials/Substrate/GLints/dict_16_192_64_0p5_0p02_0041_0012.uasset" 5419
"../../../Engine/Content/EngineMaterials/Substrate/GLints/dict_16_192_64_0p5_0p02_0041_0008.uasset" 5420
"../../../Engine/Content/EngineMaterials/Substrate/GLints/dict_16_192_64_0p5_0p02_0041_0006.uasset" 5421
"/Engine/EngineMaterials/Substrate/GLints/dict_16_192_64_0p5_0p02_0041_0006" 5422
"/Engine/EngineMaterials/Substrate/GLints/dict_16_192_64_0p5_0p02_0041_0008" 5423
"/Engine/EngineMaterials/Substrate/GLints/dict_16_192_64_0p5_0p02_0041_0011" 5424
"/Engine/EngineMaterials/Substrate/GLints/dict_16_192_64_0p5_0p02_0041_0012" 5425
"../../../Engine/Content/EngineMaterials/Substrate/GLints/dict_16_192_64_0p5_0p02_0041_0007.uasset" 5426
"../../../Engine/Content/EngineMaterials/Substrate/GLints/dict_16_192_64_0p5_0p02_0041_0010.uasset" 5427
"../../../Engine/Content/EngineMaterials/Substrate/GLints/dict_16_192_64_0p5_0p02_0041_0009.uasset" 5428
"../../../Engine/Content/EngineMaterials/Substrate/GLints/dict_16_192_64_0p5_0p02_0041_0004.uasset" 5429
"../../../Engine/Content/EngineMaterials/Substrate/GLints/dict_16_192_64_0p5_0p02_0041_0003.uasset" 5430
"../../../Engine/Content/EngineMaterials/Substrate/GLints/dict_16_192_64_0p5_0p02_0041_0002.uasset" 5431
"/Engine/EngineMaterials/Substrate/GLints/dict_16_192_64_0p5_0p02_0041_0002" 5432
"/Engine/EngineMaterials/Substrate/GLints/dict_16_192_64_0p5_0p02_0041_0003" 5433
"/Engine/EngineMaterials/Substrate/GLints/dict_16_192_64_0p5_0p02_0041_0004" 5434
"/Engine/EngineMaterials/Substrate/GLints/dict_16_192_64_0p5_0p02_0041_0007" 5435
"/Engine/EngineMaterials/Substrate/GLints/dict_16_192_64_0p5_0p02_0041_0009" 5436
"/Engine/EngineMaterials/Substrate/GLints/dict_16_192_64_0p5_0p02_0041_0010" 5437
"../../../Engine/Content/EngineMaterials/Substrate/GLints/dict_16_192_64_0p5_0p02_0041_0001.uasset" 5438
"/Engine/EngineMaterials/Substrate/GLints/dict_16_192_64_0p5_0p02_0041_0001" 5439
"../../../Engine/Content/EngineMaterials/Substrate/GLints/dict_16_192_64_0p5_0p02_0040_0015.uasset" 5440
"../../../Engine/Content/EngineMaterials/Substrate/GLints/dict_16_192_64_0p5_0p02_0040_0013.uasset" 5441
"../../../Engine/Content/EngineMaterials/Substrate/GLints/dict_16_192_64_0p5_0p02_0040_0012.uasset" 5442
"../../../Engine/Content/EngineMaterials/Substrate/GLints/dict_16_192_64_0p5_0p02_0040_0014.uasset" 5443
"../../../Engine/Content/EngineMaterials/Substrate/GLints/dict_16_192_64_0p5_0p02_0041_0000.uasset" 5444
"/Engine/EngineMaterials/Substrate/GLints/dict_16_192_64_0p5_0p02_0040_0015" 5445
"../../../Engine/Content/EngineMaterials/Substrate/GLints/dict_16_192_64_0p5_0p02_0040_0011.uasset" 5446
"/Engine/EngineMaterials/Substrate/GLints/dict_16_192_64_0p5_0p02_0041_0000" 5447
"../../../Engine/Content/EngineMaterials/Substrate/GLints/dict_16_192_64_0p5_0p02_0040_0009.uasset" 5448
"../../../Engine/Content/EngineMaterials/Substrate/GLints/dict_16_192_64_0p5_0p02_0040_0010.uasset" 5449
"../../../Engine/Content/EngineMaterials/Substrate/GLints/dict_16_192_64_0p5_0p02_0040_0008.uasset" 5450
"/Engine/EngineMaterials/Substrate/GLints/dict_16_192_64_0p5_0p02_0040_0014" 5451
"/Engine/EngineMaterials/Substrate/GLints/dict_16_192_64_0p5_0p02_0040_0012" 5452
"/Engine/EngineMaterials/Substrate/GLints/dict_16_192_64_0p5_0p02_0040_0013" 5453
"/Engine/EngineMaterials/Substrate/GLints/dict_16_192_64_0p5_0p02_0040_0008" 5454
"/Engine/EngineMaterials/Substrate/GLints/dict_16_192_64_0p5_0p02_0040_0009" 5455
"../../../Engine/Content/EngineMaterials/Substrate/GLints/dict_16_192_64_0p5_0p02_0041_0005.uasset" 5456
"/Engine/EngineMaterials/Substrate/GLints/dict_16_192_64_0p5_0p02_0040_0010" 5457
"/Engine/EngineMaterials/Substrate/GLints/dict_16_192_64_0p5_0p02_0040_0011" 5458
"/Engine/EngineMaterials/Substrate/GLints/dict_16_192_64_0p5_0p02_0041_0005" 5459
"../../../Engine/Content/EngineMaterials/Substrate/GLints/dict_16_192_64_0p5_0p02_0040_0007.uasset" 5460
"../../../Engine/Content/EngineMaterials/Substrate/GLints/dict_16_192_64_0p5_0p02_0040_0005.uasset" 5461
"../../../Engine/Content/EngineMaterials/Substrate/GLints/dict_16_192_64_0p5_0p02_0040_0004.uasset" 5462
"../../../Engine/Content/EngineMaterials/Substrate/GLints/dict_16_192_64_0p5_0p02_0040_0003.uasset" 5463
"../../../Engine/Content/EngineMaterials/Substrate/GLints/dict_16_192_64_0p5_0p02_0040_0002.uasset" 5464
"/Engine/EngineMaterials/Substrate/GLints/dict_16_192_64_0p5_0p02_0040_0004" 5465
"../../../Engine/Content/EngineMaterials/Substrate/GLints/dict_16_192_64_0p5_0p02_0040_0001.uasset" 5466
"/Engine/EngineMaterials/Substrate/GLints/dict_16_192_64_0p5_0p02_0040_0005" 5467
"/Engine/EngineMaterials/Substrate/GLints/dict_16_192_64_0p5_0p02_0040_0007" 5468
"../../../Engine/Content/EngineMaterials/Substrate/GLints/dict_16_192_64_0p5_0p02_0040_0006.uasset" 5469
"../../../Engine/Content/EngineMaterials/Substrate/GLints/dict_16_192_64_0p5_0p02_0040_0000.uasset" 5470
"../../../Engine/Content/EngineMaterials/Substrate/GLints/dict_16_192_64_0p5_0p02_0039_0014.uasset" 5471
"../../../Engine/Content/EngineMaterials/Substrate/GLints/dict_16_192_64_0p5_0p02_0039_0013.uasset" 5472
"/Engine/EngineMaterials/Substrate/GLints/dict_16_192_64_0p5_0p02_0040_0002" 5473
"/Engine/EngineMaterials/Substrate/GLints/dict_16_192_64_0p5_0p02_0040_0003" 5474
"../../../Engine/Content/EngineMaterials/Substrate/GLints/dict_16_192_64_0p5_0p02_0039_0015.uasset" 5475
"/Engine/EngineMaterials/Substrate/GLints/dict_16_192_64_0p5_0p02_0040_0006" 5476
"/Engine/EngineMaterials/Substrate/GLints/dict_16_192_64_0p5_0p02_0039_0013" 5477
"../../../Engine/Content/EngineMaterials/Substrate/GLints/dict_16_192_64_0p5_0p02_0039_0012.uasset" 5478
"/Engine/EngineMaterials/Substrate/GLints/dict_16_192_64_0p5_0p02_0039_0014" 5479
"/Engine/EngineMaterials/Substrate/GLints/dict_16_192_64_0p5_0p02_0039_0015" 5480
"/Engine/EngineMaterials/Substrate/GLints/dict_16_192_64_0p5_0p02_0040_0000" 5481
"/Engine/EngineMaterials/Substrate/GLints/dict_16_192_64_0p5_0p02_0040_0001" 5482
"/Engine/EngineMaterials/Substrate/GLints/dict_16_192_64_0p5_0p02_0039_0012" 5483
"../../../Engine/Content/EngineMaterials/Substrate/GLints/dict_16_192_64_0p5_0p02_0039_0010.uasset" 5484
"../../../Engine/Content/EngineMaterials/Substrate/GLints/dict_16_192_64_0p5_0p02_0039_0008.uasset" 5485
"../../../Engine/Content/EngineMaterials/Substrate/GLints/dict_16_192_64_0p5_0p02_0039_0009.uasset" 5486
"../../../Engine/Content/EngineMaterials/Substrate/GLints/dict_16_192_64_0p5_0p02_0039_0007.uasset" 5487
"../../../Engine/Content/EngineMaterials/Substrate/GLints/dict_16_192_64_0p5_0p02_0039_0011.uasset" 5488
"../../../Engine/Content/EngineMaterials/Substrate/GLints/dict_16_192_64_0p5_0p02_0039_0005.uasset" 5489
"/Engine/EngineMaterials/Substrate/GLints/dict_16_192_64_0p5_0p02_0039_0005" 5490
"/Engine/EngineMaterials/Substrate/GLints/dict_16_192_64_0p5_0p02_0039_0009" 5491
"/Engine/EngineMaterials/Substrate/GLints/dict_16_192_64_0p5_0p02_0039_0010" 5492
"/Engine/EngineMaterials/Substrate/GLints/dict_16_192_64_0p5_0p02_0039_0007" 5493
"/Engine/EngineMaterials/Substrate/GLints/dict_16_192_64_0p5_0p02_0039_0008" 5494
"/Engine/EngineMaterials/Substrate/GLints/dict_16_192_64_0p5_0p02_0039_0011" 5495
"../../../Engine/Content/EngineMaterials/Substrate/GLints/dict_16_192_64_0p5_0p02_0039_0006.uasset" 5496
"../../../Engine/Content/EngineMaterials/Substrate/GLints/dict_16_192_64_0p5_0p02_0039_0004.uasset" 5497
"../../../Engine/Content/EngineMaterials/Substrate/GLints/dict_16_192_64_0p5_0p02_0039_0002.uasset" 5498
"../../../Engine/Content/EngineMaterials/Substrate/GLints/dict_16_192_64_0p5_0p02_0039_0003.uasset" 5499
"../../../Engine/Content/EngineMaterials/Substrate/GLints/dict_16_192_64_0p5_0p02_0039_0001.uasset" 5500
"../../../Engine/Content/EngineMaterials/Substrate/GLints/dict_16_192_64_0p5_0p02_0039_0000.uasset" 5501
"/Engine/EngineMaterials/Substrate/GLints/dict_16_192_64_0p5_0p02_0039_0002" 5502
"/Engine/EngineMaterials/Substrate/GLints/dict_16_192_64_0p5_0p02_0039_0003" 5503
"/Engine/EngineMaterials/Substrate/GLints/dict_16_192_64_0p5_0p02_0039_0004" 5504
"/Engine/EngineMaterials/Substrate/GLints/dict_16_192_64_0p5_0p02_0039_0006" 5505
"/Engine/EngineMaterials/Substrate/GLints/dict_16_192_64_0p5_0p02_0039_0001" 5506
"/Engine/EngineMaterials/Substrate/GLints/dict_16_192_64_0p5_0p02_0039_0000" 5507
"../../../Engine/Content/EngineMaterials/Substrate/GLints/dict_16_192_64_0p5_0p02_0038_0012.uasset" 5508
"../../../Engine/Content/EngineMaterials/Substrate/GLints/dict_16_192_64_0p5_0p02_0038_0010.uasset" 5509
"../../../Engine/Content/EngineMaterials/Substrate/GLints/dict_16_192_64_0p5_0p02_0038_0011.uasset" 5510
"../../../Engine/Content/EngineMaterials/Substrate/GLints/dict_16_192_64_0p5_0p02_0038_0013.uasset" 5511
"../../../Engine/Content/EngineMaterials/Substrate/GLints/dict_16_192_64_0p5_0p02_0038_0015.uasset" 5512
"/Engine/EngineMaterials/Substrate/GLints/dict_16_192_64_0p5_0p02_0038_0010" 5513
"/Engine/EngineMaterials/Substrate/GLints/dict_16_192_64_0p5_0p02_0038_0013" 5514
"../../../Engine/Content/EngineMaterials/Substrate/GLints/dict_16_192_64_0p5_0p02_0038_0009.uasset" 5515
"/Engine/EngineMaterials/Substrate/GLints/dict_16_192_64_0p5_0p02_0038_0011" 5516
"/Engine/EngineMaterials/Substrate/GLints/dict_16_192_64_0p5_0p02_0038_0012" 5517
"/Engine/EngineMaterials/Substrate/GLints/dict_16_192_64_0p5_0p02_0038_0009" 5518
"/Engine/EngineMaterials/Substrate/GLints/dict_16_192_64_0p5_0p02_0038_0015" 5519
"../../../Engine/Content/EngineMaterials/Substrate/GLints/dict_16_192_64_0p5_0p02_0038_0005.uasset" 5520
"../../../Engine/Content/EngineMaterials/Substrate/GLints/dict_16_192_64_0p5_0p02_0038_0007.uasset" 5521
"../../../Engine/Content/EngineMaterials/Substrate/GLints/dict_16_192_64_0p5_0p02_0038_0008.uasset" 5522
"../../../Engine/Content/EngineMaterials/Substrate/GLints/dict_16_192_64_0p5_0p02_0038_0014.uasset" 5523
"/Engine/EngineMaterials/Substrate/GLints/dict_16_192_64_0p5_0p02_0038_0005" 5524
"../../../Engine/Content/EngineMaterials/Substrate/GLints/dict_16_192_64_0p5_0p02_0038_0004.uasset" 5525
"/Engine/EngineMaterials/Substrate/GLints/dict_16_192_64_0p5_0p02_0038_0014" 5526
"/Engine/EngineMaterials/Substrate/GLints/dict_16_192_64_0p5_0p02_0038_0008" 5527
"/Engine/EngineMaterials/Substrate/GLints/dict_16_192_64_0p5_0p02_0038_0007" 5528
"../../../Engine/Content/EngineMaterials/Substrate/GLints/dict_16_192_64_0p5_0p02_0038_0001.uasset" 5529
"../../../Engine/Content/EngineMaterials/Substrate/GLints/dict_16_192_64_0p5_0p02_0038_0003.uasset" 5530
"/Engine/EngineMaterials/Substrate/GLints/dict_16_192_64_0p5_0p02_0038_0003" 5531
"../../../Engine/Content/EngineMaterials/Substrate/GLints/dict_16_192_64_0p5_0p02_0038_0006.uasset" 5532
"../../../Engine/Content/EngineMaterials/Substrate/GLints/dict_16_192_64_0p5_0p02_0038_0000.uasset" 5533
"/Engine/EngineMaterials/Substrate/GLints/dict_16_192_64_0p5_0p02_0038_0004" 5534
"/Engine/EngineMaterials/Substrate/GLints/dict_16_192_64_0p5_0p02_0038_0001" 5535
"../../../Engine/Content/EngineMaterials/Substrate/GLints/dict_16_192_64_0p5_0p02_0038_0002.uasset" 5536
"../../../Engine/Content/EngineMaterials/Substrate/GLints/dict_16_192_64_0p5_0p02_0037_0015.uasset" 5537
"/Engine/EngineMaterials/Substrate/GLints/dict_16_192_64_0p5_0p02_0037_0015" 5538
"../../../Engine/Content/EngineMaterials/Substrate/GLints/dict_16_192_64_0p5_0p02_0037_0014.uasset" 5539
"/Engine/EngineMaterials/Substrate/GLints/dict_16_192_64_0p5_0p02_0038_0000" 5540
"/Engine/EngineMaterials/Substrate/GLints/dict_16_192_64_0p5_0p02_0038_0002" 5541
"../../../Engine/Content/EngineMaterials/Substrate/GLints/dict_16_192_64_0p5_0p02_0037_0013.uasset" 5542
"/Engine/EngineMaterials/Substrate/GLints/dict_16_192_64_0p5_0p02_0038_0006" 5543
"../../../Engine/Content/EngineMaterials/Substrate/GLints/dict_16_192_64_0p5_0p02_0037_0012.uasset" 5544
"/Engine/EngineMaterials/Substrate/GLints/dict_16_192_64_0p5_0p02_0037_0013" 5545
"/Engine/EngineMaterials/Substrate/GLints/dict_16_192_64_0p5_0p02_0037_0014" 5546
"/Engine/EngineMaterials/Substrate/GLints/dict_16_192_64_0p5_0p02_0037_0012" 5547
"../../../Engine/Content/EngineMaterials/Substrate/GLints/dict_16_192_64_0p5_0p02_0037_0008.uasset" 5548
"../../../Engine/Content/EngineMaterials/Substrate/GLints/dict_16_192_64_0p5_0p02_0037_0009.uasset" 5549
"/Engine/EngineMaterials/Substrate/GLints/dict_16_192_64_0p5_0p02_0037_0008" 5550
"/Engine/EngineMaterials/Substrate/GLints/dict_16_192_64_0p5_0p02_0037_0009" 5551
"../../../Engine/Content/EngineMaterials/Substrate/GLints/dict_16_192_64_0p5_0p02_0037_0007.uasset" 5552
"../../../Engine/Content/EngineMaterials/Substrate/GLints/dict_16_192_64_0p5_0p02_0037_0010.uasset" 5553
"../../../Engine/Content/EngineMaterials/Substrate/GLints/dict_16_192_64_0p5_0p02_0037_0006.uasset" 5554
"../../../Engine/Content/EngineMaterials/Substrate/GLints/dict_16_192_64_0p5_0p02_0037_0005.uasset" 5555
"../../../Engine/Content/EngineMaterials/Substrate/GLints/dict_16_192_64_0p5_0p02_0037_0011.uasset" 5556
"../../../Engine/Content/EngineMaterials/Substrate/GLints/dict_16_192_64_0p5_0p02_0037_0004.uasset" 5557
"../../../Engine/Content/EngineMaterials/Substrate/GLints/dict_16_192_64_0p5_0p02_0037_0003.uasset" 5558
"/Engine/EngineMaterials/Substrate/GLints/dict_16_192_64_0p5_0p02_0037_0006" 5559
"../../../Engine/Content/EngineMaterials/Substrate/GLints/dict_16_192_64_0p5_0p02_0036_0015.uasset" 5560
"../../../Engine/Content/EngineMaterials/Substrate/GLints/dict_16_192_64_0p5_0p02_0037_0000.uasset" 5561
"/Engine/EngineMaterials/Substrate/GLints/dict_16_192_64_0p5_0p02_0037_0007" 5562
"../../../Engine/Content/EngineMaterials/Substrate/GLints/dict_16_192_64_0p5_0p02_0037_0001.uasset" 5563
"/Engine/EngineMaterials/Substrate/GLints/dict_16_192_64_0p5_0p02_0037_0010" 5564
"/Engine/EngineMaterials/Substrate/GLints/dict_16_192_64_0p5_0p02_0037_0011" 5565
"../../../Engine/Content/EngineMaterials/Substrate/GLints/dict_16_192_64_0p5_0p02_0037_0002.uasset" 5566
"/Engine/EngineMaterials/Substrate/GLints/dict_16_192_64_0p5_0p02_0037_0005" 5567
"../../../Engine/Content/EngineMaterials/Substrate/GLints/dict_16_192_64_0p5_0p02_0036_0012.uasset" 5568
"../../../Engine/Content/EngineMaterials/Substrate/GLints/dict_16_192_64_0p5_0p02_0036_0011.uasset" 5569
"/Engine/EngineMaterials/Substrate/GLints/dict_16_192_64_0p5_0p02_0036_0012" 5570
"../../../Engine/Content/EngineMaterials/Substrate/GLints/dict_16_192_64_0p5_0p02_0036_0013.uasset" 5571
"../../../Engine/Content/EngineMaterials/Substrate/GLints/dict_16_192_64_0p5_0p02_0036_0010.uasset" 5572
"/Engine/EngineMaterials/Substrate/GLints/dict_16_192_64_0p5_0p02_0037_0001" 5573
"/Engine/EngineMaterials/Substrate/GLints/dict_16_192_64_0p5_0p02_0037_0002" 5574
"../../../Engine/Content/EngineMaterials/Substrate/GLints/dict_16_192_64_0p5_0p02_0036_0006.uasset" 5575
"../../../Engine/Content/EngineMaterials/Substrate/GLints/dict_16_192_64_0p5_0p02_0036_0005.uasset" 5576
"../../../Engine/Content/EngineMaterials/Substrate/GLints/dict_16_192_64_0p5_0p02_0036_0014.uasset" 5577
"../../../Engine/Content/EngineMaterials/Substrate/GLints/dict_16_192_64_0p5_0p02_0036_0008.uasset" 5578
"/Engine/EngineMaterials/Substrate/GLints/dict_16_192_64_0p5_0p02_0037_0003" 5579
"/Engine/EngineMaterials/Substrate/GLints/dict_16_192_64_0p5_0p02_0037_0004" 5580
"../../../Engine/Content/EngineMaterials/Substrate/GLints/dict_16_192_64_0p5_0p02_0036_0007.uasset" 5581
"/Engine/EngineMaterials/Substrate/GLints/dict_16_192_64_0p5_0p02_0036_0011" 5582
"../../../Engine/Content/EngineMaterials/Substrate/GLints/dict_16_192_64_0p5_0p02_0036_0004.uasset" 5583
"/Engine/EngineMaterials/Substrate/GLints/dict_16_192_64_0p5_0p02_0036_0015" 5584
"/Engine/EngineMaterials/Substrate/GLints/dict_16_192_64_0p5_0p02_0037_0000" 5585
"../../../Engine/Content/EngineMaterials/Substrate/GLints/dict_16_192_64_0p5_0p02_0036_0001.uasset" 5586
"../../../Engine/Content/EngineMaterials/Substrate/GLints/dict_16_192_64_0p5_0p02_0036_0002.uasset" 5587
"/Engine/EngineMaterials/Substrate/GLints/dict_16_192_64_0p5_0p02_0036_0004" 5588
"../../../Engine/Content/EngineMaterials/Substrate/GLints/dict_16_192_64_0p5_0p02_0035_0015.uasset" 5589
"../../../Engine/Content/EngineMaterials/Substrate/GLints/dict_16_192_64_0p5_0p02_0036_0009.uasset" 5590
"/Engine/EngineMaterials/Substrate/GLints/dict_16_192_64_0p5_0p02_0036_0006" 5591
"/Engine/EngineMaterials/Substrate/GLints/dict_16_192_64_0p5_0p02_0036_0010" 5592
"/Engine/EngineMaterials/Substrate/GLints/dict_16_192_64_0p5_0p02_0036_0013" 5593
"/Engine/EngineMaterials/Substrate/GLints/dict_16_192_64_0p5_0p02_0036_0007" 5594
"../../../Engine/Content/EngineMaterials/Substrate/GLints/dict_16_192_64_0p5_0p02_0035_0014.uasset" 5595
"/Engine/EngineMaterials/Substrate/GLints/dict_16_192_64_0p5_0p02_0036_0014" 5596
"../../../Engine/Content/EngineMaterials/Substrate/GLints/dict_16_192_64_0p5_0p02_0035_0013.uasset" 5597
"/Engine/EngineMaterials/Substrate/GLints/dict_16_192_64_0p5_0p02_0036_0008" 5598
"../../../Engine/Content/EngineMaterials/Substrate/GLints/dict_16_192_64_0p5_0p02_0035_0010.uasset" 5599
"../../../Engine/Content/EngineMaterials/Substrate/GLints/dict_16_192_64_0p5_0p02_0035_0012.uasset" 5600
"../../../Engine/Content/EngineMaterials/Substrate/GLints/dict_16_192_64_0p5_0p02_0036_0003.uasset" 5601
"../../../Engine/Content/EngineMaterials/Substrate/GLints/dict_16_192_64_0p5_0p02_0035_0011.uasset" 5602
"/Engine/EngineMaterials/Substrate/GLints/dict_16_192_64_0p5_0p02_0036_0005" 5603
"/Engine/EngineMaterials/Substrate/GLints/dict_16_192_64_0p5_0p02_0036_0003" 5604
"/Engine/EngineMaterials/Substrate/GLints/dict_16_192_64_0p5_0p02_0035_0013" 5605
"/Engine/EngineMaterials/Substrate/GLints/dict_16_192_64_0p5_0p02_0035_0014" 5606
"/Engine/EngineMaterials/Substrate/GLints/dict_16_192_64_0p5_0p02_0035_0015" 5607
"../../../Engine/Content/EngineMaterials/Substrate/GLints/dict_16_192_64_0p5_0p02_0035_0008.uasset" 5608
"/Engine/EngineMaterials/Substrate/GLints/dict_16_192_64_0p5_0p02_0035_0010" 5609
"../../../Engine/Content/EngineMaterials/Substrate/GLints/dict_16_192_64_0p5_0p02_0035_0009.uasset" 5610
"../../../Engine/Content/EngineMaterials/Substrate/GLints/dict_16_192_64_0p5_0p02_0035_0007.uasset" 5611
"../../../Engine/Content/EngineMaterials/Substrate/GLints/dict_16_192_64_0p5_0p02_0035_0006.uasset" 5612
"../../../Engine/Content/EngineMaterials/Substrate/GLints/dict_16_192_64_0p5_0p02_0035_0005.uasset" 5613
"/Engine/EngineMaterials/Substrate/GLints/dict_16_192_64_0p5_0p02_0035_0011" 5614
"/Engine/EngineMaterials/Substrate/GLints/dict_16_192_64_0p5_0p02_0035_0012" 5615
"/Engine/EngineMaterials/Substrate/GLints/dict_16_192_64_0p5_0p02_0036_0001" 5616
"/Engine/EngineMaterials/Substrate/GLints/dict_16_192_64_0p5_0p02_0036_0002" 5617
"/Engine/EngineMaterials/Substrate/GLints/dict_16_192_64_0p5_0p02_0036_0009" 5618
"/Engine/EngineMaterials/Substrate/GLints/dict_16_192_64_0p5_0p02_0035_0005" 5619
"../../../Engine/Content/EngineMaterials/Substrate/GLints/dict_16_192_64_0p5_0p02_0035_0003.uasset" 5620
"../../../Engine/Content/EngineMaterials/Substrate/GLints/dict_16_192_64_0p5_0p02_0035_0001.uasset" 5621
"/Engine/EngineMaterials/Substrate/GLints/dict_16_192_64_0p5_0p02_0035_0006" 5622
"../../../Engine/Content/EngineMaterials/Substrate/GLints/dict_16_192_64_0p5_0p02_0035_0002.uasset" 5623
"../../../Engine/Content/EngineMaterials/Substrate/GLints/dict_16_192_64_0p5_0p02_0035_0000.uasset" 5624
"../../../Engine/Content/EngineMaterials/Substrate/GLints/dict_16_192_64_0p5_0p02_0034_0015.uasset" 5625
"../../../Engine/Content/EngineMaterials/Substrate/GLints/dict_16_192_64_0p5_0p02_0035_0004.uasset" 5626
"/Engine/EngineMaterials/Substrate/GLints/dict_16_192_64_0p5_0p02_0035_0007" 5627
"/Engine/EngineMaterials/Substrate/GLints/dict_16_192_64_0p5_0p02_0035_0008" 5628
"/Engine/EngineMaterials/Substrate/GLints/dict_16_192_64_0p5_0p02_0035_0009" 5629
"/Engine/EngineMaterials/Substrate/GLints/dict_16_192_64_0p5_0p02_0034_0015" 5630
"../../../Engine/Content/EngineMaterials/Substrate/GLints/dict_16_192_64_0p5_0p02_0034_0014.uasset" 5631
"/Engine/EngineMaterials/Substrate/GLints/dict_16_192_64_0p5_0p02_0035_0000" 5632
"../../../Engine/Content/EngineMaterials/Substrate/GLints/dict_16_192_64_0p5_0p02_0034_0013.uasset" 5633
"../../../Engine/Content/EngineMaterials/Substrate/GLints/dict_16_192_64_0p5_0p02_0034_0011.uasset" 5634
"../../../Engine/Content/EngineMaterials/Substrate/GLints/dict_16_192_64_0p5_0p02_0034_0012.uasset" 5635
"/Engine/EngineMaterials/Substrate/GLints/dict_16_192_64_0p5_0p02_0035_0001" 5636
"/Engine/EngineMaterials/Substrate/GLints/dict_16_192_64_0p5_0p02_0035_0002" 5637
"../../../Engine/Content/EngineMaterials/Substrate/GLints/dict_16_192_64_0p5_0p02_0034_0008.uasset" 5638
"/Engine/EngineMaterials/Substrate/GLints/dict_16_192_64_0p5_0p02_0035_0003" 5639
"../../../Engine/Content/EngineMaterials/Substrate/GLints/dict_16_192_64_0p5_0p02_0034_0006.uasset" 5640
"../../../Engine/Content/EngineMaterials/Substrate/GLints/dict_16_192_64_0p5_0p02_0034_0005.uasset" 5641
"/Engine/EngineMaterials/Substrate/GLints/dict_16_192_64_0p5_0p02_0035_0004" 5642
"/Engine/EngineMaterials/Substrate/GLints/dict_16_192_64_0p5_0p02_0034_0005" 5643
"/Engine/EngineMaterials/Substrate/GLints/dict_16_192_64_0p5_0p02_0034_0006" 5644
"../../../Engine/Content/EngineMaterials/Substrate/GLints/dict_16_192_64_0p5_0p02_0034_0010.uasset" 5645
"../../../Engine/Content/EngineMaterials/Substrate/GLints/dict_16_192_64_0p5_0p02_0034_0007.uasset" 5646
"/Engine/EngineMaterials/Substrate/GLints/dict_16_192_64_0p5_0p02_0034_0013" 5647
"/Engine/EngineMaterials/Substrate/GLints/dict_16_192_64_0p5_0p02_0034_0008" 5648
"/Engine/EngineMaterials/Substrate/GLints/dict_16_192_64_0p5_0p02_0034_0014" 5649
"../../../Engine/Content/EngineMaterials/Substrate/GLints/dict_16_192_64_0p5_0p02_0034_0004.uasset" 5650
"../../../Engine/Content/EngineMaterials/Substrate/GLints/dict_16_192_64_0p5_0p02_0034_0009.uasset" 5651
"/Engine/EngineMaterials/Substrate/GLints/dict_16_192_64_0p5_0p02_0034_0011" 5652
"/Engine/EngineMaterials/Substrate/GLints/dict_16_192_64_0p5_0p02_0034_0012" 5653
"/Engine/EngineMaterials/Substrate/GLints/dict_16_192_64_0p5_0p02_0034_0007" 5654
"../../../Engine/Content/EngineMaterials/Substrate/GLints/dict_16_192_64_0p5_0p02_0034_0002.uasset" 5655
"/Engine/EngineMaterials/Substrate/GLints/dict_16_192_64_0p5_0p02_0034_0009" 5656
"/Engine/EngineMaterials/Substrate/GLints/dict_16_192_64_0p5_0p02_0034_0010" 5657
"/Engine/EngineMaterials/Substrate/GLints/dict_16_192_64_0p5_0p02_0034_0004" 5658
"../../../Engine/Content/EngineMaterials/Substrate/GLints/dict_16_192_64_0p5_0p02_0034_0000.uasset" 5659
"../../../Engine/Content/EngineMaterials/Substrate/GLints/dict_16_192_64_0p5_0p02_0033_0015.uasset" 5660
"../../../Engine/Content/EngineMaterials/Substrate/GLints/dict_16_192_64_0p5_0p02_0033_0014.uasset" 5661
"/Engine/EngineMaterials/Substrate/GLints/dict_16_192_64_0p5_0p02_0033_0014" 5662
"/Engine/EngineMaterials/Substrate/GLints/dict_16_192_64_0p5_0p02_0033_0015" 5663
"/Engine/EngineMaterials/Substrate/GLints/dict_16_192_64_0p5_0p02_0034_0000" 5664
"/Engine/EngineMaterials/Substrate/GLints/dict_16_192_64_0p5_0p02_0034_0002" 5665
"../../../Engine/Content/EngineMaterials/Substrate/GLints/dict_16_192_64_0p5_0p02_0034_0003.uasset" 5666
"/Engine/EngineMaterials/Substrate/GLints/dict_16_192_64_0p5_0p02_0034_0003" 5667
"../../../Engine/Content/EngineMaterials/Substrate/GLints/dict_16_192_64_0p5_0p02_0033_0013.uasset" 5668
"../../../Engine/Content/EngineMaterials/Substrate/GLints/dict_16_192_64_0p5_0p02_0034_0001.uasset" 5669
"../../../Engine/Content/EngineMaterials/Substrate/GLints/dict_16_192_64_0p5_0p02_0033_0011.uasset" 5670
"../../../Engine/Content/EngineMaterials/Substrate/GLints/dict_16_192_64_0p5_0p02_0033_0012.uasset" 5671
"/Engine/EngineMaterials/Substrate/GLints/dict_16_192_64_0p5_0p02_0033_0011" 5672
"/Engine/EngineMaterials/Substrate/GLints/dict_16_192_64_0p5_0p02_0033_0012" 5673
"/Engine/EngineMaterials/Substrate/GLints/dict_16_192_64_0p5_0p02_0033_0013" 5674
"../../../Engine/Content/EngineMaterials/Substrate/GLints/dict_16_192_64_0p5_0p02_0033_0010.uasset" 5675
"/Engine/EngineMaterials/Substrate/GLints/dict_16_192_64_0p5_0p02_0034_0001" 5676
"/Engine/EngineMaterials/Substrate/GLints/dict_16_192_64_0p5_0p02_0033_0010" 5677
"../../../Engine/Content/EngineMaterials/Substrate/GLints/dict_16_192_64_0p5_0p02_0033_0008.uasset" 5678
"/Engine/EngineMaterials/Substrate/GLints/dict_16_192_64_0p5_0p02_0033_0008" 5679
"../../../Engine/Content/EngineMaterials/Substrate/GLints/dict_16_192_64_0p5_0p02_0033_0005.uasset" 5680
"../../../Engine/Content/EngineMaterials/Substrate/GLints/dict_16_192_64_0p5_0p02_0033_0006.uasset" 5681
"../../../Engine/Content/EngineMaterials/Substrate/GLints/dict_16_192_64_0p5_0p02_0036_0000.uasset" 5682
"/Engine/EngineMaterials/Substrate/GLints/dict_16_192_64_0p5_0p02_0036_0000" 5683
"../../../Engine/Content/EngineMaterials/Substrate/GLints/dict_16_192_64_0p5_0p02_0033_0009.uasset" 5684
"/Engine/EngineMaterials/Substrate/GLints/dict_16_192_64_0p5_0p02_0033_0006" 5685
"../../../Engine/Content/EngineMaterials/Substrate/GLints/dict_16_192_64_0p5_0p02_0033_0003.uasset" 5686
"../../../Engine/Content/EngineMaterials/Substrate/GLints/dict_16_192_64_0p5_0p02_0033_0004.uasset" 5687
"../../../Engine/Content/EngineMaterials/Substrate/GLints/dict_16_192_64_0p5_0p02_0033_0007.uasset" 5688
"/Engine/EngineMaterials/Substrate/GLints/dict_16_192_64_0p5_0p02_0033_0005" 5689
"/Engine/EngineMaterials/Substrate/GLints/dict_16_192_64_0p5_0p02_0033_0007" 5690
"/Engine/EngineMaterials/Substrate/GLints/dict_16_192_64_0p5_0p02_0033_0003" 5691
"/Engine/EngineMaterials/Substrate/GLints/dict_16_192_64_0p5_0p02_0033_0009" 5692
"/Engine/EngineMaterials/Substrate/GLints/dict_16_192_64_0p5_0p02_0033_0004" 5693
"../../../Engine/Content/EngineMaterials/Substrate/GLints/dict_16_192_64_0p5_0p02_0033_0001.uasset" 5694
"../../../Engine/Content/EngineMaterials/Substrate/GLints/dict_16_192_64_0p5_0p02_0033_0002.uasset" 5695
"/Engine/EngineMaterials/Substrate/GLints/dict_16_192_64_0p5_0p02_0033_0001" 5696
"/Engine/EngineMaterials/Substrate/GLints/dict_16_192_64_0p5_0p02_0033_0002" 5697
"../../../Engine/Content/EngineMaterials/Substrate/GLints/dict_16_192_64_0p5_0p02_0032_0015.uasset" 5698
"../../../Engine/Content/EngineMaterials/Substrate/GLints/dict_16_192_64_0p5_0p02_0032_0014.uasset" 5699
"../../../Engine/Content/EngineMaterials/Substrate/GLints/dict_16_192_64_0p5_0p02_0032_0013.uasset" 5700
"/Engine/EngineMaterials/Substrate/GLints/dict_16_192_64_0p5_0p02_0032_0013" 5701
"/Engine/EngineMaterials/Substrate/GLints/dict_16_192_64_0p5_0p02_0032_0014" 5702
"../../../Engine/Content/EngineMaterials/Substrate/GLints/dict_16_192_64_0p5_0p02_0032_0011.uasset" 5703
"/Engine/EngineMaterials/Substrate/GLints/dict_16_192_64_0p5_0p02_0032_0015" 5704
"/Engine/EngineMaterials/Substrate/GLints/dict_16_192_64_0p5_0p02_0032_0011" 5705
"../../../Engine/Content/EngineMaterials/Substrate/GLints/dict_16_192_64_0p5_0p02_0033_0000.uasset" 5706
"../../../Engine/Content/EngineMaterials/Substrate/GLints/dict_16_192_64_0p5_0p02_0032_0010.uasset" 5707
"../../../Engine/Content/EngineMaterials/Substrate/GLints/dict_16_192_64_0p5_0p02_0032_0012.uasset" 5708
"../../../Engine/Content/EngineMaterials/Substrate/GLints/dict_16_192_64_0p5_0p02_0032_0009.uasset" 5709
"../../../Engine/Content/EngineMaterials/Substrate/GLints/dict_16_192_64_0p5_0p02_0032_0008.uasset" 5710
"../../../Engine/Content/EngineMaterials/Substrate/GLints/dict_16_192_64_0p5_0p02_0032_0007.uasset" 5711
"/Engine/EngineMaterials/Substrate/GLints/dict_16_192_64_0p5_0p02_0032_0009" 5712
"/Engine/EngineMaterials/Substrate/GLints/dict_16_192_64_0p5_0p02_0032_0010" 5713
"../../../Engine/Content/EngineMaterials/Substrate/GLints/dict_16_192_64_0p5_0p02_0032_0006.uasset" 5714
"/Engine/EngineMaterials/Substrate/GLints/dict_16_192_64_0p5_0p02_0032_0012" 5715
"/Engine/EngineMaterials/Substrate/GLints/dict_16_192_64_0p5_0p02_0033_0000" 5716
"../../../Engine/Content/EngineMaterials/Substrate/GLints/dict_16_192_64_0p5_0p02_0032_0005.uasset" 5717
"/Engine/EngineMaterials/Substrate/GLints/dict_16_192_64_0p5_0p02_0032_0007" 5718
"/Engine/EngineMaterials/Substrate/GLints/dict_16_192_64_0p5_0p02_0032_0008" 5719
"../../../Engine/Content/EngineMaterials/Substrate/GLints/dict_16_192_64_0p5_0p02_0032_0002.uasset" 5720
"../../../Engine/Content/EngineMaterials/Substrate/GLints/dict_16_192_64_0p5_0p02_0032_0001.uasset" 5721
"/Engine/EngineMaterials/Substrate/GLints/dict_16_192_64_0p5_0p02_0032_0005" 5722
"/Engine/EngineMaterials/Substrate/GLints/dict_16_192_64_0p5_0p02_0032_0001" 5723
"../../../Engine/Content/EngineMaterials/Substrate/GLints/dict_16_192_64_0p5_0p02_0032_0003.uasset" 5724
"/Engine/EngineMaterials/Substrate/GLints/dict_16_192_64_0p5_0p02_0032_0006" 5725
"/Engine/EngineMaterials/Substrate/GLints/dict_16_192_64_0p5_0p02_0032_0002" 5726
"/Engine/EngineMaterials/Substrate/GLints/dict_16_192_64_0p5_0p02_0032_0003" 5727
"../../../Engine/Content/EngineMaterials/Substrate/GLints/dict_16_192_64_0p5_0p02_0031_0015.uasset" 5728
"/Engine/EngineMaterials/Substrate/GLints/dict_16_192_64_0p5_0p02_0031_0015" 5729
"../../../Engine/Content/EngineMaterials/Substrate/GLints/dict_16_192_64_0p5_0p02_0031_0014.uasset" 5730
"../../../Engine/Content/EngineMaterials/Substrate/GLints/dict_16_192_64_0p5_0p02_0031_0012.uasset" 5731
"../../../Engine/Content/EngineMaterials/Substrate/GLints/dict_16_192_64_0p5_0p02_0031_0010.uasset" 5732
"../../../Engine/Content/EngineMaterials/Substrate/GLints/dict_16_192_64_0p5_0p02_0031_0011.uasset" 5733
"../../../Engine/Content/EngineMaterials/Substrate/GLints/dict_16_192_64_0p5_0p02_0031_0013.uasset" 5734
"../../../Engine/Content/EngineMaterials/Substrate/GLints/dict_16_192_64_0p5_0p02_0032_0004.uasset" 5735
"/Engine/EngineMaterials/Substrate/GLints/dict_16_192_64_0p5_0p02_0031_0012" 5736
"/Engine/EngineMaterials/Substrate/GLints/dict_16_192_64_0p5_0p02_0031_0014" 5737
"/Engine/EngineMaterials/Substrate/GLints/dict_16_192_64_0p5_0p02_0031_0010" 5738
"/Engine/EngineMaterials/Substrate/GLints/dict_16_192_64_0p5_0p02_0032_0004" 5739
"../../../Engine/Content/EngineMaterials/Substrate/GLints/dict_16_192_64_0p5_0p02_0031_0009.uasset" 5740
"../../../Engine/Content/EngineMaterials/Substrate/GLints/dict_16_192_64_0p5_0p02_0032_0000.uasset" 5741
"../../../Engine/Content/EngineMaterials/Substrate/GLints/dict_16_192_64_0p5_0p02_0031_0006.uasset" 5742
"../../../Engine/Content/EngineMaterials/Substrate/GLints/dict_16_192_64_0p5_0p02_0031_0007.uasset" 5743
"/Engine/EngineMaterials/Substrate/GLints/dict_16_192_64_0p5_0p02_0031_0011" 5744
"/Engine/EngineMaterials/Substrate/GLints/dict_16_192_64_0p5_0p02_0031_0013" 5745
"/Engine/EngineMaterials/Substrate/GLints/dict_16_192_64_0p5_0p02_0031_0007" 5746
"/Engine/EngineMaterials/Substrate/GLints/dict_16_192_64_0p5_0p02_0032_0000" 5747
"/Engine/EngineMaterials/Substrate/GLints/dict_16_192_64_0p5_0p02_0031_0006" 5748
"../../../Engine/Content/EngineMaterials/Substrate/GLints/dict_16_192_64_0p5_0p02_0031_0008.uasset" 5749
"../../../Engine/Content/EngineMaterials/Substrate/GLints/dict_16_192_64_0p5_0p02_0031_0005.uasset" 5750
"../../../Engine/Content/EngineMaterials/Substrate/GLints/dict_16_192_64_0p5_0p02_0031_0004.uasset" 5751
"/Engine/EngineMaterials/Substrate/GLints/dict_16_192_64_0p5_0p02_0031_0009" 5752
"/Engine/EngineMaterials/Substrate/GLints/dict_16_192_64_0p5_0p02_0031_0008" 5753
"../../../Engine/Content/EngineMaterials/Substrate/GLints/dict_16_192_64_0p5_0p02_0031_0002.uasset" 5754
"../../../Engine/Content/EngineMaterials/Substrate/GLints/dict_16_192_64_0p5_0p02_0031_0000.uasset" 5755
"../../../Engine/Content/EngineMaterials/Substrate/GLints/dict_16_192_64_0p5_0p02_0031_0003.uasset" 5756
"/Engine/EngineMaterials/Substrate/GLints/dict_16_192_64_0p5_0p02_0031_0004" 5757
"../../../Engine/Content/EngineMaterials/Substrate/GLints/dict_16_192_64_0p5_0p02_0031_0001.uasset" 5758
"/Engine/EngineMaterials/Substrate/GLints/dict_16_192_64_0p5_0p02_0031_0005" 5759
"/Engine/EngineMaterials/Substrate/GLints/dict_16_192_64_0p5_0p02_0031_0001" 5760
"/Engine/EngineMaterials/Substrate/GLints/dict_16_192_64_0p5_0p02_0031_0000" 5761
"../../../Engine/Content/EngineMaterials/Substrate/GLints/dict_16_192_64_0p5_0p02_0030_0014.uasset" 5762
"/Engine/EngineMaterials/Substrate/GLints/dict_16_192_64_0p5_0p02_0031_0003" 5763
"/Engine/EngineMaterials/Substrate/GLints/dict_16_192_64_0p5_0p02_0031_0002" 5764
"/Engine/EngineMaterials/Substrate/GLints/dict_16_192_64_0p5_0p02_0030_0014" 5765
"../../../Engine/Content/EngineMaterials/Substrate/GLints/dict_16_192_64_0p5_0p02_0030_0013.uasset" 5766
"../../../Engine/Content/EngineMaterials/Substrate/GLints/dict_16_192_64_0p5_0p02_0030_0011.uasset" 5767
"../../../Engine/Content/EngineMaterials/Substrate/GLints/dict_16_192_64_0p5_0p02_0030_0012.uasset" 5768
"/Engine/EngineMaterials/Substrate/GLints/dict_16_192_64_0p5_0p02_0030_0013" 5769
"../../../Engine/Content/EngineMaterials/Substrate/GLints/dict_16_192_64_0p5_0p02_0030_0008.uasset" 5770
"../../../Engine/Content/EngineMaterials/Substrate/GLints/dict_16_192_64_0p5_0p02_0030_0010.uasset" 5771
"/Engine/EngineMaterials/Substrate/GLints/dict_16_192_64_0p5_0p02_0030_0011" 5772
"/Engine/EngineMaterials/Substrate/GLints/dict_16_192_64_0p5_0p02_0030_0012" 5773
"../../../Engine/Content/EngineMaterials/Substrate/GLints/dict_16_192_64_0p5_0p02_0030_0007.uasset" 5774
"/Engine/EngineMaterials/Substrate/GLints/dict_16_192_64_0p5_0p02_0030_0007" 5775
"/Engine/EngineMaterials/Substrate/GLints/dict_16_192_64_0p5_0p02_0030_0008" 5776
"/Engine/EngineMaterials/Substrate/GLints/dict_16_192_64_0p5_0p02_0030_0010" 5777
"../../../Engine/Content/EngineMaterials/Substrate/GLints/dict_16_192_64_0p5_0p02_0030_0006.uasset" 5778
"/Engine/EngineMaterials/Substrate/GLints/dict_16_192_64_0p5_0p02_0030_0006" 5779
"../../../Engine/Content/EngineMaterials/Substrate/GLints/dict_16_192_64_0p5_0p02_0030_0015.uasset" 5780
"../../../Engine/Content/EngineMaterials/Substrate/GLints/dict_16_192_64_0p5_0p02_0030_0005.uasset" 5781
"/Engine/EngineMaterials/Substrate/GLints/dict_16_192_64_0p5_0p02_0030_0005" 5782
"../../../Engine/Content/EngineMaterials/Substrate/GLints/dict_16_192_64_0p5_0p02_0030_0001.uasset" 5783
"../../../Engine/Content/EngineMaterials/Substrate/GLints/dict_16_192_64_0p5_0p02_0030_0004.uasset" 5784
"../../../Engine/Content/EngineMaterials/Substrate/GLints/dict_16_192_64_0p5_0p02_0030_0003.uasset" 5785
"/Engine/EngineMaterials/Substrate/GLints/dict_16_192_64_0p5_0p02_0030_0015" 5786
"/Engine/EngineMaterials/Substrate/GLints/dict_16_192_64_0p5_0p02_0030_0003" 5787
"../../../Engine/Content/EngineMaterials/Substrate/GLints/dict_16_192_64_0p5_0p02_0030_0002.uasset" 5788
"/Engine/EngineMaterials/Substrate/GLints/dict_16_192_64_0p5_0p02_0030_0004" 5789
"../../../Engine/Content/EngineMaterials/Substrate/GLints/dict_16_192_64_0p5_0p02_0029_0015.uasset" 5790
"/Engine/EngineMaterials/Substrate/GLints/dict_16_192_64_0p5_0p02_0030_0001" 5791
"/Engine/EngineMaterials/Substrate/GLints/dict_16_192_64_0p5_0p02_0030_0002" 5792
"/Engine/EngineMaterials/Substrate/GLints/dict_16_192_64_0p5_0p02_0029_0015" 5793
"../../../Engine/Content/EngineMaterials/Substrate/GLints/dict_16_192_64_0p5_0p02_0029_0014.uasset" 5794
"/Engine/EngineMaterials/Substrate/GLints/dict_16_192_64_0p5_0p02_0029_0014" 5795
"../../../Engine/Content/EngineMaterials/Substrate/GLints/dict_16_192_64_0p5_0p02_0029_0012.uasset" 5796
"../../../Engine/Content/EngineMaterials/Substrate/GLints/dict_16_192_64_0p5_0p02_0029_0011.uasset" 5797
"../../../Engine/Content/EngineMaterials/Substrate/GLints/dict_16_192_64_0p5_0p02_0030_0000.uasset" 5798
"../../../Engine/Content/EngineMaterials/Substrate/GLints/dict_16_192_64_0p5_0p02_0029_0013.uasset" 5799
"../../../Engine/Content/EngineMaterials/Substrate/GLints/dict_16_192_64_0p5_0p02_0029_0010.uasset" 5800
"/Engine/EngineMaterials/Substrate/GLints/dict_16_192_64_0p5_0p02_0029_0012" 5801
"/Engine/EngineMaterials/Substrate/GLints/dict_16_192_64_0p5_0p02_0029_0013" 5802
"/Engine/EngineMaterials/Substrate/GLints/dict_16_192_64_0p5_0p02_0029_0010" 5803
"../../../Engine/Content/EngineMaterials/Substrate/GLints/dict_16_192_64_0p5_0p02_0029_0009.uasset" 5804
"/Engine/EngineMaterials/Substrate/GLints/dict_16_192_64_0p5_0p02_0029_0011" 5805
"../../../Engine/Content/EngineMaterials/Substrate/GLints/dict_16_192_64_0p5_0p02_0029_0004.uasset" 5806
"../../../Engine/Content/EngineMaterials/Substrate/GLints/dict_16_192_64_0p5_0p02_0029_0008.uasset" 5807
"/Engine/EngineMaterials/Substrate/GLints/dict_16_192_64_0p5_0p02_0030_0000" 5808
"../../../Engine/Content/EngineMaterials/Substrate/GLints/dict_16_192_64_0p5_0p02_0029_0007.uasset" 5809
"../../../Engine/Content/EngineMaterials/Substrate/GLints/dict_16_192_64_0p5_0p02_0029_0005.uasset" 5810
"/Engine/EngineMaterials/Substrate/GLints/dict_16_192_64_0p5_0p02_0029_0007" 5811
"/Engine/EngineMaterials/Substrate/GLints/dict_16_192_64_0p5_0p02_0029_0008" 5812
"../../../Engine/Content/EngineMaterials/Substrate/GLints/dict_16_192_64_0p5_0p02_0029_0006.uasset" 5813
"/Engine/EngineMaterials/Substrate/GLints/dict_16_192_64_0p5_0p02_0029_0004" 5814
"/Engine/EngineMaterials/Substrate/GLints/dict_16_192_64_0p5_0p02_0029_0005" 5815
"/Engine/EngineMaterials/Substrate/GLints/dict_16_192_64_0p5_0p02_0029_0009" 5816
"/Engine/EngineMaterials/Substrate/GLints/dict_16_192_64_0p5_0p02_0029_0006" 5817
"../../../Engine/Content/EngineMaterials/Substrate/GLints/dict_16_192_64_0p5_0p02_0029_0000.uasset" 5818
"../../../Engine/Content/EngineMaterials/Substrate/GLints/dict_16_192_64_0p5_0p02_0028_0015.uasset" 5819
"../../../Engine/Content/EngineMaterials/Substrate/GLints/dict_16_192_64_0p5_0p02_0029_0003.uasset" 5820
"../../../Engine/Content/EngineMaterials/Substrate/GLints/dict_16_192_64_0p5_0p02_0029_0002.uasset" 5821
"../../../Engine/Content/EngineMaterials/Substrate/GLints/dict_16_192_64_0p5_0p02_0029_0001.uasset" 5822
"/Engine/EngineMaterials/Substrate/GLints/dict_16_192_64_0p5_0p02_0028_0015" 5823
"/Engine/EngineMaterials/Substrate/GLints/dict_16_192_64_0p5_0p02_0029_0000" 5824
"/Engine/EngineMaterials/Substrate/GLints/dict_16_192_64_0p5_0p02_0029_0001" 5825
"/Engine/EngineMaterials/Substrate/GLints/dict_16_192_64_0p5_0p02_0029_0002" 5826
"../../../Engine/Content/EngineMaterials/Substrate/GLints/dict_16_192_64_0p5_0p02_0028_0011.uasset" 5827
"../../../Engine/Content/EngineMaterials/Substrate/GLints/dict_16_192_64_0p5_0p02_0028_0013.uasset" 5828
"../../../Engine/Content/EngineMaterials/Substrate/GLints/dict_16_192_64_0p5_0p02_0028_0010.uasset" 5829
"../../../Engine/Content/EngineMaterials/Substrate/GLints/dict_16_192_64_0p5_0p02_0028_0009.uasset" 5830
"../../../Engine/Content/EngineMaterials/Substrate/GLints/dict_16_192_64_0p5_0p02_0030_0009.uasset" 5831
"/Engine/EngineMaterials/Substrate/GLints/dict_16_192_64_0p5_0p02_0029_0003" 5832
"../../../Engine/Content/EngineMaterials/Substrate/GLints/dict_16_192_64_0p5_0p02_0028_0012.uasset" 5833
"/Engine/EngineMaterials/Substrate/GLints/dict_16_192_64_0p5_0p02_0028_0009" 5834
"/Engine/EngineMaterials/Substrate/GLints/dict_16_192_64_0p5_0p02_0028_0010" 5835
"/Engine/EngineMaterials/Substrate/GLints/dict_16_192_64_0p5_0p02_0028_0012" 5836
"/Engine/EngineMaterials/Substrate/GLints/dict_16_192_64_0p5_0p02_0030_0009" 5837
"/Engine/EngineMaterials/Substrate/GLints/dict_16_192_64_0p5_0p02_0028_0011" 5838
"../../../Engine/Content/EngineMaterials/Substrate/GLints/dict_16_192_64_0p5_0p02_0028_0008.uasset" 5839
"../../../Engine/Content/EngineMaterials/Substrate/GLints/dict_16_192_64_0p5_0p02_0028_0006.uasset" 5840
"/Engine/EngineMaterials/Substrate/GLints/dict_16_192_64_0p5_0p02_0028_0013" 5841
"../../../Engine/Content/EngineMaterials/Substrate/GLints/dict_16_192_64_0p5_0p02_0028_0007.uasset" 5842
"/Engine/EngineMaterials/Substrate/GLints/dict_16_192_64_0p5_0p02_0028_0006" 5843
"/Engine/EngineMaterials/Substrate/GLints/dict_16_192_64_0p5_0p02_0028_0007" 5844
"/Engine/EngineMaterials/Substrate/GLints/dict_16_192_64_0p5_0p02_0028_0008" 5845
"../../../Engine/Content/EngineMaterials/Substrate/GLints/dict_16_192_64_0p5_0p02_0028_0005.uasset" 5846
"/Engine/EngineMaterials/Substrate/GLints/dict_16_192_64_0p5_0p02_0028_0005" 5847
"../../../Engine/Content/EngineMaterials/Substrate/GLints/dict_16_192_64_0p5_0p02_0028_0004.uasset" 5848
"../../../Engine/Content/EngineMaterials/Substrate/GLints/dict_16_192_64_0p5_0p02_0028_0003.uasset" 5849
"../../../Engine/Content/EngineMaterials/Substrate/GLints/dict_16_192_64_0p5_0p02_0028_0002.uasset" 5850
"../../../Engine/Content/EngineMaterials/Substrate/GLints/dict_16_192_64_0p5_0p02_0028_0001.uasset" 5851
"../../../Engine/Content/EngineMaterials/Substrate/GLints/dict_16_192_64_0p5_0p02_0027_0015.uasset" 5852
"../../../Engine/Content/EngineMaterials/Substrate/GLints/dict_16_192_64_0p5_0p02_0028_0000.uasset" 5853
"../../../Engine/Content/EngineMaterials/Substrate/GLints/dict_16_192_64_0p5_0p02_0027_0012.uasset" 5854
"../../../Engine/Content/EngineMaterials/Substrate/GLints/dict_16_192_64_0p5_0p02_0027_0013.uasset" 5855
"../../../Engine/Content/EngineMaterials/Substrate/GLints/dict_16_192_64_0p5_0p02_0027_0011.uasset" 5856
"../../../Engine/Content/EngineMaterials/Substrate/GLints/dict_16_192_64_0p5_0p02_0027_0014.uasset" 5857
"../../../Engine/Content/EngineMaterials/Substrate/GLints/dict_16_192_64_0p5_0p02_0027_0009.uasset" 5858
"../../../Engine/Content/EngineMaterials/Substrate/GLints/dict_16_192_64_0p5_0p02_0027_0010.uasset" 5859
"../../../Engine/Content/EngineMaterials/Substrate/GLints/dict_16_192_64_0p5_0p02_0027_0008.uasset" 5860
"../../../Engine/Content/EngineMaterials/Substrate/GLints/dict_16_192_64_0p5_0p02_0028_0014.uasset" 5861
"../../../Engine/Content/EngineMaterials/Substrate/GLints/dict_16_192_64_0p5_0p02_0027_0007.uasset" 5862
"../../../Engine/Content/EngineMaterials/Substrate/GLints/dict_16_192_64_0p5_0p02_0027_0005.uasset" 5863
"../../../Engine/Content/EngineMaterials/Substrate/GLints/dict_16_192_64_0p5_0p02_0027_0002.uasset" 5864
"../../../Engine/Content/EngineMaterials/Substrate/GLints/dict_16_192_64_0p5_0p02_0027_0006.uasset" 5865
"../../../Engine/Content/EngineMaterials/Substrate/GLints/dict_16_192_64_0p5_0p02_0027_0004.uasset" 5866
"../../../Engine/Content/EngineMaterials/Substrate/GLints/dict_16_192_64_0p5_0p02_0027_0003.uasset" 5867
"/Engine/EngineMaterials/Substrate/GLints/dict_16_192_64_0p5_0p02_0027_0011" 5868
"/Engine/EngineMaterials/Substrate/GLints/dict_16_192_64_0p5_0p02_0027_0006" 5869
"/Engine/EngineMaterials/Substrate/GLints/dict_16_192_64_0p5_0p02_0028_0003" 5870
"/Engine/EngineMaterials/Substrate/GLints/dict_16_192_64_0p5_0p02_0027_0012" 5871
"../../../Engine/Content/EngineMaterials/Substrate/GLints/dict_16_192_64_0p5_0p02_0026_0015.uasset" 5872
"/Engine/EngineMaterials/Substrate/GLints/dict_16_192_64_0p5_0p02_0028_0004" 5873
"/Engine/EngineMaterials/Substrate/GLints/dict_16_192_64_0p5_0p02_0027_0007" 5874
"/Engine/EngineMaterials/Substrate/GLints/dict_16_192_64_0p5_0p02_0027_0008" 5875
"/Engine/EngineMaterials/Substrate/GLints/dict_16_192_64_0p5_0p02_0027_0002" 5876
"../../../Engine/Content/EngineMaterials/Substrate/GLints/dict_16_192_64_0p5_0p02_0026_0012.uasset" 5877
"../../../Engine/Content/EngineMaterials/Substrate/GLints/dict_16_192_64_0p5_0p02_0026_0014.uasset" 5878
"/Engine/EngineMaterials/Substrate/GLints/dict_16_192_64_0p5_0p02_0027_0003" 5879
"/Engine/EngineMaterials/Substrate/GLints/dict_16_192_64_0p5_0p02_0027_0004" 5880
"/Engine/EngineMaterials/Substrate/GLints/dict_16_192_64_0p5_0p02_0028_0001" 5881
"/Engine/EngineMaterials/Substrate/GLints/dict_16_192_64_0p5_0p02_0027_0009" 5882
"/Engine/EngineMaterials/Substrate/GLints/dict_16_192_64_0p5_0p02_0028_0000" 5883
"/Engine/EngineMaterials/Substrate/GLints/dict_16_192_64_0p5_0p02_0027_0005" 5884
"/Engine/EngineMaterials/Substrate/GLints/dict_16_192_64_0p5_0p02_0028_0002" 5885
"../../../Engine/Content/EngineMaterials/Substrate/GLints/dict_16_192_64_0p5_0p02_0026_0010.uasset" 5886
"/Engine/EngineMaterials/Substrate/GLints/dict_16_192_64_0p5_0p02_0027_0010" 5887
"/Engine/EngineMaterials/Substrate/GLints/dict_16_192_64_0p5_0p02_0027_0013" 5888
"/Engine/EngineMaterials/Substrate/GLints/dict_16_192_64_0p5_0p02_0027_0014" 5889
"/Engine/EngineMaterials/Substrate/GLints/dict_16_192_64_0p5_0p02_0028_0014" 5890
"/Engine/EngineMaterials/Substrate/GLints/dict_16_192_64_0p5_0p02_0027_0015" 5891
"../../../Engine/Content/EngineMaterials/Substrate/GLints/dict_16_192_64_0p5_0p02_0027_0000.uasset" 5892
"../../../Engine/Content/EngineMaterials/Substrate/GLints/dict_16_192_64_0p5_0p02_0026_0009.uasset" 5893
"../../../Engine/Content/EngineMaterials/Substrate/GLints/dict_16_192_64_0p5_0p02_0026_0011.uasset" 5894
"/Engine/EngineMaterials/Substrate/GLints/dict_16_192_64_0p5_0p02_0026_0010" 5895
"/Engine/EngineMaterials/Substrate/GLints/dict_16_192_64_0p5_0p02_0026_0012" 5896
"../../../Engine/Content/EngineMaterials/Substrate/GLints/dict_16_192_64_0p5_0p02_0026_0008.uasset" 5897
"/Engine/EngineMaterials/Substrate/GLints/dict_16_192_64_0p5_0p02_0026_0014" 5898
"/Engine/EngineMaterials/Substrate/GLints/dict_16_192_64_0p5_0p02_0026_0015" 5899
"../../../Engine/Content/EngineMaterials/Substrate/GLints/dict_16_192_64_0p5_0p02_0026_0007.uasset" 5900
"/Engine/EngineMaterials/Substrate/GLints/dict_16_192_64_0p5_0p02_0026_0011" 5901
"/Engine/EngineMaterials/Substrate/GLints/dict_16_192_64_0p5_0p02_0026_0007" 5902
"../../../Engine/Content/EngineMaterials/Substrate/GLints/dict_16_192_64_0p5_0p02_0026_0013.uasset" 5903
"../../../Engine/Content/EngineMaterials/Substrate/GLints/dict_16_192_64_0p5_0p02_0026_0003.uasset" 5904
"/Engine/EngineMaterials/Substrate/GLints/dict_16_192_64_0p5_0p02_0027_0000" 5905
"/Engine/EngineMaterials/Substrate/GLints/dict_16_192_64_0p5_0p02_0026_0008" 5906
"../../../Engine/Content/EngineMaterials/Substrate/GLints/dict_16_192_64_0p5_0p02_0027_0001.uasset" 5907
"/Engine/EngineMaterials/Substrate/GLints/dict_16_192_64_0p5_0p02_0026_0009" 5908
"/Engine/EngineMaterials/Substrate/GLints/dict_16_192_64_0p5_0p02_0026_0013" 5909
"/Engine/EngineMaterials/Substrate/GLints/dict_16_192_64_0p5_0p02_0027_0001" 5910
"/Engine/EngineMaterials/Substrate/GLints/dict_16_192_64_0p5_0p02_0026_0003" 5911
"../../../Engine/Content/EngineMaterials/Substrate/GLints/dict_16_192_64_0p5_0p02_0025_0015.uasset" 5912
"../../../Engine/Content/EngineMaterials/Substrate/GLints/dict_16_192_64_0p5_0p02_0025_0014.uasset" 5913
"../../../Engine/Content/EngineMaterials/Substrate/GLints/dict_16_192_64_0p5_0p02_0026_0006.uasset" 5914
"/Engine/EngineMaterials/Substrate/GLints/dict_16_192_64_0p5_0p02_0025_0015" 5915
"/Engine/EngineMaterials/Substrate/GLints/dict_16_192_64_0p5_0p02_0025_0014" 5916
"/Engine/EngineMaterials/Substrate/GLints/dict_16_192_64_0p5_0p02_0026_0006" 5917
"../../../Engine/Content/EngineMaterials/Substrate/GLints/dict_16_192_64_0p5_0p02_0026_0002.uasset" 5918
"../../../Engine/Content/EngineMaterials/Substrate/GLints/dict_16_192_64_0p5_0p02_0026_0001.uasset" 5919
"../../../Engine/Content/EngineMaterials/Substrate/GLints/dict_16_192_64_0p5_0p02_0026_0005.uasset" 5920
"../../../Engine/Content/EngineMaterials/Substrate/GLints/dict_16_192_64_0p5_0p02_0025_0011.uasset" 5921
"/Engine/EngineMaterials/Substrate/GLints/dict_16_192_64_0p5_0p02_0025_0011" 5922
"../../../Engine/Content/EngineMaterials/Substrate/GLints/dict_16_192_64_0p5_0p02_0025_0013.uasset" 5923
"../../../Engine/Content/EngineMaterials/Substrate/GLints/dict_16_192_64_0p5_0p02_0025_0012.uasset" 5924
"/Engine/EngineMaterials/Substrate/GLints/dict_16_192_64_0p5_0p02_0026_0001" 5925
"/Engine/EngineMaterials/Substrate/GLints/dict_16_192_64_0p5_0p02_0026_0002" 5926
"../../../Engine/Content/EngineMaterials/Substrate/GLints/dict_16_192_64_0p5_0p02_0025_0009.uasset" 5927
"/Engine/EngineMaterials/Substrate/GLints/dict_16_192_64_0p5_0p02_0026_0005" 5928
"/Engine/EngineMaterials/Substrate/GLints/dict_16_192_64_0p5_0p02_0025_0009" 5929
"/Engine/EngineMaterials/Substrate/GLints/dict_16_192_64_0p5_0p02_0025_0012" 5930
"/Engine/EngineMaterials/Substrate/GLints/dict_16_192_64_0p5_0p02_0025_0013" 5931
"../../../Engine/Content/EngineMaterials/Substrate/GLints/dict_16_192_64_0p5_0p02_0025_0008.uasset" 5932
"../../../Engine/Content/EngineMaterials/Substrate/GLints/dict_16_192_64_0p5_0p02_0025_0004.uasset" 5933
"/Engine/EngineMaterials/Substrate/GLints/dict_16_192_64_0p5_0p02_0025_0004" 5934
"../../../Engine/Content/EngineMaterials/Substrate/GLints/dict_16_192_64_0p5_0p02_0025_0010.uasset" 5935
"/Engine/EngineMaterials/Substrate/GLints/dict_16_192_64_0p5_0p02_0025_0008" 5936
"../../../Engine/Content/EngineMaterials/Substrate/GLints/dict_16_192_64_0p5_0p02_0025_0007.uasset" 5937
"../../../Engine/Content/EngineMaterials/Substrate/GLints/dict_16_192_64_0p5_0p02_0025_0006.uasset" 5938
"../../../Engine/Content/EngineMaterials/Substrate/GLints/dict_16_192_64_0p5_0p02_0026_0000.uasset" 5939
"/Engine/EngineMaterials/Substrate/GLints/dict_16_192_64_0p5_0p02_0025_0006" 5940
"../../../Engine/Content/EngineMaterials/Substrate/GLints/dict_16_192_64_0p5_0p02_0025_0002.uasset" 5941
"/Engine/EngineMaterials/Substrate/GLints/dict_16_192_64_0p5_0p02_0025_0007" 5942
"/Engine/EngineMaterials/Substrate/GLints/dict_16_192_64_0p5_0p02_0025_0010" 5943
"/Engine/EngineMaterials/Substrate/GLints/dict_16_192_64_0p5_0p02_0025_0002" 5944
"/Engine/EngineMaterials/Substrate/GLints/dict_16_192_64_0p5_0p02_0026_0000" 5945
"../../../Engine/Content/EngineMaterials/Substrate/GLints/dict_16_192_64_0p5_0p02_0025_0003.uasset" 5946
"../../../Engine/Content/EngineMaterials/Substrate/GLints/dict_16_192_64_0p5_0p02_0025_0005.uasset" 5947
"/Engine/EngineMaterials/Substrate/GLints/dict_16_192_64_0p5_0p02_0025_0003" 5948
"/Engine/EngineMaterials/Substrate/GLints/dict_16_192_64_0p5_0p02_0025_0005" 5949
"../../../Engine/Content/EngineMaterials/Substrate/GLints/dict_16_192_64_0p5_0p02_0025_0001.uasset" 5950
"../../../Engine/Content/EngineMaterials/Substrate/GLints/dict_16_192_64_0p5_0p02_0024_0014.uasset" 5951
"../../../Engine/Content/EngineMaterials/Substrate/GLints/dict_16_192_64_0p5_0p02_0024_0015.uasset" 5952
"../../../Engine/Content/EngineMaterials/Substrate/GLints/dict_16_192_64_0p5_0p02_0024_0012.uasset" 5953
"../../../Engine/Content/EngineMaterials/Substrate/GLints/dict_16_192_64_0p5_0p02_0026_0004.uasset" 5954
"/Engine/EngineMaterials/Substrate/GLints/dict_16_192_64_0p5_0p02_0024_0014" 5955
"../../../Engine/Content/EngineMaterials/Substrate/GLints/dict_16_192_64_0p5_0p02_0025_0000.uasset" 5956
"/Engine/EngineMaterials/Substrate/GLints/dict_16_192_64_0p5_0p02_0024_0015" 5957
"/Engine/EngineMaterials/Substrate/GLints/dict_16_192_64_0p5_0p02_0025_0001" 5958
"/Engine/EngineMaterials/Substrate/GLints/dict_16_192_64_0p5_0p02_0024_0012" 5959
"/Engine/EngineMaterials/Substrate/GLints/dict_16_192_64_0p5_0p02_0026_0004" 5960
"/Engine/EngineMaterials/Substrate/GLints/dict_16_192_64_0p5_0p02_0025_0000" 5961
"../../../Engine/Content/EngineMaterials/Substrate/GLints/dict_16_192_64_0p5_0p02_0024_0009.uasset" 5962
"../../../Engine/Content/EngineMaterials/Substrate/GLints/dict_16_192_64_0p5_0p02_0024_0006.uasset" 5963
"/Engine/EngineMaterials/Substrate/GLints/dict_16_192_64_0p5_0p02_0024_0009" 5964
"/Engine/EngineMaterials/Substrate/GLints/dict_16_192_64_0p5_0p02_0024_0006" 5965
"../../../Engine/Content/EngineMaterials/Substrate/GLints/dict_16_192_64_0p5_0p02_0024_0003.uasset" 5966
"../../../Engine/Content/EngineMaterials/Substrate/GLints/dict_16_192_64_0p5_0p02_0024_0011.uasset" 5967
"../../../Engine/Content/EngineMaterials/Substrate/GLints/dict_16_192_64_0p5_0p02_0024_0007.uasset" 5968
"/Engine/EngineMaterials/Substrate/GLints/dict_16_192_64_0p5_0p02_0024_0011" 5969
"/Engine/EngineMaterials/Substrate/GLints/dict_16_192_64_0p5_0p02_0024_0007" 5970
"../../../Engine/Content/EngineMaterials/Substrate/GLints/dict_16_192_64_0p5_0p02_0024_0002.uasset" 5971
"/Engine/EngineMaterials/Substrate/GLints/dict_16_192_64_0p5_0p02_0024_0003" 5972
"/Engine/EngineMaterials/Substrate/GLints/dict_16_192_64_0p5_0p02_0024_0002" 5973
"../../../Engine/Content/EngineMaterials/Substrate/GLints/dict_16_192_64_0p5_0p02_0024_0010.uasset" 5974
"/Engine/EngineMaterials/Substrate/GLints/dict_16_192_64_0p5_0p02_0024_0010" 5975
"../../../Engine/Content/EngineMaterials/Substrate/GLints/dict_16_192_64_0p5_0p02_0024_0005.uasset" 5976
"/Engine/EngineMaterials/Substrate/GLints/dict_16_192_64_0p5_0p02_0024_0005" 5977
"../../../Engine/Content/EngineMaterials/Substrate/GLints/dict_16_192_64_0p5_0p02_0024_0013.uasset" 5978
"../../../Engine/Content/EngineMaterials/Substrate/GLints/dict_16_192_64_0p5_0p02_0023_0015.uasset" 5979
"../../../Engine/Content/EngineMaterials/Substrate/GLints/dict_16_192_64_0p5_0p02_0024_0000.uasset" 5980
"/Engine/EngineMaterials/Substrate/GLints/dict_16_192_64_0p5_0p02_0023_0015" 5981
"/Engine/EngineMaterials/Substrate/GLints/dict_16_192_64_0p5_0p02_0024_0013" 5982
"/Engine/EngineMaterials/Substrate/GLints/dict_16_192_64_0p5_0p02_0024_0000" 5983
"../../../Engine/Content/EngineMaterials/Substrate/GLints/dict_16_192_64_0p5_0p02_0024_0001.uasset" 5984
"../../../Engine/Content/EngineMaterials/Substrate/GLints/dict_16_192_64_0p5_0p02_0023_0013.uasset" 5985
"/Engine/EngineMaterials/Substrate/GLints/dict_16_192_64_0p5_0p02_0024_0001" 5986
"/Engine/EngineMaterials/Substrate/GLints/dict_16_192_64_0p5_0p02_0023_0013" 5987
"../../../Engine/Content/EngineMaterials/Substrate/GLints/dict_16_192_64_0p5_0p02_0024_0004.uasset" 5988
"../../../Engine/Content/EngineMaterials/Substrate/GLints/dict_16_192_64_0p5_0p02_0023_0010.uasset" 5989
"/Engine/EngineMaterials/Substrate/GLints/dict_16_192_64_0p5_0p02_0023_0010" 5990
"/Engine/EngineMaterials/Substrate/GLints/dict_16_192_64_0p5_0p02_0024_0004" 5991
"../../../Engine/Content/EngineMaterials/Substrate/GLints/dict_16_192_64_0p5_0p02_0023_0006.uasset" 5992
"../../../Engine/Content/EngineMaterials/Substrate/GLints/dict_16_192_64_0p5_0p02_0023_0009.uasset" 5993
"../../../Engine/Content/EngineMaterials/Substrate/GLints/dict_16_192_64_0p5_0p02_0023_0007.uasset" 5994
"../../../Engine/Content/EngineMaterials/Substrate/GLints/dict_16_192_64_0p5_0p02_0024_0008.uasset" 5995
"/Engine/EngineMaterials/Substrate/GLints/dict_16_192_64_0p5_0p02_0023_0007" 5996
"/Engine/EngineMaterials/Substrate/GLints/dict_16_192_64_0p5_0p02_0023_0009" 5997
"../../../Engine/Content/EngineMaterials/Substrate/GLints/dict_16_192_64_0p5_0p02_0023_0008.uasset" 5998
"/Engine/EngineMaterials/Substrate/GLints/dict_16_192_64_0p5_0p02_0023_0006" 5999
"/Engine/EngineMaterials/Substrate/GLints/dict_16_192_64_0p5_0p02_0023_0008" 6000
"/Engine/EngineMaterials/Substrate/GLints/dict_16_192_64_0p5_0p02_0024_0008" 6001
"../../../Engine/Content/EngineMaterials/Substrate/GLints/dict_16_192_64_0p5_0p02_0023_0011.uasset" 6002
"../../../Engine/Content/EngineMaterials/Substrate/GLints/dict_16_192_64_0p5_0p02_0023_0005.uasset" 6003
"../../../Engine/Content/EngineMaterials/Substrate/GLints/dict_16_192_64_0p5_0p02_0023_0012.uasset" 6004
"../../../Engine/Content/EngineMaterials/Substrate/GLints/dict_16_192_64_0p5_0p02_0023_0003.uasset" 6005
"/Engine/EngineMaterials/Substrate/GLints/dict_16_192_64_0p5_0p02_0023_0005" 6006
"/Engine/EngineMaterials/Substrate/GLints/dict_16_192_64_0p5_0p02_0023_0003" 6007
"/Engine/EngineMaterials/Substrate/GLints/dict_16_192_64_0p5_0p02_0023_0011" 6008
"/Engine/EngineMaterials/Substrate/GLints/dict_16_192_64_0p5_0p02_0023_0012" 6009
"../../../Engine/Content/EngineMaterials/Substrate/GLints/dict_16_192_64_0p5_0p02_0023_0002.uasset" 6010
"../../../Engine/Content/EngineMaterials/Substrate/GLints/dict_16_192_64_0p5_0p02_0022_0014.uasset" 6011
"/Engine/EngineMaterials/Substrate/GLints/dict_16_192_64_0p5_0p02_0022_0014" 6012
"../../../Engine/Content/EngineMaterials/Substrate/GLints/dict_16_192_64_0p5_0p02_0023_0001.uasset" 6013
"/Engine/EngineMaterials/Substrate/GLints/dict_16_192_64_0p5_0p02_0023_0002" 6014
"/Engine/EngineMaterials/Substrate/GLints/dict_16_192_64_0p5_0p02_0023_0001" 6015
"../../../Engine/Content/EngineMaterials/Substrate/GLints/dict_16_192_64_0p5_0p02_0022_0015.uasset" 6016
"/Engine/EngineMaterials/Substrate/GLints/dict_16_192_64_0p5_0p02_0022_0015" 6017
"../../../Engine/Content/EngineMaterials/Substrate/GLints/dict_16_192_64_0p5_0p02_0022_0013.uasset" 6018
"../../../Engine/Content/EngineMaterials/Substrate/GLints/dict_16_192_64_0p5_0p02_0023_0000.uasset" 6019
"/Engine/EngineMaterials/Substrate/GLints/dict_16_192_64_0p5_0p02_0022_0013" 6020
"../../../Engine/Content/EngineMaterials/Substrate/GLints/dict_16_192_64_0p5_0p02_0022_0012.uasset" 6021
"../../../Engine/Content/EngineMaterials/Substrate/GLints/dict_16_192_64_0p5_0p02_0022_0010.uasset" 6022
"../../../Engine/Content/EngineMaterials/Substrate/GLints/dict_16_192_64_0p5_0p02_0022_0009.uasset" 6023
"/Engine/EngineMaterials/Substrate/GLints/dict_16_192_64_0p5_0p02_0023_0000" 6024
"/Engine/EngineMaterials/Substrate/GLints/dict_16_192_64_0p5_0p02_0022_0012" 6025
"../../../Engine/Content/EngineMaterials/Substrate/GLints/dict_16_192_64_0p5_0p02_0022_0008.uasset" 6026
"/Engine/EngineMaterials/Substrate/GLints/dict_16_192_64_0p5_0p02_0022_0009" 6027
"../../../Engine/Content/EngineMaterials/Substrate/GLints/dict_16_192_64_0p5_0p02_0022_0007.uasset" 6028
"/Engine/EngineMaterials/Substrate/GLints/dict_16_192_64_0p5_0p02_0022_0010" 6029
"../../../Engine/Content/EngineMaterials/Substrate/GLints/dict_16_192_64_0p5_0p02_0022_0011.uasset" 6030
"/Engine/EngineMaterials/Substrate/GLints/dict_16_192_64_0p5_0p02_0022_0011" 6031
"/Engine/EngineMaterials/Substrate/GLints/dict_16_192_64_0p5_0p02_0022_0008" 6032
"../../../Engine/Content/EngineMaterials/Substrate/GLints/dict_16_192_64_0p5_0p02_0022_0005.uasset" 6033
"../../../Engine/Content/EngineMaterials/Substrate/GLints/dict_16_192_64_0p5_0p02_0022_0006.uasset" 6034
"/Engine/EngineMaterials/Substrate/GLints/dict_16_192_64_0p5_0p02_0022_0007" 6035
"/Engine/EngineMaterials/Substrate/GLints/dict_16_192_64_0p5_0p02_0022_0006" 6036
"../../../Engine/Content/EngineMaterials/Substrate/GLints/dict_16_192_64_0p5_0p02_0022_0004.uasset" 6037
"/Engine/EngineMaterials/Substrate/GLints/dict_16_192_64_0p5_0p02_0022_0005" 6038
"../../../Engine/Content/EngineMaterials/Substrate/GLints/dict_16_192_64_0p5_0p02_0023_0004.uasset" 6039
"../../../Engine/Content/EngineMaterials/Substrate/GLints/dict_16_192_64_0p5_0p02_0022_0003.uasset" 6040
"/Engine/EngineMaterials/Substrate/GLints/dict_16_192_64_0p5_0p02_0023_0004" 6041
"/Engine/EngineMaterials/Substrate/GLints/dict_16_192_64_0p5_0p02_0022_0003" 6042
"/Engine/EngineMaterials/Substrate/GLints/dict_16_192_64_0p5_0p02_0022_0004" 6043
"../../../Engine/Content/EngineMaterials/Substrate/GLints/dict_16_192_64_0p5_0p02_0022_0002.uasset" 6044
"../../../Engine/Content/EngineMaterials/Substrate/GLints/dict_16_192_64_0p5_0p02_0022_0001.uasset" 6045
"../../../Engine/Content/EngineMaterials/Substrate/GLints/dict_16_192_64_0p5_0p02_0021_0015.uasset" 6046
"../../../Engine/Content/EngineMaterials/Substrate/GLints/dict_16_192_64_0p5_0p02_0023_0014.uasset" 6047
"/Engine/EngineMaterials/Substrate/GLints/dict_16_192_64_0p5_0p02_0023_0014" 6048
"../../../Engine/Content/EngineMaterials/Substrate/GLints/dict_16_192_64_0p5_0p02_0022_0000.uasset" 6049
"/Engine/EngineMaterials/Substrate/GLints/dict_16_192_64_0p5_0p02_0021_0015" 6050
"/Engine/EngineMaterials/Substrate/GLints/dict_16_192_64_0p5_0p02_0022_0002" 6051
"../../../Engine/Content/EngineMaterials/Substrate/GLints/dict_16_192_64_0p5_0p02_0021_0013.uasset" 6052
"../../../Engine/Content/EngineMaterials/Substrate/GLints/dict_16_192_64_0p5_0p02_0021_0012.uasset" 6053
"/Engine/EngineMaterials/Substrate/GLints/dict_16_192_64_0p5_0p02_0022_0001" 6054
"/Engine/EngineMaterials/Substrate/GLints/dict_16_192_64_0p5_0p02_0021_0012" 6055
"/Engine/EngineMaterials/Substrate/GLints/dict_16_192_64_0p5_0p02_0022_0000" 6056
"../../../Engine/Content/EngineMaterials/Substrate/GLints/dict_16_192_64_0p5_0p02_0021_0009.uasset" 6057
"/Engine/EngineMaterials/Substrate/GLints/dict_16_192_64_0p5_0p02_0021_0013" 6058
"/Engine/EngineMaterials/Substrate/GLints/dict_16_192_64_0p5_0p02_0021_0009" 6059
"../../../Engine/Content/EngineMaterials/Substrate/GLints/dict_16_192_64_0p5_0p02_0021_0011.uasset" 6060
"/Engine/EngineMaterials/Substrate/GLints/dict_16_192_64_0p5_0p02_0021_0011" 6061
"../../../Engine/Content/EngineMaterials/Substrate/GLints/dict_16_192_64_0p5_0p02_0021_0010.uasset" 6062
"/Engine/EngineMaterials/Substrate/GLints/dict_16_192_64_0p5_0p02_0021_0010" 6063
"../../../Engine/Content/EngineMaterials/Substrate/GLints/dict_16_192_64_0p5_0p02_0021_0014.uasset" 6064
"../../../Engine/Content/EngineMaterials/Substrate/GLints/dict_16_192_64_0p5_0p02_0021_0008.uasset" 6065
"../../../Engine/Content/EngineMaterials/Substrate/GLints/dict_16_192_64_0p5_0p02_0021_0006.uasset" 6066
"/Engine/EngineMaterials/Substrate/GLints/dict_16_192_64_0p5_0p02_0021_0006" 6067
"../../../Engine/Content/EngineMaterials/Substrate/GLints/dict_16_192_64_0p5_0p02_0021_0002.uasset" 6068
"/Engine/EngineMaterials/Substrate/GLints/dict_16_192_64_0p5_0p02_0021_0014" 6069
"../../../Engine/Content/EngineMaterials/Substrate/GLints/dict_16_192_64_0p5_0p02_0021_0004.uasset" 6070
"../../../Engine/Content/EngineMaterials/Substrate/GLints/dict_16_192_64_0p5_0p02_0021_0007.uasset" 6071
"/Engine/EngineMaterials/Substrate/GLints/dict_16_192_64_0p5_0p02_0021_0008" 6072
"../../../Engine/Content/EngineMaterials/Substrate/GLints/dict_16_192_64_0p5_0p02_0021_0003.uasset" 6073
"/Engine/EngineMaterials/Substrate/GLints/dict_16_192_64_0p5_0p02_0021_0007" 6074
"/Engine/EngineMaterials/Substrate/GLints/dict_16_192_64_0p5_0p02_0021_0002" 6075
"/Engine/EngineMaterials/Substrate/GLints/dict_16_192_64_0p5_0p02_0021_0004" 6076
"/Engine/EngineMaterials/Substrate/GLints/dict_16_192_64_0p5_0p02_0021_0003" 6077
"../../../Engine/Content/EngineMaterials/Substrate/GLints/dict_16_192_64_0p5_0p02_0021_0005.uasset" 6078
"../../../Engine/Content/EngineMaterials/Substrate/GLints/dict_16_192_64_0p5_0p02_0021_0000.uasset" 6079
"/Engine/EngineMaterials/Substrate/GLints/dict_16_192_64_0p5_0p02_0021_0005" 6080
"/Engine/EngineMaterials/Substrate/GLints/dict_16_192_64_0p5_0p02_0021_0000" 6081
"../../../Engine/Content/EngineMaterials/Substrate/GLints/dict_16_192_64_0p5_0p02_0020_0015.uasset" 6082
"../../../Engine/Content/EngineMaterials/Substrate/GLints/dict_16_192_64_0p5_0p02_0020_0014.uasset" 6083
"../../../Engine/Content/EngineMaterials/Substrate/GLints/dict_16_192_64_0p5_0p02_0020_0013.uasset" 6084
"../../../Engine/Content/EngineMaterials/Substrate/GLints/dict_16_192_64_0p5_0p02_0021_0001.uasset" 6085
"../../../Engine/Content/EngineMaterials/Substrate/GLints/dict_16_192_64_0p5_0p02_0020_0012.uasset" 6086
"/Engine/EngineMaterials/Substrate/GLints/dict_16_192_64_0p5_0p02_0021_0001" 6087
"/Engine/EngineMaterials/Substrate/GLints/dict_16_192_64_0p5_0p02_0020_0012" 6088
"/Engine/EngineMaterials/Substrate/GLints/dict_16_192_64_0p5_0p02_0020_0015" 6089
"../../../Engine/Content/EngineMaterials/Substrate/GLints/dict_16_192_64_0p5_0p02_0020_0008.uasset" 6090
"../../../Engine/Content/EngineMaterials/Substrate/GLints/dict_16_192_64_0p5_0p02_0020_0011.uasset" 6091
"../../../Engine/Content/EngineMaterials/Substrate/GLints/dict_16_192_64_0p5_0p02_0020_0009.uasset" 6092
"../../../Engine/Content/EngineMaterials/Substrate/GLints/dict_16_192_64_0p5_0p02_0020_0010.uasset" 6093
"/Engine/EngineMaterials/Substrate/GLints/dict_16_192_64_0p5_0p02_0020_0013" 6094
"../../../Engine/Content/EngineMaterials/Substrate/GLints/dict_16_192_64_0p5_0p02_0020_0007.uasset" 6095
"/Engine/EngineMaterials/Substrate/GLints/dict_16_192_64_0p5_0p02_0020_0014" 6096
"/Engine/EngineMaterials/Substrate/GLints/dict_16_192_64_0p5_0p02_0020_0009" 6097
"/Engine/EngineMaterials/Substrate/GLints/dict_16_192_64_0p5_0p02_0020_0007" 6098
"../../../Engine/Content/EngineMaterials/Substrate/GLints/dict_16_192_64_0p5_0p02_0020_0006.uasset" 6099
"/Engine/EngineMaterials/Substrate/GLints/dict_16_192_64_0p5_0p02_0020_0010" 6100
"/Engine/EngineMaterials/Substrate/GLints/dict_16_192_64_0p5_0p02_0020_0008" 6101
"/Engine/EngineMaterials/Substrate/GLints/dict_16_192_64_0p5_0p02_0020_0011" 6102
"../../../Engine/Content/EngineMaterials/Substrate/GLints/dict_16_192_64_0p5_0p02_0020_0004.uasset" 6103
"/Engine/EngineMaterials/Substrate/GLints/dict_16_192_64_0p5_0p02_0020_0004" 6104
"/Engine/EngineMaterials/Substrate/GLints/dict_16_192_64_0p5_0p02_0020_0006" 6105
"../../../Engine/Content/EngineMaterials/Substrate/GLints/dict_16_192_64_0p5_0p02_0020_0000.uasset" 6106
"../../../Engine/Content/EngineMaterials/Substrate/GLints/dict_16_192_64_0p5_0p02_0020_0002.uasset" 6107
"../../../Engine/Content/EngineMaterials/Substrate/GLints/dict_16_192_64_0p5_0p02_0020_0001.uasset" 6108
"../../../Engine/Content/EngineMaterials/Substrate/GLints/dict_16_192_64_0p5_0p02_0020_0003.uasset" 6109
"../../../Engine/Content/EngineMaterials/Substrate/GLints/dict_16_192_64_0p5_0p02_0019_0015.uasset" 6110
"/Engine/EngineMaterials/Substrate/GLints/dict_16_192_64_0p5_0p02_0020_0000" 6111
"/Engine/EngineMaterials/Substrate/GLints/dict_16_192_64_0p5_0p02_0020_0001" 6112
"../../../Engine/Content/EngineMaterials/Substrate/GLints/dict_16_192_64_0p5_0p02_0019_0014.uasset" 6113
"/Engine/EngineMaterials/Substrate/GLints/dict_16_192_64_0p5_0p02_0019_0015" 6114
"/Engine/EngineMaterials/Substrate/GLints/dict_16_192_64_0p5_0p02_0020_0002" 6115
"/Engine/EngineMaterials/Substrate/GLints/dict_16_192_64_0p5_0p02_0020_0003" 6116
"../../../Engine/Content/EngineMaterials/Substrate/GLints/dict_16_192_64_0p5_0p02_0019_0013.uasset" 6117
"/Engine/EngineMaterials/Substrate/GLints/dict_16_192_64_0p5_0p02_0019_0013" 6118
"../../../Engine/Content/EngineMaterials/Substrate/GLints/dict_16_192_64_0p5_0p02_0019_0012.uasset" 6119
"/Engine/EngineMaterials/Substrate/GLints/dict_16_192_64_0p5_0p02_0019_0014" 6120
"../../../Engine/Content/EngineMaterials/Substrate/GLints/dict_16_192_64_0p5_0p02_0019_0010.uasset" 6121
"/Engine/EngineMaterials/Substrate/GLints/dict_16_192_64_0p5_0p02_0019_0012" 6122
"/Engine/EngineMaterials/Substrate/GLints/dict_16_192_64_0p5_0p02_0019_0010" 6123
"../../../Engine/Content/EngineMaterials/Substrate/GLints/dict_16_192_64_0p5_0p02_0019_0011.uasset" 6124
"../../../Engine/Content/EngineMaterials/Substrate/GLints/dict_16_192_64_0p5_0p02_0019_0008.uasset" 6125
"../../../Engine/Content/EngineMaterials/Substrate/GLints/dict_16_192_64_0p5_0p02_0020_0005.uasset" 6126
"../../../Engine/Content/EngineMaterials/Substrate/GLints/dict_16_192_64_0p5_0p02_0019_0006.uasset" 6127
"/Engine/EngineMaterials/Substrate/GLints/dict_16_192_64_0p5_0p02_0019_0008" 6128
"../../../Engine/Content/EngineMaterials/Substrate/GLints/dict_16_192_64_0p5_0p02_0019_0004.uasset" 6129
"../../../Engine/Content/EngineMaterials/Substrate/GLints/dict_16_192_64_0p5_0p02_0019_0007.uasset" 6130
"/Engine/EngineMaterials/Substrate/GLints/dict_16_192_64_0p5_0p02_0019_0011" 6131
"../../../Engine/Content/EngineMaterials/Substrate/GLints/dict_16_192_64_0p5_0p02_0019_0009.uasset" 6132
"/Engine/EngineMaterials/Substrate/GLints/dict_16_192_64_0p5_0p02_0020_0005" 6133
"../../../Engine/Content/EngineMaterials/Substrate/GLints/dict_16_192_64_0p5_0p02_0019_0005.uasset" 6134
"/Engine/EngineMaterials/Substrate/GLints/dict_16_192_64_0p5_0p02_0019_0007" 6135
"../../../Engine/Content/EngineMaterials/Substrate/GLints/dict_16_192_64_0p5_0p02_0019_0003.uasset" 6136
"../../../Engine/Content/EngineMaterials/Substrate/GLints/dict_16_192_64_0p5_0p02_0019_0002.uasset" 6137
"/Engine/EngineMaterials/Substrate/GLints/dict_16_192_64_0p5_0p02_0019_0004" 6138
"/Engine/EngineMaterials/Substrate/GLints/dict_16_192_64_0p5_0p02_0019_0005" 6139
"/Engine/EngineMaterials/Substrate/GLints/dict_16_192_64_0p5_0p02_0019_0009" 6140
"../../../Engine/Content/EngineMaterials/Substrate/GLints/dict_16_192_64_0p5_0p02_0019_0001.uasset" 6141
"/Engine/EngineMaterials/Substrate/GLints/dict_16_192_64_0p5_0p02_0019_0006" 6142
"/Engine/EngineMaterials/Substrate/GLints/dict_16_192_64_0p5_0p02_0019_0002" 6143
"../../../Engine/Content/EngineMaterials/Substrate/GLints/dict_16_192_64_0p5_0p02_0018_0015.uasset" 6144
"../../../Engine/Content/EngineMaterials/Substrate/GLints/dict_16_192_64_0p5_0p02_0018_0011.uasset" 6145
"/Engine/EngineMaterials/Substrate/GLints/dict_16_192_64_0p5_0p02_0019_0003" 6146
"../../../Engine/Content/EngineMaterials/Substrate/GLints/dict_16_192_64_0p5_0p02_0019_0000.uasset" 6147
"/Engine/EngineMaterials/Substrate/GLints/dict_16_192_64_0p5_0p02_0019_0001" 6148
"../../../Engine/Content/EngineMaterials/Substrate/GLints/dict_16_192_64_0p5_0p02_0018_0013.uasset" 6149
"/Engine/EngineMaterials/Substrate/GLints/dict_16_192_64_0p5_0p02_0018_0013" 6150
"/Engine/EngineMaterials/Substrate/GLints/dict_16_192_64_0p5_0p02_0018_0015" 6151
"../../../Engine/Content/EngineMaterials/Substrate/GLints/dict_16_192_64_0p5_0p02_0018_0010.uasset" 6152
"/Engine/EngineMaterials/Substrate/GLints/dict_16_192_64_0p5_0p02_0019_0000" 6153
"../../../Engine/Content/EngineMaterials/Substrate/GLints/dict_16_192_64_0p5_0p02_0018_0012.uasset" 6154
"/Engine/EngineMaterials/Substrate/GLints/dict_16_192_64_0p5_0p02_0018_0011" 6155
"/Engine/EngineMaterials/Substrate/GLints/dict_16_192_64_0p5_0p02_0018_0012" 6156
"/Engine/EngineMaterials/Substrate/GLints/dict_16_192_64_0p5_0p02_0018_0010" 6157
"../../../Engine/Content/EngineMaterials/Substrate/GLints/dict_16_192_64_0p5_0p02_0018_0014.uasset" 6158
"../../../Engine/Content/EngineMaterials/Substrate/GLints/dict_16_192_64_0p5_0p02_0018_0008.uasset" 6159
"../../../Engine/Content/EngineMaterials/Substrate/GLints/dict_16_192_64_0p5_0p02_0018_0007.uasset" 6160
"/Engine/EngineMaterials/Substrate/GLints/dict_16_192_64_0p5_0p02_0018_0007" 6161
"../../../Engine/Content/EngineMaterials/Substrate/GLints/dict_16_192_64_0p5_0p02_0018_0005.uasset" 6162
"/Engine/EngineMaterials/Substrate/GLints/dict_16_192_64_0p5_0p02_0018_0008" 6163
"../../../Engine/Content/EngineMaterials/Substrate/GLints/dict_16_192_64_0p5_0p02_0018_0006.uasset" 6164
"/Engine/EngineMaterials/Substrate/GLints/dict_16_192_64_0p5_0p02_0018_0014" 6165
"/Engine/EngineMaterials/Substrate/GLints/dict_16_192_64_0p5_0p02_0018_0005" 6166
"../../../Engine/Content/EngineMaterials/Substrate/GLints/dict_16_192_64_0p5_0p02_0018_0004.uasset" 6167
"../../../Engine/Content/EngineMaterials/Substrate/GLints/dict_16_192_64_0p5_0p02_0018_0009.uasset" 6168
"/Engine/EngineMaterials/Substrate/GLints/dict_16_192_64_0p5_0p02_0018_0006" 6169
"/Engine/EngineMaterials/Substrate/GLints/dict_16_192_64_0p5_0p02_0018_0009" 6170
"../../../Engine/Content/EngineMaterials/Substrate/GLints/dict_16_192_64_0p5_0p02_0018_0000.uasset" 6171
"/Engine/EngineMaterials/Substrate/GLints/dict_16_192_64_0p5_0p02_0018_0004" 6172
"../../../Engine/Content/EngineMaterials/Substrate/GLints/dict_16_192_64_0p5_0p02_0017_0014.uasset" 6173
"../../../Engine/Content/EngineMaterials/Substrate/GLints/dict_16_192_64_0p5_0p02_0018_0001.uasset" 6174
"../../../Engine/Content/EngineMaterials/Substrate/GLints/dict_16_192_64_0p5_0p02_0018_0002.uasset" 6175
"/Engine/EngineMaterials/Substrate/GLints/dict_16_192_64_0p5_0p02_0018_0000" 6176
"../../../Engine/Content/EngineMaterials/Substrate/GLints/dict_16_192_64_0p5_0p02_0018_0003.uasset" 6177
"/Engine/EngineMaterials/Substrate/GLints/dict_16_192_64_0p5_0p02_0018_0001" 6178
"../../../Engine/Content/EngineMaterials/Substrate/GLints/dict_16_192_64_0p5_0p02_0017_0015.uasset" 6179
"/Engine/EngineMaterials/Substrate/GLints/dict_16_192_64_0p5_0p02_0017_0014" 6180
"/Engine/EngineMaterials/Substrate/GLints/dict_16_192_64_0p5_0p02_0017_0015" 6181
"/Engine/EngineMaterials/Substrate/GLints/dict_16_192_64_0p5_0p02_0018_0002" 6182
"/Engine/EngineMaterials/Substrate/GLints/dict_16_192_64_0p5_0p02_0018_0003" 6183
"../../../Engine/Content/EngineMaterials/Substrate/GLints/dict_16_192_64_0p5_0p02_0017_0012.uasset" 6184
"../../../Engine/Content/EngineMaterials/Substrate/GLints/dict_16_192_64_0p5_0p02_0017_0013.uasset" 6185
"../../../Engine/Content/EngineMaterials/Substrate/GLints/dict_16_192_64_0p5_0p02_0017_0011.uasset" 6186
"../../../Engine/Content/EngineMaterials/Substrate/GLints/dict_16_192_64_0p5_0p02_0017_0009.uasset" 6187
"../../../Engine/Content/EngineMaterials/Substrate/GLints/dict_16_192_64_0p5_0p02_0017_0007.uasset" 6188
"../../../Engine/Content/EngineMaterials/Substrate/GLints/dict_16_192_64_0p5_0p02_0017_0008.uasset" 6189
"/Engine/EngineMaterials/Substrate/GLints/dict_16_192_64_0p5_0p02_0017_0009" 6190
"/Engine/EngineMaterials/Substrate/GLints/dict_16_192_64_0p5_0p02_0017_0012" 6191
"/Engine/EngineMaterials/Substrate/GLints/dict_16_192_64_0p5_0p02_0017_0007" 6192
"/Engine/EngineMaterials/Substrate/GLints/dict_16_192_64_0p5_0p02_0017_0011" 6193
"/Engine/EngineMaterials/Substrate/GLints/dict_16_192_64_0p5_0p02_0017_0013" 6194
"../../../Engine/Content/EngineMaterials/Substrate/GLints/dict_16_192_64_0p5_0p02_0017_0006.uasset" 6195
"../../../Engine/Content/EngineMaterials/Substrate/GLints/dict_16_192_64_0p5_0p02_0017_0010.uasset" 6196
"../../../Engine/Content/EngineMaterials/Substrate/GLints/dict_16_192_64_0p5_0p02_0017_0005.uasset" 6197
"../../../Engine/Content/EngineMaterials/Substrate/GLints/dict_16_192_64_0p5_0p02_0017_0004.uasset" 6198
"/Engine/EngineMaterials/Substrate/GLints/dict_16_192_64_0p5_0p02_0017_0004" 6199
"/Engine/EngineMaterials/Substrate/GLints/dict_16_192_64_0p5_0p02_0017_0010" 6200
"../../../Engine/Content/EngineMaterials/Substrate/GLints/dict_16_192_64_0p5_0p02_0017_0003.uasset" 6201
"/Engine/EngineMaterials/Substrate/GLints/dict_16_192_64_0p5_0p02_0017_0005" 6202
"../../../Engine/Content/EngineMaterials/Substrate/GLints/dict_16_192_64_0p5_0p02_0017_0000.uasset" 6203
"/Engine/EngineMaterials/Substrate/GLints/dict_16_192_64_0p5_0p02_0017_0006" 6204
"../../../Engine/Content/EngineMaterials/Substrate/GLints/dict_16_192_64_0p5_0p02_0017_0001.uasset" 6205
"/Engine/EngineMaterials/Substrate/GLints/dict_16_192_64_0p5_0p02_0017_0008" 6206
"../../../Engine/Content/EngineMaterials/Substrate/GLints/dict_16_192_64_0p5_0p02_0016_0014.uasset" 6207
"/Engine/EngineMaterials/Substrate/GLints/dict_16_192_64_0p5_0p02_0017_0003" 6208
"/Engine/EngineMaterials/Substrate/GLints/dict_16_192_64_0p5_0p02_0016_0014" 6209
"../../../Engine/Content/EngineMaterials/Substrate/GLints/dict_16_192_64_0p5_0p02_0016_0012.uasset" 6210
"/Engine/EngineMaterials/Substrate/GLints/dict_16_192_64_0p5_0p02_0017_0000" 6211
"../../../Engine/Content/EngineMaterials/Substrate/GLints/dict_16_192_64_0p5_0p02_0016_0013.uasset" 6212
"/Engine/EngineMaterials/Substrate/GLints/dict_16_192_64_0p5_0p02_0017_0001" 6213
"/Engine/EngineMaterials/Substrate/GLints/dict_16_192_64_0p5_0p02_0016_0013" 6214
"/Engine/EngineMaterials/Substrate/GLints/dict_16_192_64_0p5_0p02_0016_0012" 6215
"../../../Engine/Content/EngineMaterials/Substrate/GLints/dict_16_192_64_0p5_0p02_0016_0015.uasset" 6216
"../../../Engine/Content/EngineMaterials/Substrate/GLints/dict_16_192_64_0p5_0p02_0016_0008.uasset" 6217
"../../../Engine/Content/EngineMaterials/Substrate/GLints/dict_16_192_64_0p5_0p02_0016_0010.uasset" 6218
"../../../Engine/Content/EngineMaterials/Substrate/GLints/dict_16_192_64_0p5_0p02_0016_0009.uasset" 6219
"../../../Engine/Content/EngineMaterials/Substrate/GLints/dict_16_192_64_0p5_0p02_0016_0005.uasset" 6220
"../../../Engine/Content/EngineMaterials/Substrate/GLints/dict_16_192_64_0p5_0p02_0016_0006.uasset" 6221
"/Engine/EngineMaterials/Substrate/GLints/dict_16_192_64_0p5_0p02_0016_0008" 6222
"/Engine/EngineMaterials/Substrate/GLints/dict_16_192_64_0p5_0p02_0016_0009" 6223
"../../../Engine/Content/EngineMaterials/Substrate/GLints/dict_16_192_64_0p5_0p02_0016_0011.uasset" 6224
"../../../Engine/Content/EngineMaterials/Substrate/GLints/dict_16_192_64_0p5_0p02_0016_0007.uasset" 6225
"/Engine/EngineMaterials/Substrate/GLints/dict_16_192_64_0p5_0p02_0016_0010" 6226
"../../../Engine/Content/EngineMaterials/Substrate/GLints/dict_16_192_64_0p5_0p02_0017_0002.uasset" 6227
"/Engine/EngineMaterials/Substrate/GLints/dict_16_192_64_0p5_0p02_0016_0015" 6228
"../../../Engine/Content/EngineMaterials/Substrate/GLints/dict_16_192_64_0p5_0p02_0016_0003.uasset" 6229
"../../../Engine/Content/EngineMaterials/Substrate/GLints/dict_16_192_64_0p5_0p02_0016_0002.uasset" 6230
"/Engine/EngineMaterials/Substrate/GLints/dict_16_192_64_0p5_0p02_0016_0005" 6231
"/Engine/EngineMaterials/Substrate/GLints/dict_16_192_64_0p5_0p02_0017_0002" 6232
"/Engine/EngineMaterials/Substrate/GLints/dict_16_192_64_0p5_0p02_0016_0006" 6233
"/Engine/EngineMaterials/Substrate/GLints/dict_16_192_64_0p5_0p02_0016_0011" 6234
"../../../Engine/Content/EngineMaterials/Substrate/GLints/dict_16_192_64_0p5_0p02_0016_0004.uasset" 6235
"/Engine/EngineMaterials/Substrate/GLints/dict_16_192_64_0p5_0p02_0016_0007" 6236
"/Engine/EngineMaterials/Substrate/GLints/dict_16_192_64_0p5_0p02_0016_0002" 6237
"../../../Engine/Content/EngineMaterials/Substrate/GLints/dict_16_192_64_0p5_0p02_0016_0001.uasset" 6238
"/Engine/EngineMaterials/Substrate/GLints/dict_16_192_64_0p5_0p02_0016_0003" 6239
"/Engine/EngineMaterials/Substrate/GLints/dict_16_192_64_0p5_0p02_0016_0004" 6240
"/Engine/EngineMaterials/Substrate/GLints/dict_16_192_64_0p5_0p02_0016_0001" 6241
"../../../Engine/Content/EngineMaterials/Substrate/GLints/dict_16_192_64_0p5_0p02_0016_0000.uasset" 6242
"../../../Engine/Content/EngineMaterials/Substrate/GLints/dict_16_192_64_0p5_0p02_0015_0012.uasset" 6243
"../../../Engine/Content/EngineMaterials/Substrate/GLints/dict_16_192_64_0p5_0p02_0015_0011.uasset" 6244
"../../../Engine/Content/EngineMaterials/Substrate/GLints/dict_16_192_64_0p5_0p02_0015_0014.uasset" 6245
"../../../Engine/Content/EngineMaterials/Substrate/GLints/dict_16_192_64_0p5_0p02_0015_0015.uasset" 6246
"/Engine/EngineMaterials/Substrate/GLints/dict_16_192_64_0p5_0p02_0015_0011" 6247
"/Engine/EngineMaterials/Substrate/GLints/dict_16_192_64_0p5_0p02_0015_0014" 6248
"/Engine/EngineMaterials/Substrate/GLints/dict_16_192_64_0p5_0p02_0015_0012" 6249
"/Engine/EngineMaterials/Substrate/GLints/dict_16_192_64_0p5_0p02_0016_0000" 6250
"/Engine/EngineMaterials/Substrate/GLints/dict_16_192_64_0p5_0p02_0015_0015" 6251
"../../../Engine/Content/EngineMaterials/Substrate/GLints/dict_16_192_64_0p5_0p02_0015_0005.uasset" 6252
"../../../Engine/Content/EngineMaterials/Substrate/GLints/dict_16_192_64_0p5_0p02_0015_0007.uasset" 6253
"../../../Engine/Content/EngineMaterials/Substrate/GLints/dict_16_192_64_0p5_0p02_0015_0013.uasset" 6254
"../../../Engine/Content/EngineMaterials/Substrate/GLints/dict_16_192_64_0p5_0p02_0015_0009.uasset" 6255
"../../../Engine/Content/EngineMaterials/Substrate/GLints/dict_16_192_64_0p5_0p02_0015_0004.uasset" 6256
"/Engine/EngineMaterials/Substrate/GLints/dict_16_192_64_0p5_0p02_0015_0009" 6257
"/Engine/EngineMaterials/Substrate/GLints/dict_16_192_64_0p5_0p02_0015_0005" 6258
"../../../Engine/Content/EngineMaterials/Substrate/GLints/dict_16_192_64_0p5_0p02_0015_0008.uasset" 6259
"../../../Engine/Content/EngineMaterials/Substrate/GLints/dict_16_192_64_0p5_0p02_0015_0002.uasset" 6260
"../../../Engine/Content/EngineMaterials/Substrate/GLints/dict_16_192_64_0p5_0p02_0015_0001.uasset" 6261
"/Engine/EngineMaterials/Substrate/GLints/dict_16_192_64_0p5_0p02_0015_0007" 6262
"/Engine/EngineMaterials/Substrate/GLints/dict_16_192_64_0p5_0p02_0015_0013" 6263
"../../../Engine/Content/EngineMaterials/Substrate/GLints/dict_16_192_64_0p5_0p02_0015_0003.uasset" 6264
"/Engine/EngineMaterials/Substrate/GLints/dict_16_192_64_0p5_0p02_0015_0004" 6265
"/Engine/EngineMaterials/Substrate/GLints/dict_16_192_64_0p5_0p02_0015_0001" 6266
"/Engine/EngineMaterials/Substrate/GLints/dict_16_192_64_0p5_0p02_0015_0002" 6267
"/Engine/EngineMaterials/Substrate/GLints/dict_16_192_64_0p5_0p02_0015_0008" 6268
"/Engine/EngineMaterials/Substrate/GLints/dict_16_192_64_0p5_0p02_0015_0003" 6269
"../../../Engine/Content/EngineMaterials/Substrate/GLints/dict_16_192_64_0p5_0p02_0015_0006.uasset" 6270
"/Engine/EngineMaterials/Substrate/GLints/dict_16_192_64_0p5_0p02_0015_0006" 6271
"../../../Engine/Content/EngineMaterials/Substrate/GLints/dict_16_192_64_0p5_0p02_0014_0015.uasset" 6272
"../../../Engine/Content/EngineMaterials/Substrate/GLints/dict_16_192_64_0p5_0p02_0014_0012.uasset" 6273
"../../../Engine/Content/EngineMaterials/Substrate/GLints/dict_16_192_64_0p5_0p02_0014_0013.uasset" 6274
"../../../Engine/Content/EngineMaterials/Substrate/GLints/dict_16_192_64_0p5_0p02_0014_0011.uasset" 6275
"../../../Engine/Content/EngineMaterials/Substrate/GLints/dict_16_192_64_0p5_0p02_0014_0010.uasset" 6276
"/Engine/EngineMaterials/Substrate/GLints/dict_16_192_64_0p5_0p02_0014_0015" 6277
"../../../Engine/Content/EngineMaterials/Substrate/GLints/dict_16_192_64_0p5_0p02_0014_0008.uasset" 6278
"../../../Engine/Content/EngineMaterials/Substrate/GLints/dict_16_192_64_0p5_0p02_0014_0007.uasset" 6279
"../../../Engine/Content/EngineMaterials/Substrate/GLints/dict_16_192_64_0p5_0p02_0014_0005.uasset" 6280
"../../../Engine/Content/EngineMaterials/Substrate/GLints/dict_16_192_64_0p5_0p02_0015_0000.uasset" 6281
"/Engine/EngineMaterials/Substrate/GLints/dict_16_192_64_0p5_0p02_0014_0010" 6282
"/Engine/EngineMaterials/Substrate/GLints/dict_16_192_64_0p5_0p02_0014_0011" 6283
"/Engine/EngineMaterials/Substrate/GLints/dict_16_192_64_0p5_0p02_0014_0012" 6284
"/Engine/EngineMaterials/Substrate/GLints/dict_16_192_64_0p5_0p02_0014_0013" 6285
"/Engine/EngineMaterials/Substrate/GLints/dict_16_192_64_0p5_0p02_0014_0005" 6286
"/Engine/EngineMaterials/Substrate/GLints/dict_16_192_64_0p5_0p02_0014_0007" 6287
"/Engine/EngineMaterials/Substrate/GLints/dict_16_192_64_0p5_0p02_0015_0000" 6288
"/Engine/EngineMaterials/Substrate/GLints/dict_16_192_64_0p5_0p02_0014_0008" 6289
"../../../Engine/Content/EngineMaterials/Substrate/GLints/dict_16_192_64_0p5_0p02_0014_0001.uasset" 6290
"../../../Engine/Content/EngineMaterials/Substrate/GLints/dict_16_192_64_0p5_0p02_0014_0003.uasset" 6291
"../../../Engine/Content/EngineMaterials/Substrate/GLints/dict_16_192_64_0p5_0p02_0014_0002.uasset" 6292
"../../../Engine/Content/EngineMaterials/Substrate/GLints/dict_16_192_64_0p5_0p02_0014_0009.uasset" 6293
"/Engine/EngineMaterials/Substrate/GLints/dict_16_192_64_0p5_0p02_0014_0003" 6294
"../../../Engine/Content/EngineMaterials/Substrate/GLints/dict_16_192_64_0p5_0p02_0014_0014.uasset" 6295
"/Engine/EngineMaterials/Substrate/GLints/dict_16_192_64_0p5_0p02_0014_0009" 6296
"/Engine/EngineMaterials/Substrate/GLints/dict_16_192_64_0p5_0p02_0014_0001" 6297
"/Engine/EngineMaterials/Substrate/GLints/dict_16_192_64_0p5_0p02_0014_0002" 6298
"../../../Engine/Content/EngineMaterials/Substrate/GLints/dict_16_192_64_0p5_0p02_0014_0000.uasset" 6299
"../../../Engine/Content/EngineMaterials/Substrate/GLints/dict_16_192_64_0p5_0p02_0014_0004.uasset" 6300
"../../../Engine/Content/EngineMaterials/Substrate/GLints/dict_16_192_64_0p5_0p02_0014_0006.uasset" 6301
"/Engine/EngineMaterials/Substrate/GLints/dict_16_192_64_0p5_0p02_0014_0004" 6302
"../../../Engine/Content/EngineMaterials/Substrate/GLints/dict_16_192_64_0p5_0p02_0013_0014.uasset" 6303
"../../../Engine/Content/EngineMaterials/Substrate/GLints/dict_16_192_64_0p5_0p02_0013_0013.uasset" 6304
"/Engine/EngineMaterials/Substrate/GLints/dict_16_192_64_0p5_0p02_0014_0006" 6305
"/Engine/EngineMaterials/Substrate/GLints/dict_16_192_64_0p5_0p02_0014_0000" 6306
"../../../Engine/Content/EngineMaterials/Substrate/GLints/dict_16_192_64_0p5_0p02_0013_0012.uasset" 6307
"/Engine/EngineMaterials/Substrate/GLints/dict_16_192_64_0p5_0p02_0014_0014" 6308
"../../../Engine/Content/EngineMaterials/Substrate/GLints/dict_16_192_64_0p5_0p02_0013_0015.uasset" 6309
"/Engine/EngineMaterials/Substrate/GLints/dict_16_192_64_0p5_0p02_0013_0013" 6310
"/Engine/EngineMaterials/Substrate/GLints/dict_16_192_64_0p5_0p02_0013_0014" 6311
"/Engine/EngineMaterials/Substrate/GLints/dict_16_192_64_0p5_0p02_0013_0012" 6312
"/Engine/EngineMaterials/Substrate/GLints/dict_16_192_64_0p5_0p02_0013_0015" 6313
"../../../Engine/Content/EngineMaterials/Substrate/GLints/dict_16_192_64_0p5_0p02_0013_0011.uasset" 6314
"../../../Engine/Content/EngineMaterials/Substrate/GLints/dict_16_192_64_0p5_0p02_0013_0007.uasset" 6315
"../../../Engine/Content/EngineMaterials/Substrate/GLints/dict_16_192_64_0p5_0p02_0013_0008.uasset" 6316
"../../../Engine/Content/EngineMaterials/Substrate/GLints/dict_16_192_64_0p5_0p02_0015_0010.uasset" 6317
"../../../Engine/Content/EngineMaterials/Substrate/GLints/dict_16_192_64_0p5_0p02_0013_0009.uasset" 6318
"../../../Engine/Content/EngineMaterials/Substrate/GLints/dict_16_192_64_0p5_0p02_0013_0005.uasset" 6319
"../../../Engine/Content/EngineMaterials/Substrate/GLints/dict_16_192_64_0p5_0p02_0013_0006.uasset" 6320
"/Engine/EngineMaterials/Substrate/GLints/dict_16_192_64_0p5_0p02_0013_0008" 6321
"/Engine/EngineMaterials/Substrate/GLints/dict_16_192_64_0p5_0p02_0013_0009" 6322
"/Engine/EngineMaterials/Substrate/GLints/dict_16_192_64_0p5_0p02_0015_0010" 6323
"/Engine/EngineMaterials/Substrate/GLints/dict_16_192_64_0p5_0p02_0013_0005" 6324
"../../../Engine/Content/EngineMaterials/Substrate/GLints/dict_16_192_64_0p5_0p02_0013_0003.uasset" 6325
"/Engine/EngineMaterials/Substrate/GLints/dict_16_192_64_0p5_0p02_0013_0011" 6326
"../../../Engine/Content/EngineMaterials/Substrate/GLints/dict_16_192_64_0p5_0p02_0013_0004.uasset" 6327
"/Engine/EngineMaterials/Substrate/GLints/dict_16_192_64_0p5_0p02_0013_0007" 6328
"/Engine/EngineMaterials/Substrate/GLints/dict_16_192_64_0p5_0p02_0013_0004" 6329
"../../../Engine/Content/EngineMaterials/Substrate/GLints/dict_16_192_64_0p5_0p02_0012_0014.uasset" 6330
"../../../Engine/Content/EngineMaterials/Substrate/GLints/dict_16_192_64_0p5_0p02_0013_0000.uasset" 6331
"../../../Engine/Content/EngineMaterials/Substrate/GLints/dict_16_192_64_0p5_0p02_0013_0001.uasset" 6332
"/Engine/EngineMaterials/Substrate/GLints/dict_16_192_64_0p5_0p02_0013_0006" 6333
"../../../Engine/Content/EngineMaterials/Substrate/GLints/dict_16_192_64_0p5_0p02_0012_0015.uasset" 6334
"/Engine/EngineMaterials/Substrate/GLints/dict_16_192_64_0p5_0p02_0013_0003" 6335
"/Engine/EngineMaterials/Substrate/GLints/dict_16_192_64_0p5_0p02_0012_0014" 6336
"/Engine/EngineMaterials/Substrate/GLints/dict_16_192_64_0p5_0p02_0012_0015" 6337
"/Engine/EngineMaterials/Substrate/GLints/dict_16_192_64_0p5_0p02_0013_0000" 6338
"/Engine/EngineMaterials/Substrate/GLints/dict_16_192_64_0p5_0p02_0013_0001" 6339
"../../../Engine/Content/EngineMaterials/Substrate/GLints/dict_16_192_64_0p5_0p02_0012_0012.uasset" 6340
"../../../Engine/Content/EngineMaterials/Substrate/GLints/dict_16_192_64_0p5_0p02_0012_0008.uasset" 6341
"../../../Engine/Content/EngineMaterials/Substrate/GLints/dict_16_192_64_0p5_0p02_0012_0010.uasset" 6342
"../../../Engine/Content/EngineMaterials/Substrate/GLints/dict_16_192_64_0p5_0p02_0012_0009.uasset" 6343
"../../../Engine/Content/EngineMaterials/Substrate/GLints/dict_16_192_64_0p5_0p02_0013_0002.uasset" 6344
"../../../Engine/Content/EngineMaterials/Substrate/GLints/dict_16_192_64_0p5_0p02_0012_0013.uasset" 6345
"../../../Engine/Content/EngineMaterials/Substrate/GLints/dict_16_192_64_0p5_0p02_0012_0007.uasset" 6346
"/Engine/EngineMaterials/Substrate/GLints/dict_16_192_64_0p5_0p02_0012_0009" 6347
"/Engine/EngineMaterials/Substrate/GLints/dict_16_192_64_0p5_0p02_0012_0013" 6348
"/Engine/EngineMaterials/Substrate/GLints/dict_16_192_64_0p5_0p02_0012_0007" 6349
"/Engine/EngineMaterials/Substrate/GLints/dict_16_192_64_0p5_0p02_0013_0002" 6350
"/Engine/EngineMaterials/Substrate/GLints/dict_16_192_64_0p5_0p02_0012_0010" 6351
"/Engine/EngineMaterials/Substrate/GLints/dict_16_192_64_0p5_0p02_0012_0012" 6352
"../../../Engine/Content/EngineMaterials/Substrate/GLints/dict_16_192_64_0p5_0p02_0012_0003.uasset" 6353
"../../../Engine/Content/EngineMaterials/Substrate/GLints/dict_16_192_64_0p5_0p02_0012_0005.uasset" 6354
"../../../Engine/Content/EngineMaterials/Substrate/GLints/dict_16_192_64_0p5_0p02_0013_0010.uasset" 6355
"../../../Engine/Content/EngineMaterials/Substrate/GLints/dict_16_192_64_0p5_0p02_0012_0006.uasset" 6356
"../../../Engine/Content/EngineMaterials/Substrate/GLints/dict_16_192_64_0p5_0p02_0012_0004.uasset" 6357
"/Engine/EngineMaterials/Substrate/GLints/dict_16_192_64_0p5_0p02_0012_0008" 6358
"../../../Engine/Content/EngineMaterials/Substrate/GLints/dict_16_192_64_0p5_0p02_0012_0001.uasset" 6359
"../../../Engine/Content/EngineMaterials/Substrate/GLints/dict_16_192_64_0p5_0p02_0012_0000.uasset" 6360
"/Engine/EngineMaterials/Substrate/GLints/dict_16_192_64_0p5_0p02_0012_0005" 6361
"/Engine/EngineMaterials/Substrate/GLints/dict_16_192_64_0p5_0p02_0012_0006" 6362
"/Engine/EngineMaterials/Substrate/GLints/dict_16_192_64_0p5_0p02_0013_0010" 6363
"/Engine/EngineMaterials/Substrate/GLints/dict_16_192_64_0p5_0p02_0012_0003" 6364
"../../../Engine/Content/EngineMaterials/Substrate/GLints/dict_16_192_64_0p5_0p02_0011_0012.uasset" 6365
"/Engine/EngineMaterials/Substrate/GLints/dict_16_192_64_0p5_0p02_0012_0001" 6366
"../../../Engine/Content/EngineMaterials/Substrate/GLints/dict_16_192_64_0p5_0p02_0011_0011.uasset" 6367
"../../../Engine/Content/EngineMaterials/Substrate/GLints/dict_16_192_64_0p5_0p02_0011_0014.uasset" 6368
"/Engine/EngineMaterials/Substrate/GLints/dict_16_192_64_0p5_0p02_0012_0004" 6369
"/Engine/EngineMaterials/Substrate/GLints/dict_16_192_64_0p5_0p02_0011_0014" 6370
"../../../Engine/Content/EngineMaterials/Substrate/GLints/dict_16_192_64_0p5_0p02_0011_0013.uasset" 6371
"/Engine/EngineMaterials/Substrate/GLints/dict_16_192_64_0p5_0p02_0012_0000" 6372
"/Engine/EngineMaterials/Substrate/GLints/dict_16_192_64_0p5_0p02_0011_0011" 6373
"/Engine/EngineMaterials/Substrate/GLints/dict_16_192_64_0p5_0p02_0011_0012" 6374
"../../../Engine/Content/EngineMaterials/Substrate/GLints/dict_16_192_64_0p5_0p02_0011_0015.uasset" 6375
"/Engine/EngineMaterials/Substrate/GLints/dict_16_192_64_0p5_0p02_0011_0013" 6376
"../../../Engine/Content/EngineMaterials/Substrate/GLints/dict_16_192_64_0p5_0p02_0011_0010.uasset" 6377
"/Engine/EngineMaterials/Substrate/GLints/dict_16_192_64_0p5_0p02_0011_0010" 6378
"../../../Engine/Content/EngineMaterials/Substrate/GLints/dict_16_192_64_0p5_0p02_0011_0007.uasset" 6379
"../../../Engine/Content/EngineMaterials/Substrate/GLints/dict_16_192_64_0p5_0p02_0011_0006.uasset" 6380
"/Engine/EngineMaterials/Substrate/GLints/dict_16_192_64_0p5_0p02_0011_0015" 6381
"../../../Engine/Content/EngineMaterials/Substrate/GLints/dict_16_192_64_0p5_0p02_0012_0011.uasset" 6382
"../../../Engine/Content/EngineMaterials/Substrate/GLints/dict_16_192_64_0p5_0p02_0011_0005.uasset" 6383
"../../../Engine/Content/EngineMaterials/Substrate/GLints/dict_16_192_64_0p5_0p02_0011_0008.uasset" 6384
"/Engine/EngineMaterials/Substrate/GLints/dict_16_192_64_0p5_0p02_0011_0007" 6385
"../../../Engine/Content/EngineMaterials/Substrate/GLints/dict_16_192_64_0p5_0p02_0011_0009.uasset" 6386
"../../../Engine/Content/EngineMaterials/Substrate/GLints/dict_16_192_64_0p5_0p02_0011_0004.uasset" 6387
"/Engine/EngineMaterials/Substrate/GLints/dict_16_192_64_0p5_0p02_0011_0008" 6388
"/Engine/EngineMaterials/Substrate/GLints/dict_16_192_64_0p5_0p02_0011_0005" 6389
"/Engine/EngineMaterials/Substrate/GLints/dict_16_192_64_0p5_0p02_0012_0011" 6390
"/Engine/EngineMaterials/Substrate/GLints/dict_16_192_64_0p5_0p02_0011_0006" 6391
"../../../Engine/Content/EngineMaterials/Substrate/GLints/dict_16_192_64_0p5_0p02_0011_0003.uasset" 6392
"/Engine/EngineMaterials/Substrate/GLints/dict_16_192_64_0p5_0p02_0011_0004" 6393
"/Engine/EngineMaterials/Substrate/GLints/dict_16_192_64_0p5_0p02_0011_0009" 6394
"/Engine/EngineMaterials/Substrate/GLints/dict_16_192_64_0p5_0p02_0011_0003" 6395
"../../../Engine/Content/EngineMaterials/Substrate/GLints/dict_16_192_64_0p5_0p02_0011_0000.uasset" 6396
"../../../Engine/Content/EngineMaterials/Substrate/GLints/dict_16_192_64_0p5_0p02_0011_0001.uasset" 6397
"../../../Engine/Content/EngineMaterials/Substrate/GLints/dict_16_192_64_0p5_0p02_0010_0014.uasset" 6398
"../../../Engine/Content/EngineMaterials/Substrate/GLints/dict_16_192_64_0p5_0p02_0010_0015.uasset" 6399
"../../../Engine/Content/EngineMaterials/Substrate/GLints/dict_16_192_64_0p5_0p02_0012_0002.uasset" 6400
"/Engine/EngineMaterials/Substrate/GLints/dict_16_192_64_0p5_0p02_0012_0002" 6401
"/Engine/EngineMaterials/Substrate/GLints/dict_16_192_64_0p5_0p02_0011_0000" 6402
"/Engine/EngineMaterials/Substrate/GLints/dict_16_192_64_0p5_0p02_0011_0001" 6403
"/Engine/EngineMaterials/Substrate/GLints/dict_16_192_64_0p5_0p02_0010_0014" 6404
"../../../Engine/Content/EngineMaterials/Substrate/GLints/dict_16_192_64_0p5_0p02_0010_0013.uasset" 6405
"/Engine/EngineMaterials/Substrate/GLints/dict_16_192_64_0p5_0p02_0010_0015" 6406
"../../../Engine/Content/EngineMaterials/Substrate/GLints/dict_16_192_64_0p5_0p02_0010_0011.uasset" 6407
"/Engine/EngineMaterials/Substrate/GLints/dict_16_192_64_0p5_0p02_0010_0011" 6408
"../../../Engine/Content/EngineMaterials/Substrate/GLints/dict_16_192_64_0p5_0p02_0010_0009.uasset" 6409
"../../../Engine/Content/EngineMaterials/Substrate/GLints/dict_16_192_64_0p5_0p02_0010_0010.uasset" 6410
"../../../Engine/Content/EngineMaterials/Substrate/GLints/dict_16_192_64_0p5_0p02_0010_0012.uasset" 6411
"../../../Engine/Content/EngineMaterials/Substrate/GLints/dict_16_192_64_0p5_0p02_0010_0008.uasset" 6412
"../../../Engine/Content/EngineMaterials/Substrate/GLints/dict_16_192_64_0p5_0p02_0011_0002.uasset" 6413
"../../../Engine/Content/EngineMaterials/Substrate/GLints/dict_16_192_64_0p5_0p02_0010_0007.uasset" 6414
"../../../Engine/Content/EngineMaterials/Substrate/GLints/dict_16_192_64_0p5_0p02_0010_0002.uasset" 6415
"../../../Engine/Content/EngineMaterials/Substrate/GLints/dict_16_192_64_0p5_0p02_0010_0000.uasset" 6416
"../../../Engine/Content/EngineMaterials/Substrate/GLints/dict_16_192_64_0p5_0p02_0010_0005.uasset" 6417
"/Engine/EngineMaterials/Substrate/GLints/dict_16_192_64_0p5_0p02_0010_0009" 6418
"../../../Engine/Content/EngineMaterials/Substrate/GLints/dict_16_192_64_0p5_0p02_0010_0001.uasset" 6419
"/Engine/EngineMaterials/Substrate/GLints/dict_16_192_64_0p5_0p02_0010_0010" 6420
"../../../Engine/Content/EngineMaterials/Substrate/GLints/dict_16_192_64_0p5_0p02_0010_0004.uasset" 6421
"/Engine/EngineMaterials/Substrate/GLints/dict_16_192_64_0p5_0p02_0010_0012" 6422
"../../../Engine/Content/EngineMaterials/Substrate/GLints/dict_16_192_64_0p5_0p02_0010_0003.uasset" 6423
"/Engine/EngineMaterials/Substrate/GLints/dict_16_192_64_0p5_0p02_0010_0007" 6424
"/Engine/EngineMaterials/Substrate/GLints/dict_16_192_64_0p5_0p02_0010_0013" 6425
"/Engine/EngineMaterials/Substrate/GLints/dict_16_192_64_0p5_0p02_0011_0002" 6426
"../../../Engine/Content/EngineMaterials/Substrate/GLints/dict_16_192_64_0p5_0p02_0009_0013.uasset" 6427
"../../../Engine/Content/EngineMaterials/Substrate/GLints/dict_16_192_64_0p5_0p02_0009_0011.uasset" 6428
"../../../Engine/Content/EngineMaterials/Substrate/GLints/dict_16_192_64_0p5_0p02_0009_0012.uasset" 6429
"/Engine/EngineMaterials/Substrate/GLints/dict_16_192_64_0p5_0p02_0010_0008" 6430
"../../../Engine/Content/EngineMaterials/Substrate/GLints/dict_16_192_64_0p5_0p02_0009_0010.uasset" 6431
"../../../Engine/Content/EngineMaterials/Substrate/GLints/dict_16_192_64_0p5_0p02_0009_0015.uasset" 6432
"/Engine/EngineMaterials/Substrate/GLints/dict_16_192_64_0p5_0p02_0010_0002" 6433
"/Engine/EngineMaterials/Substrate/GLints/dict_16_192_64_0p5_0p02_0009_0015" 6434
"/Engine/EngineMaterials/Substrate/GLints/dict_16_192_64_0p5_0p02_0010_0003" 6435
"/Engine/EngineMaterials/Substrate/GLints/dict_16_192_64_0p5_0p02_0010_0004" 6436
"/Engine/EngineMaterials/Substrate/GLints/dict_16_192_64_0p5_0p02_0009_0012" 6437
"/Engine/EngineMaterials/Substrate/GLints/dict_16_192_64_0p5_0p02_0010_0005" 6438
"/Engine/EngineMaterials/Substrate/GLints/dict_16_192_64_0p5_0p02_0009_0013" 6439
"../../../Engine/Content/EngineMaterials/Substrate/GLints/dict_16_192_64_0p5_0p02_0009_0008.uasset" 6440
"/Engine/EngineMaterials/Substrate/GLints/dict_16_192_64_0p5_0p02_0010_0000" 6441
"/Engine/EngineMaterials/Substrate/GLints/dict_16_192_64_0p5_0p02_0009_0010" 6442
"/Engine/EngineMaterials/Substrate/GLints/dict_16_192_64_0p5_0p02_0010_0001" 6443
"/Engine/EngineMaterials/Substrate/GLints/dict_16_192_64_0p5_0p02_0009_0011" 6444
"/Engine/EngineMaterials/Substrate/GLints/dict_16_192_64_0p5_0p02_0009_0008" 6445
"../../../Engine/Content/EngineMaterials/Substrate/GLints/dict_16_192_64_0p5_0p02_0009_0007.uasset" 6446
"../../../Engine/Content/EngineMaterials/Substrate/GLints/dict_16_192_64_0p5_0p02_0009_0014.uasset" 6447
"../../../Engine/Content/EngineMaterials/Substrate/GLints/dict_16_192_64_0p5_0p02_0009_0005.uasset" 6448
"../../../Engine/Content/EngineMaterials/Substrate/GLints/dict_16_192_64_0p5_0p02_0009_0009.uasset" 6449
"../../../Engine/Content/EngineMaterials/Substrate/GLints/dict_16_192_64_0p5_0p02_0009_0004.uasset" 6450
"../../../Engine/Content/EngineMaterials/Substrate/GLints/dict_16_192_64_0p5_0p02_0009_0006.uasset" 6451
"/Engine/EngineMaterials/Substrate/GLints/dict_16_192_64_0p5_0p02_0009_0004" 6452
"/Engine/EngineMaterials/Substrate/GLints/dict_16_192_64_0p5_0p02_0009_0007" 6453
"../../../Engine/Content/EngineMaterials/Substrate/GLints/dict_16_192_64_0p5_0p02_0009_0001.uasset" 6454
"/Engine/EngineMaterials/Substrate/GLints/dict_16_192_64_0p5_0p02_0009_0005" 6455
"/Engine/EngineMaterials/Substrate/GLints/dict_16_192_64_0p5_0p02_0009_0009" 6456
"/Engine/EngineMaterials/Substrate/GLints/dict_16_192_64_0p5_0p02_0009_0014" 6457
"/Engine/EngineMaterials/Substrate/GLints/dict_16_192_64_0p5_0p02_0009_0006" 6458
"../../../Engine/Content/EngineMaterials/Substrate/GLints/dict_16_192_64_0p5_0p02_0008_0014.uasset" 6459
"/Engine/EngineMaterials/Substrate/GLints/dict_16_192_64_0p5_0p02_0008_0014" 6460
"/Engine/EngineMaterials/Substrate/GLints/dict_16_192_64_0p5_0p02_0009_0001" 6461
"../../../Engine/Content/EngineMaterials/Substrate/GLints/dict_16_192_64_0p5_0p02_0009_0000.uasset" 6462
"../../../Engine/Content/EngineMaterials/Substrate/GLints/dict_16_192_64_0p5_0p02_0010_0006.uasset" 6463
"../../../Engine/Content/EngineMaterials/Substrate/GLints/dict_16_192_64_0p5_0p02_0009_0002.uasset" 6464
"/Engine/EngineMaterials/Substrate/GLints/dict_16_192_64_0p5_0p02_0010_0006" 6465
"/Engine/EngineMaterials/Substrate/GLints/dict_16_192_64_0p5_0p02_0009_0000" 6466
"/Engine/EngineMaterials/Substrate/GLints/dict_16_192_64_0p5_0p02_0009_0002" 6467
"../../../Engine/Content/EngineMaterials/Substrate/GLints/dict_16_192_64_0p5_0p02_0009_0003.uasset" 6468
"/Engine/EngineMaterials/Substrate/GLints/dict_16_192_64_0p5_0p02_0009_0003" 6469
"../../../Engine/Content/EngineMaterials/Substrate/GLints/dict_16_192_64_0p5_0p02_0008_0009.uasset" 6470
"../../../Engine/Content/EngineMaterials/Substrate/GLints/dict_16_192_64_0p5_0p02_0008_0012.uasset" 6471
"../../../Engine/Content/EngineMaterials/Substrate/GLints/dict_16_192_64_0p5_0p02_0008_0011.uasset" 6472
"../../../Engine/Content/EngineMaterials/Substrate/GLints/dict_16_192_64_0p5_0p02_0008_0006.uasset" 6473
"../../../Engine/Content/EngineMaterials/Substrate/GLints/dict_16_192_64_0p5_0p02_0008_0004.uasset" 6474
"../../../Engine/Content/EngineMaterials/Substrate/GLints/dict_16_192_64_0p5_0p02_0008_0002.uasset" 6475
"../../../Engine/Content/EngineMaterials/Substrate/GLints/dict_16_192_64_0p5_0p02_0008_0003.uasset" 6476
"../../../Engine/Content/EngineMaterials/Substrate/GLints/dict_16_192_64_0p5_0p02_0008_0008.uasset" 6477
"/Engine/EngineMaterials/Substrate/GLints/dict_16_192_64_0p5_0p02_0008_0006" 6478
"/Engine/EngineMaterials/Substrate/GLints/dict_16_192_64_0p5_0p02_0008_0008" 6479
"/Engine/EngineMaterials/Substrate/GLints/dict_16_192_64_0p5_0p02_0008_0009" 6480
"/Engine/EngineMaterials/Substrate/GLints/dict_16_192_64_0p5_0p02_0008_0011" 6481
"../../../Engine/Content/EngineMaterials/Substrate/GLints/dict_16_192_64_0p5_0p02_0007_0015.uasset" 6482
"/Engine/EngineMaterials/Substrate/GLints/dict_16_192_64_0p5_0p02_0008_0003" 6483
"../../../Engine/Content/EngineMaterials/Substrate/GLints/dict_16_192_64_0p5_0p02_0008_0000.uasset" 6484
"/Engine/EngineMaterials/Substrate/GLints/dict_16_192_64_0p5_0p02_0008_0012" 6485
"/Engine/EngineMaterials/Substrate/GLints/dict_16_192_64_0p5_0p02_0008_0004" 6486
"../../../Engine/Content/EngineMaterials/Substrate/GLints/dict_16_192_64_0p5_0p02_0007_0012.uasset" 6487
"../../../Engine/Content/EngineMaterials/Substrate/GLints/dict_16_192_64_0p5_0p02_0007_0013.uasset" 6488
"/Engine/EngineMaterials/Substrate/GLints/dict_16_192_64_0p5_0p02_0007_0012" 6489
"../../../Engine/Content/EngineMaterials/Substrate/GLints/dict_16_192_64_0p5_0p02_0008_0005.uasset" 6490
"/Engine/EngineMaterials/Substrate/GLints/dict_16_192_64_0p5_0p02_0007_0013" 6491
"../../../Engine/Content/EngineMaterials/Substrate/GLints/dict_16_192_64_0p5_0p02_0007_0010.uasset" 6492
"../../../Engine/Content/EngineMaterials/Substrate/GLints/dict_16_192_64_0p5_0p02_0007_0011.uasset" 6493
"/Engine/EngineMaterials/Substrate/GLints/dict_16_192_64_0p5_0p02_0007_0015" 6494
"../../../Engine/Content/EngineMaterials/Substrate/GLints/dict_16_192_64_0p5_0p02_0008_0001.uasset" 6495
"/Engine/EngineMaterials/Substrate/GLints/dict_16_192_64_0p5_0p02_0008_0000" 6496
"../../../Engine/Content/EngineMaterials/Substrate/GLints/dict_16_192_64_0p5_0p02_0008_0007.uasset" 6497
"/Engine/EngineMaterials/Substrate/GLints/dict_16_192_64_0p5_0p02_0007_0011" 6498
"/Engine/EngineMaterials/Substrate/GLints/dict_16_192_64_0p5_0p02_0008_0001" 6499
"/Engine/EngineMaterials/Substrate/GLints/dict_16_192_64_0p5_0p02_0008_0002" 6500
"/Engine/EngineMaterials/Substrate/GLints/dict_16_192_64_0p5_0p02_0007_0010" 6501
"/Engine/EngineMaterials/Substrate/GLints/dict_16_192_64_0p5_0p02_0008_0005" 6502
"/Engine/EngineMaterials/Substrate/GLints/dict_16_192_64_0p5_0p02_0008_0007" 6503
"../../../Engine/Content/EngineMaterials/Substrate/GLints/dict_16_192_64_0p5_0p02_0007_0007.uasset" 6504
"../../../Engine/Content/EngineMaterials/Substrate/GLints/dict_16_192_64_0p5_0p02_0007_0008.uasset" 6505
"../../../Engine/Content/EngineMaterials/Substrate/GLints/dict_16_192_64_0p5_0p02_0007_0006.uasset" 6506
"../../../Engine/Content/EngineMaterials/Substrate/GLints/dict_16_192_64_0p5_0p02_0008_0013.uasset" 6507
"/Engine/EngineMaterials/Substrate/GLints/dict_16_192_64_0p5_0p02_0007_0006" 6508
"/Engine/EngineMaterials/Substrate/GLints/dict_16_192_64_0p5_0p02_0007_0007" 6509
"/Engine/EngineMaterials/Substrate/GLints/dict_16_192_64_0p5_0p02_0007_0008" 6510
"../../../Engine/Content/EngineMaterials/Substrate/GLints/dict_16_192_64_0p5_0p02_0007_0004.uasset" 6511
"../../../Engine/Content/EngineMaterials/Substrate/GLints/dict_16_192_64_0p5_0p02_0008_0010.uasset" 6512
"../../../Engine/Content/EngineMaterials/Substrate/GLints/dict_16_192_64_0p5_0p02_0007_0003.uasset" 6513
"../../../Engine/Content/EngineMaterials/Substrate/GLints/dict_16_192_64_0p5_0p02_0007_0002.uasset" 6514
"../../../Engine/Content/EngineMaterials/Substrate/GLints/dict_16_192_64_0p5_0p02_0007_0001.uasset" 6515
"/Engine/EngineMaterials/Substrate/GLints/dict_16_192_64_0p5_0p02_0007_0003" 6516
"/Engine/EngineMaterials/Substrate/GLints/dict_16_192_64_0p5_0p02_0007_0004" 6517
"/Engine/EngineMaterials/Substrate/GLints/dict_16_192_64_0p5_0p02_0007_0002" 6518
"../../../Engine/Content/EngineMaterials/Substrate/GLints/dict_16_192_64_0p5_0p02_0006_0013.uasset" 6519
"../../../Engine/Content/EngineMaterials/Substrate/GLints/dict_16_192_64_0p5_0p02_0006_0012.uasset" 6520
"/Engine/EngineMaterials/Substrate/GLints/dict_16_192_64_0p5_0p02_0008_0010" 6521
"../../../Engine/Content/EngineMaterials/Substrate/GLints/dict_16_192_64_0p5_0p02_0007_0005.uasset" 6522
"/Engine/EngineMaterials/Substrate/GLints/dict_16_192_64_0p5_0p02_0007_0001" 6523
"../../../Engine/Content/EngineMaterials/Substrate/GLints/dict_16_192_64_0p5_0p02_0006_0011.uasset" 6524
"../../../Engine/Content/EngineMaterials/Substrate/GLints/dict_16_192_64_0p5_0p02_0006_0010.uasset" 6525
"../../../Engine/Content/EngineMaterials/Substrate/GLints/dict_16_192_64_0p5_0p02_0006_0008.uasset" 6526
"/Engine/EngineMaterials/Substrate/GLints/dict_16_192_64_0p5_0p02_0008_0013" 6527
"../../../Engine/Content/EngineMaterials/Substrate/GLints/dict_16_192_64_0p5_0p02_0006_0015.uasset" 6528
"../../../Engine/Content/EngineMaterials/Substrate/GLints/dict_16_192_64_0p5_0p02_0006_0014.uasset" 6529
"/Engine/EngineMaterials/Substrate/GLints/dict_16_192_64_0p5_0p02_0007_0005" 6530
"/Engine/EngineMaterials/Substrate/GLints/dict_16_192_64_0p5_0p02_0006_0008" 6531
"/Engine/EngineMaterials/Substrate/GLints/dict_16_192_64_0p5_0p02_0006_0010" 6532
"/Engine/EngineMaterials/Substrate/GLints/dict_16_192_64_0p5_0p02_0006_0011" 6533
"/Engine/EngineMaterials/Substrate/GLints/dict_16_192_64_0p5_0p02_0006_0012" 6534
"../../../Engine/Content/EngineMaterials/Substrate/GLints/dict_16_192_64_0p5_0p02_0006_0007.uasset" 6535
"/Engine/EngineMaterials/Substrate/GLints/dict_16_192_64_0p5_0p02_0006_0013" 6536
"../../../Engine/Content/EngineMaterials/Substrate/GLints/dict_16_192_64_0p5_0p02_0006_0006.uasset" 6537
"../../../Engine/Content/EngineMaterials/Substrate/GLints/dict_16_192_64_0p5_0p02_0006_0003.uasset" 6538
"../../../Engine/Content/EngineMaterials/Substrate/GLints/dict_16_192_64_0p5_0p02_0006_0009.uasset" 6539
"/Engine/EngineMaterials/Substrate/GLints/dict_16_192_64_0p5_0p02_0006_0015" 6540
"../../../Engine/Content/EngineMaterials/Substrate/GLints/dict_16_192_64_0p5_0p02_0006_0005.uasset" 6541
"/Engine/EngineMaterials/Substrate/GLints/dict_16_192_64_0p5_0p02_0006_0014" 6542
"../../../Engine/Content/EngineMaterials/Substrate/GLints/dict_16_192_64_0p5_0p02_0005_0015.uasset" 6543
"../../../Engine/Content/EngineMaterials/Substrate/GLints/dict_16_192_64_0p5_0p02_0006_0002.uasset" 6544
"../../../Engine/Content/EngineMaterials/Substrate/GLints/dict_16_192_64_0p5_0p02_0006_0001.uasset" 6545
"/Engine/EngineMaterials/Substrate/GLints/dict_16_192_64_0p5_0p02_0006_0005" 6546
"../../../Engine/Content/EngineMaterials/Substrate/GLints/dict_16_192_64_0p5_0p02_0005_0014.uasset" 6547
"../../../Engine/Content/EngineMaterials/Substrate/GLints/dict_16_192_64_0p5_0p02_0006_0000.uasset" 6548
"/Engine/EngineMaterials/Substrate/GLints/dict_16_192_64_0p5_0p02_0005_0015" 6549
"../../../Engine/Content/EngineMaterials/Substrate/GLints/dict_16_192_64_0p5_0p02_0005_0012.uasset" 6550
"../../../Engine/Content/EngineMaterials/Substrate/GLints/dict_16_192_64_0p5_0p02_0005_0013.uasset" 6551
"/Engine/EngineMaterials/Substrate/GLints/dict_16_192_64_0p5_0p02_0006_0006" 6552
"/Engine/EngineMaterials/Substrate/GLints/dict_16_192_64_0p5_0p02_0006_0009" 6553
"/Engine/EngineMaterials/Substrate/GLints/dict_16_192_64_0p5_0p02_0006_0007" 6554
"/Engine/EngineMaterials/Substrate/GLints/dict_16_192_64_0p5_0p02_0006_0002" 6555
"/Engine/EngineMaterials/Substrate/GLints/dict_16_192_64_0p5_0p02_0006_0003" 6556
"/Engine/EngineMaterials/Substrate/GLints/dict_16_192_64_0p5_0p02_0005_0014" 6557
"/Engine/EngineMaterials/Substrate/GLints/dict_16_192_64_0p5_0p02_0005_0012" 6558
"../../../Engine/Content/EngineMaterials/Substrate/GLints/dict_16_192_64_0p5_0p02_0005_0007.uasset" 6559
"../../../Engine/Content/EngineMaterials/Substrate/GLints/dict_16_192_64_0p5_0p02_0005_0008.uasset" 6560
"/Engine/EngineMaterials/Substrate/GLints/dict_16_192_64_0p5_0p02_0005_0013" 6561
"../../../Engine/Content/EngineMaterials/Substrate/GLints/dict_16_192_64_0p5_0p02_0005_0009.uasset" 6562
"/Engine/EngineMaterials/Substrate/GLints/dict_16_192_64_0p5_0p02_0006_0000" 6563
"../../../Engine/Content/EngineMaterials/Substrate/GLints/dict_16_192_64_0p5_0p02_0005_0010.uasset" 6564
"/Engine/EngineMaterials/Substrate/GLints/dict_16_192_64_0p5_0p02_0006_0001" 6565
"/Engine/EngineMaterials/Substrate/GLints/dict_16_192_64_0p5_0p02_0005_0007" 6566
"/Engine/EngineMaterials/Substrate/GLints/dict_16_192_64_0p5_0p02_0005_0008" 6567
"../../../Engine/Content/EngineMaterials/Substrate/GLints/dict_16_192_64_0p5_0p02_0005_0005.uasset" 6568
"../../../Engine/Content/EngineMaterials/Substrate/GLints/dict_16_192_64_0p5_0p02_0005_0006.uasset" 6569
"/Engine/EngineMaterials/Substrate/GLints/dict_16_192_64_0p5_0p02_0005_0009" 6570
"/Engine/EngineMaterials/Substrate/GLints/dict_16_192_64_0p5_0p02_0005_0010" 6571
"/Engine/EngineMaterials/Substrate/GLints/dict_16_192_64_0p5_0p02_0005_0005" 6572
"/Engine/EngineMaterials/Substrate/GLints/dict_16_192_64_0p5_0p02_0005_0006" 6573
"../../../Engine/Content/EngineMaterials/Substrate/GLints/dict_16_192_64_0p5_0p02_0005_0004.uasset" 6574
"../../../Engine/Content/EngineMaterials/Substrate/GLints/dict_16_192_64_0p5_0p02_0005_0002.uasset" 6575
"../../../Engine/Content/EngineMaterials/Substrate/GLints/dict_16_192_64_0p5_0p02_0005_0003.uasset" 6576
"../../../Engine/Content/EngineMaterials/Substrate/GLints/dict_16_192_64_0p5_0p02_0005_0001.uasset" 6577
"/Engine/EngineMaterials/Substrate/GLints/dict_16_192_64_0p5_0p02_0005_0002" 6578
"/Engine/EngineMaterials/Substrate/GLints/dict_16_192_64_0p5_0p02_0005_0003" 6579
"/Engine/EngineMaterials/Substrate/GLints/dict_16_192_64_0p5_0p02_0005_0004" 6580
"/Engine/EngineMaterials/Substrate/GLints/dict_16_192_64_0p5_0p02_0005_0001" 6581
"../../../Engine/Content/EngineMaterials/Substrate/GLints/dict_16_192_64_0p5_0p02_0005_0011.uasset" 6582
"../../../Engine/Content/EngineMaterials/Substrate/GLints/dict_16_192_64_0p5_0p02_0004_0014.uasset" 6583
"../../../Engine/Content/EngineMaterials/Substrate/GLints/dict_16_192_64_0p5_0p02_0006_0004.uasset" 6584
"../../../Engine/Content/EngineMaterials/Substrate/GLints/dict_16_192_64_0p5_0p02_0004_0015.uasset" 6585
"../../../Engine/Content/EngineMaterials/Substrate/GLints/dict_16_192_64_0p5_0p02_0004_0013.uasset" 6586
"/Engine/EngineMaterials/Substrate/GLints/dict_16_192_64_0p5_0p02_0006_0004" 6587
"/Engine/EngineMaterials/Substrate/GLints/dict_16_192_64_0p5_0p02_0004_0013" 6588
"/Engine/EngineMaterials/Substrate/GLints/dict_16_192_64_0p5_0p02_0005_0011" 6589
"/Engine/EngineMaterials/Substrate/GLints/dict_16_192_64_0p5_0p02_0004_0014" 6590
"../../../Engine/Content/EngineMaterials/Substrate/GLints/dict_16_192_64_0p5_0p02_0004_0012.uasset" 6591
"../../../Engine/Content/EngineMaterials/Substrate/GLints/dict_16_192_64_0p5_0p02_0004_0010.uasset" 6592
"/Engine/EngineMaterials/Substrate/GLints/dict_16_192_64_0p5_0p02_0004_0015" 6593
"/Engine/EngineMaterials/Substrate/GLints/dict_16_192_64_0p5_0p02_0004_0010" 6594
"/Engine/EngineMaterials/Substrate/GLints/dict_16_192_64_0p5_0p02_0004_0012" 6595
"../../../Engine/Content/EngineMaterials/Substrate/GLints/dict_16_192_64_0p5_0p02_0004_0009.uasset" 6596
"../../../Engine/Content/EngineMaterials/Substrate/GLints/dict_16_192_64_0p5_0p02_0004_0007.uasset" 6597
"../../../Engine/Content/EngineMaterials/Substrate/GLints/dict_16_192_64_0p5_0p02_0004_0006.uasset" 6598
"/Engine/EngineMaterials/Substrate/GLints/dict_16_192_64_0p5_0p02_0004_0006" 6599
"/Engine/EngineMaterials/Substrate/GLints/dict_16_192_64_0p5_0p02_0004_0007" 6600
"/Engine/EngineMaterials/Substrate/GLints/dict_16_192_64_0p5_0p02_0004_0009" 6601
"../../../Engine/Content/EngineMaterials/Substrate/GLints/dict_16_192_64_0p5_0p02_0004_0008.uasset" 6602
"../../../Engine/Content/EngineMaterials/Substrate/GLints/dict_16_192_64_0p5_0p02_0004_0004.uasset" 6603
"../../../Engine/Content/EngineMaterials/Substrate/GLints/dict_16_192_64_0p5_0p02_0005_0000.uasset" 6604
"../../../Engine/Content/EngineMaterials/Substrate/GLints/dict_16_192_64_0p5_0p02_0004_0003.uasset" 6605
"../../../Engine/Content/EngineMaterials/Substrate/GLints/dict_16_192_64_0p5_0p02_0008_0015.uasset" 6606
"/Engine/EngineMaterials/Substrate/GLints/dict_16_192_64_0p5_0p02_0008_0015" 6607
"/Engine/EngineMaterials/Substrate/GLints/dict_16_192_64_0p5_0p02_0004_0008" 6608
"/Engine/EngineMaterials/Substrate/GLints/dict_16_192_64_0p5_0p02_0004_0003" 6609
"/Engine/EngineMaterials/Substrate/GLints/dict_16_192_64_0p5_0p02_0004_0004" 6610
"/Engine/EngineMaterials/Substrate/GLints/dict_16_192_64_0p5_0p02_0005_0000" 6611
"../../../Engine/Content/EngineMaterials/Substrate/GLints/dict_16_192_64_0p5_0p02_0004_0005.uasset" 6612
"/Engine/EngineMaterials/Substrate/GLints/dict_16_192_64_0p5_0p02_0004_0005" 6613
"../../../Engine/Content/EngineMaterials/Substrate/GLints/dict_16_192_64_0p5_0p02_0004_0001.uasset" 6614
"../../../Engine/Content/EngineMaterials/Substrate/GLints/dict_16_192_64_0p5_0p02_0003_0014.uasset" 6615
"../../../Engine/Content/EngineMaterials/Substrate/GLints/dict_16_192_64_0p5_0p02_0003_0015.uasset" 6616
"../../../Engine/Content/EngineMaterials/Substrate/GLints/dict_16_192_64_0p5_0p02_0004_0000.uasset" 6617
"/Engine/EngineMaterials/Substrate/GLints/dict_16_192_64_0p5_0p02_0004_0001" 6618
"/Engine/EngineMaterials/Substrate/GLints/dict_16_192_64_0p5_0p02_0003_0014" 6619
"../../../Engine/Content/EngineMaterials/Substrate/GLints/dict_16_192_64_0p5_0p02_0003_0012.uasset" 6620
"../../../Engine/Content/EngineMaterials/Substrate/GLints/dict_16_192_64_0p5_0p02_0007_0009.uasset" 6621
"../../../Engine/Content/EngineMaterials/Substrate/GLints/dict_16_192_64_0p5_0p02_0003_0010.uasset" 6622
"../../../Engine/Content/EngineMaterials/Substrate/GLints/dict_16_192_64_0p5_0p02_0003_0011.uasset" 6623
"/Engine/EngineMaterials/Substrate/GLints/dict_16_192_64_0p5_0p02_0003_0015" 6624
"../../../Engine/Content/EngineMaterials/Substrate/GLints/dict_16_192_64_0p5_0p02_0004_0011.uasset" 6625
"../../../Engine/Content/EngineMaterials/Substrate/GLints/dict_16_192_64_0p5_0p02_0003_0013.uasset" 6626
"/Engine/EngineMaterials/Substrate/GLints/dict_16_192_64_0p5_0p02_0004_0000" 6627
"/Engine/EngineMaterials/Substrate/GLints/dict_16_192_64_0p5_0p02_0003_0011" 6628
"/Engine/EngineMaterials/Substrate/GLints/dict_16_192_64_0p5_0p02_0003_0012" 6629
"/Engine/EngineMaterials/Substrate/GLints/dict_16_192_64_0p5_0p02_0007_0009" 6630
"/Engine/EngineMaterials/Substrate/GLints/dict_16_192_64_0p5_0p02_0003_0013" 6631
"../../../Engine/Content/EngineMaterials/Substrate/GLints/dict_16_192_64_0p5_0p02_0003_0009.uasset" 6632
"/Engine/EngineMaterials/Substrate/GLints/dict_16_192_64_0p5_0p02_0004_0011" 6633
"/Engine/EngineMaterials/Substrate/GLints/dict_16_192_64_0p5_0p02_0003_0010" 6634
"/Engine/EngineMaterials/Substrate/GLints/dict_16_192_64_0p5_0p02_0003_0009" 6635
"../../../Engine/Content/EngineMaterials/Substrate/GLints/dict_16_192_64_0p5_0p02_0003_0008.uasset" 6636
"../../../Engine/Content/EngineMaterials/Substrate/GLints/dict_16_192_64_0p5_0p02_0003_0003.uasset" 6637
"../../../Engine/Content/EngineMaterials/Substrate/GLints/dict_16_192_64_0p5_0p02_0003_0005.uasset" 6638
"../../../Engine/Content/EngineMaterials/Substrate/GLints/dict_16_192_64_0p5_0p02_0003_0004.uasset" 6639
"../../../Engine/Content/EngineMaterials/Substrate/GLints/dict_16_192_64_0p5_0p02_0003_0007.uasset" 6640
"../../../Engine/Content/EngineMaterials/Substrate/GLints/dict_16_192_64_0p5_0p02_0003_0006.uasset" 6641
"/Engine/EngineMaterials/Substrate/GLints/dict_16_192_64_0p5_0p02_0003_0003" 6642
"/Engine/EngineMaterials/Substrate/GLints/dict_16_192_64_0p5_0p02_0003_0004" 6643
"/Engine/EngineMaterials/Substrate/GLints/dict_16_192_64_0p5_0p02_0003_0005" 6644
"/Engine/EngineMaterials/Substrate/GLints/dict_16_192_64_0p5_0p02_0003_0006" 6645
"/Engine/EngineMaterials/Substrate/GLints/dict_16_192_64_0p5_0p02_0003_0007" 6646
"/Engine/EngineMaterials/Substrate/GLints/dict_16_192_64_0p5_0p02_0003_0008" 6647
"../../../Engine/Content/EngineMaterials/Substrate/GLints/dict_16_192_64_0p5_0p02_0003_0001.uasset" 6648
"../../../Engine/Content/EngineMaterials/Substrate/GLints/dict_16_192_64_0p5_0p02_0003_0000.uasset" 6649
"../../../Engine/Content/EngineMaterials/Substrate/GLints/dict_16_192_64_0p5_0p02_0002_0013.uasset" 6650
"../../../Engine/Content/EngineMaterials/Substrate/GLints/dict_16_192_64_0p5_0p02_0003_0002.uasset" 6651
"../../../Engine/Content/EngineMaterials/Substrate/GLints/dict_16_192_64_0p5_0p02_0002_0014.uasset" 6652
"../../../Engine/Content/EngineMaterials/Substrate/GLints/dict_16_192_64_0p5_0p02_0002_0012.uasset" 6653
"../../../Engine/Content/EngineMaterials/Substrate/GLints/dict_16_192_64_0p5_0p02_0007_0014.uasset" 6654
"/Engine/EngineMaterials/Substrate/GLints/dict_16_192_64_0p5_0p02_0003_0002" 6655
"/Engine/EngineMaterials/Substrate/GLints/dict_16_192_64_0p5_0p02_0002_0013" 6656
"../../../Engine/Content/EngineMaterials/Substrate/GLints/dict_16_192_64_0p5_0p02_0002_0015.uasset" 6657
"/Engine/EngineMaterials/Substrate/GLints/dict_16_192_64_0p5_0p02_0007_0014" 6658
"../../../Engine/Content/EngineMaterials/Substrate/GLints/dict_16_192_64_0p5_0p02_0002_0006.uasset" 6659
"../../../Engine/Content/EngineMaterials/Substrate/GLints/dict_16_192_64_0p5_0p02_0002_0010.uasset" 6660
"../../../Engine/Content/EngineMaterials/Substrate/GLints/dict_16_192_64_0p5_0p02_0002_0009.uasset" 6661
"/Engine/EngineMaterials/Substrate/GLints/dict_16_192_64_0p5_0p02_0002_0014" 6662
"/Engine/EngineMaterials/Substrate/GLints/dict_16_192_64_0p5_0p02_0003_0000" 6663
"/Engine/EngineMaterials/Substrate/GLints/dict_16_192_64_0p5_0p02_0002_0012" 6664
"/Engine/EngineMaterials/Substrate/GLints/dict_16_192_64_0p5_0p02_0003_0001" 6665
"/Engine/EngineMaterials/Substrate/GLints/dict_16_192_64_0p5_0p02_0002_0009" 6666
"../../../Engine/Content/EngineMaterials/Substrate/GLints/dict_16_192_64_0p5_0p02_0002_0007.uasset" 6667
"../../../Engine/Content/EngineMaterials/Substrate/GLints/dict_16_192_64_0p5_0p02_0002_0005.uasset" 6668
"../../../Engine/Content/EngineMaterials/Substrate/GLints/dict_16_192_64_0p5_0p02_0002_0011.uasset" 6669
"/Engine/EngineMaterials/Substrate/GLints/dict_16_192_64_0p5_0p02_0002_0010" 6670
"/Engine/EngineMaterials/Substrate/GLints/dict_16_192_64_0p5_0p02_0002_0015" 6671
"/Engine/EngineMaterials/Substrate/GLints/dict_16_192_64_0p5_0p02_0002_0006" 6672
"/Engine/EngineMaterials/Substrate/GLints/dict_16_192_64_0p5_0p02_0002_0011" 6673
"/Engine/EngineMaterials/Substrate/GLints/dict_16_192_64_0p5_0p02_0002_0007" 6674
"/Engine/EngineMaterials/Substrate/GLints/dict_16_192_64_0p5_0p02_0002_0005" 6675
"../../../Engine/Content/EngineMaterials/Substrate/GLints/dict_16_192_64_0p5_0p02_0002_0003.uasset" 6676
"../../../Engine/Content/EngineMaterials/Substrate/GLints/dict_16_192_64_0p5_0p02_0002_0004.uasset" 6677
"../../../Engine/Content/EngineMaterials/Substrate/GLints/dict_16_192_64_0p5_0p02_0002_0002.uasset" 6678
"../../../Engine/Content/EngineMaterials/Substrate/GLints/dict_16_192_64_0p5_0p02_0002_0008.uasset" 6679
"../../../Engine/Content/EngineMaterials/Substrate/GLints/dict_16_192_64_0p5_0p02_0001_0015.uasset" 6680
"../../../Engine/Content/EngineMaterials/Substrate/GLints/dict_16_192_64_0p5_0p02_0002_0000.uasset" 6681
"../../../Engine/Content/EngineMaterials/Substrate/GLints/dict_16_192_64_0p5_0p02_0001_0014.uasset" 6682
"../../../Engine/Content/EngineMaterials/Substrate/GLints/dict_16_192_64_0p5_0p02_0002_0001.uasset" 6683
"/Engine/EngineMaterials/Substrate/GLints/dict_16_192_64_0p5_0p02_0002_0008" 6684
"/Engine/EngineMaterials/Substrate/GLints/dict_16_192_64_0p5_0p02_0002_0003" 6685
"../../../Engine/Content/EngineMaterials/Substrate/GLints/dict_16_192_64_0p5_0p02_0001_0012.uasset" 6686
"../../../Engine/Content/EngineMaterials/Substrate/GLints/dict_16_192_64_0p5_0p02_0001_0011.uasset" 6687
"/Engine/EngineMaterials/Substrate/GLints/dict_16_192_64_0p5_0p02_0001_0014" 6688
"/Engine/EngineMaterials/Substrate/GLints/dict_16_192_64_0p5_0p02_0001_0015" 6689
"/Engine/EngineMaterials/Substrate/GLints/dict_16_192_64_0p5_0p02_0002_0000" 6690
"/Engine/EngineMaterials/Substrate/GLints/dict_16_192_64_0p5_0p02_0002_0004" 6691
"/Engine/EngineMaterials/Substrate/GLints/dict_16_192_64_0p5_0p02_0002_0001" 6692
"../../../Engine/Content/EngineMaterials/Substrate/GLints/dict_16_192_64_0p5_0p02_0001_0013.uasset" 6693
"../../../Engine/Content/EngineMaterials/Substrate/GLints/dict_16_192_64_0p5_0p02_0001_0008.uasset" 6694
"/Engine/EngineMaterials/Substrate/GLints/dict_16_192_64_0p5_0p02_0002_0002" 6695
"/Engine/EngineMaterials/Substrate/GLints/dict_16_192_64_0p5_0p02_0001_0008" 6696
"../../../Engine/Content/EngineMaterials/Substrate/GLints/dict_16_192_64_0p5_0p02_0001_0010.uasset" 6697
"/Engine/EngineMaterials/Substrate/GLints/dict_16_192_64_0p5_0p02_0001_0013" 6698
"/Engine/EngineMaterials/Substrate/GLints/dict_16_192_64_0p5_0p02_0001_0011" 6699
"/Engine/EngineMaterials/Substrate/GLints/dict_16_192_64_0p5_0p02_0001_0012" 6700
"../../../Engine/Content/EngineMaterials/Substrate/GLints/dict_16_192_64_0p5_0p02_0001_0005.uasset" 6701
"../../../Engine/Content/EngineMaterials/Substrate/GLints/dict_16_192_64_0p5_0p02_0001_0004.uasset" 6702
"/Engine/EngineMaterials/Substrate/GLints/dict_16_192_64_0p5_0p02_0001_0004" 6703
"/Engine/EngineMaterials/Substrate/GLints/dict_16_192_64_0p5_0p02_0001_0010" 6704
"/Engine/EngineMaterials/Substrate/GLints/dict_16_192_64_0p5_0p02_0001_0005" 6705
"../../../Engine/Content/EngineMaterials/Substrate/GLints/dict_16_192_64_0p5_0p02_0001_0002.uasset" 6706
"../../../Engine/Content/EngineMaterials/Substrate/GLints/dict_16_192_64_0p5_0p02_0001_0003.uasset" 6707
"../../../Engine/Content/EngineMaterials/Substrate/GLints/dict_16_192_64_0p5_0p02_0001_0009.uasset" 6708
"/Engine/EngineMaterials/Substrate/GLints/dict_16_192_64_0p5_0p02_0001_0002" 6709
"/Engine/EngineMaterials/Substrate/GLints/dict_16_192_64_0p5_0p02_0001_0003" 6710
"../../../Engine/Content/EngineMaterials/Substrate/GLints/dict_16_192_64_0p5_0p02_0001_0007.uasset" 6711
"../../../Engine/Content/EngineMaterials/Substrate/GLints/dict_16_192_64_0p5_0p02_0000_0015.uasset" 6712
"../../../Engine/Content/EngineMaterials/Substrate/GLints/dict_16_192_64_0p5_0p02_0001_0000.uasset" 6713
"../../../Engine/Content/EngineMaterials/Substrate/GLints/dict_16_192_64_0p5_0p02_0000_0012.uasset" 6714
"../../../Engine/Content/EngineMaterials/Substrate/GLints/dict_16_192_64_0p5_0p02_0000_0014.uasset" 6715
"/Engine/EngineMaterials/Substrate/GLints/dict_16_192_64_0p5_0p02_0001_0009" 6716
"../../../Engine/Content/EngineMaterials/Substrate/GLints/dict_16_192_64_0p5_0p02_0000_0013.uasset" 6717
"../../../Engine/Content/EngineMaterials/Substrate/GLints/dict_16_192_64_0p5_0p02_0001_0001.uasset" 6718
"/Engine/EngineMaterials/Substrate/GLints/dict_16_192_64_0p5_0p02_0000_0015" 6719
"../../../Engine/Content/EngineMaterials/Substrate/GLints/dict_16_192_64_0p5_0p02_0000_0010.uasset" 6720
"/Engine/EngineMaterials/Substrate/GLints/dict_16_192_64_0p5_0p02_0001_0000" 6721
"../../../Engine/Content/EngineMaterials/Substrate/GLints/dict_16_192_64_0p5_0p02_0000_0009.uasset" 6722
"/Engine/EngineMaterials/Substrate/GLints/dict_16_192_64_0p5_0p02_0001_0007" 6723
"../../../Engine/Content/EngineMaterials/Substrate/GLints/dict_16_192_64_0p5_0p02_0000_0007.uasset" 6724
"../../../Engine/Content/EngineMaterials/Substrate/GLints/dict_16_192_64_0p5_0p02_0000_0006.uasset" 6725
"/Engine/EngineMaterials/Substrate/GLints/dict_16_192_64_0p5_0p02_0000_0012" 6726
"/Engine/EngineMaterials/Substrate/GLints/dict_16_192_64_0p5_0p02_0000_0013" 6727
"../../../Engine/Content/EngineMaterials/Substrate/GLints/dict_16_192_64_0p5_0p02_0000_0003.uasset" 6728
"../../../Engine/Content/EngineMaterials/Substrate/GLints/dict_16_192_64_0p5_0p02_0000_0004.uasset" 6729
"../../../Engine/Content/EngineMaterials/Substrate/GLints/dict_16_192_64_0p5_0p02_0000_0005.uasset" 6730
"../../../Engine/Content/EngineMaterials/Substrate/GLints/dict_16_192_64_0p5_0p02_0000_0008.uasset" 6731
"/Engine/EngineMaterials/Substrate/GLints/dict_16_192_64_0p5_0p02_0000_0014" 6732
"/Engine/EngineMaterials/Substrate/GLints/dict_16_192_64_0p5_0p02_0001_0001" 6733
"../../../Engine/Content/EngineMaterials/Substrate/GLints/dict_16_192_64_0p5_0p02_0000_0002.uasset" 6734
"/Engine/EngineMaterials/Substrate/GLints/dict_16_192_64_0p5_0p02_0000_0008" 6735
"../../../Engine/Content/EngineMaterials/Substrate/GLints/dict_16_192_64_0p5_0p02_0000_0001.uasset" 6736
"/Engine/EngineMaterials/Substrate/GLints/dict_16_192_64_0p5_0p02_0000_0009" 6737
"/Engine/EngineMaterials/Substrate/GLints/dict_16_192_64_0p5_0p02_0000_0003" 6738
"/Engine/EngineMaterials/Substrate/GLints/dict_16_192_64_0p5_0p02_0000_0004" 6739
"../../../Engine/Content/EngineMaterials/Substrate/GLints/dict_16_192_64_0p5_0p02_0000_0000.uasset" 6740
"/Engine/EngineMaterials/Substrate/GLints/dict_16_192_64_0p5_0p02_0000_0005" 6741
"../../../Engine/Content/EngineMaterials/Substrate/GLints/dict_16_192_64_0p5_0p02_0004_0002.uasset" 6742
"../../../Engine/Content/EngineMaterials/Substrate/GLints/dict_16_192_64_0p5_0p02_0007_0000.uasset" 6743
"/Engine/EngineMaterials/Substrate/GLints/dict_16_192_64_0p5_0p02_0000_0010" 6744
"../../../Engine/Content/EngineMaterials/Substrate/GLints/dict_16_192_64_0p5_0p02_0001_0006.uasset" 6745
"/Engine/EngineMaterials/Substrate/GLints/dict_16_192_64_0p5_0p02_0000_0006" 6746
"/Engine/EngineMaterials/Substrate/GLints/dict_16_192_64_0p5_0p02_0000_0007" 6747
"/Engine/EngineMaterials/Substrate/GLints/dict_16_192_64_0p5_0p02_0001_0006" 6748
"../../../Engine/Content/EngineMaterials/Substrate/GLints/AGlintTex2dArray.uasset" 6749
"/Engine/EngineMaterials/Substrate/GLints/dict_16_192_64_0p5_0p02_0000_0000" 6750
"/Engine/EngineMaterials/Substrate/GLints/dict_16_192_64_0p5_0p02_0000_0001" 6751
"/Engine/EngineMaterials/Substrate/GLints/dict_16_192_64_0p5_0p02_0004_0002" 6752
"/Engine/EngineMaterials/Substrate/GLints/dict_16_192_64_0p5_0p02_0007_0000" 6753
"/Engine/EngineMaterials/Substrate/GLints/dict_16_192_64_0p5_0p02_0000_0002" 6754
"../../../Engine/Content/EngineMaterials/Substrate/Glints2/dict_0007_0253.uasset" 6755
"../../../Engine/Content/EngineMaterials/Substrate/Glints2/dict_0007_0250.uasset" 6756
"../../../Engine/Content/EngineMaterials/Substrate/Glints2/dict_0007_0254.uasset" 6757
"../../../Engine/Content/EngineMaterials/Substrate/Glints2/dict_0007_0251.uasset" 6758
"../../../Engine/Content/EngineMaterials/Substrate/Glints2/dict_0007_0255.uasset" 6759
"../../../Engine/Content/EngineMaterials/Substrate/Glints2/dict_0007_0247.uasset" 6760
"/Engine/EngineMaterials/Substrate/Glints2/dict_0007_0253" 6761
"/Engine/EngineMaterials/Substrate/Glints2/dict_0007_0254" 6762
"../../../Engine/Content/EngineMaterials/Substrate/Glints2/dict_0007_0242.uasset" 6763
"../../../Engine/Content/EngineMaterials/Substrate/Glints2/dict_0007_0246.uasset" 6764
"../../../Engine/Content/EngineMaterials/Substrate/Glints2/dict_0007_0243.uasset" 6765
"/Engine/EngineMaterials/Substrate/Glints2/dict_0007_0251" 6766
"/Engine/EngineMaterials/Substrate/Glints2/dict_0007_0255" 6767
"../../../Engine/Content/EngineMaterials/Substrate/Glints2/dict_0007_0238.uasset" 6768
"../../../Engine/Content/EngineMaterials/Substrate/Glints2/dict_0007_0241.uasset" 6769
"../../../Engine/Content/EngineMaterials/Substrate/Glints2/dict_0007_0240.uasset" 6770
"/Engine/EngineMaterials/Substrate/Glints2/dict_0007_0241" 6771
"../../../Engine/Content/EngineMaterials/Substrate/Glints2/dict_0007_0244.uasset" 6772
"../../../Engine/Content/EngineMaterials/Substrate/Glints2/dict_0007_0239.uasset" 6773
"/Engine/EngineMaterials/Substrate/Glints2/dict_0007_0242" 6774
"../../../Engine/Content/EngineMaterials/Substrate/Glints2/dict_0007_0245.uasset" 6775
"../../../Engine/Content/EngineMaterials/Substrate/Glints2/dict_0007_0249.uasset" 6776
"../../../Engine/Content/EngineMaterials/Substrate/Glints2/dict_0007_0252.uasset" 6777
"/Engine/EngineMaterials/Substrate/Glints2/dict_0007_0243" 6778
"/Engine/EngineMaterials/Substrate/Glints2/dict_0007_0247" 6779
"/Engine/EngineMaterials/Substrate/Glints2/dict_0007_0250" 6780
"../../../Engine/Content/EngineMaterials/Substrate/Glints2/dict_0007_0235.uasset" 6781
"../../../Engine/Content/EngineMaterials/Substrate/Glints2/dict_0007_0236.uasset" 6782
"../../../Engine/Content/EngineMaterials/Substrate/Glints2/dict_0007_0233.uasset" 6783
"/Engine/EngineMaterials/Substrate/Glints2/dict_0007_0238" 6784
"../../../Engine/Content/EngineMaterials/Substrate/Glints2/dict_0007_0237.uasset" 6785
"/Engine/EngineMaterials/Substrate/Glints2/dict_0007_0240" 6786
"../../../Engine/Content/EngineMaterials/Substrate/Glints2/dict_0007_0231.uasset" 6787
"/Engine/EngineMaterials/Substrate/Glints2/dict_0007_0246" 6788
"../../../Engine/Content/EngineMaterials/Substrate/Glints2/dict_0007_0228.uasset" 6789
"/Engine/EngineMaterials/Substrate/Glints2/dict_0007_0231" 6790
"../../../Engine/Content/EngineMaterials/Substrate/Glints2/dict_0007_0229.uasset" 6791
"../../../Engine/Content/EngineMaterials/Substrate/Glints2/dict_0007_0230.uasset" 6792
"/Engine/EngineMaterials/Substrate/Glints2/dict_0007_0244" 6793
"/Engine/EngineMaterials/Substrate/Glints2/dict_0007_0245" 6794
"/Engine/EngineMaterials/Substrate/Glints2/dict_0007_0233" 6795
"/Engine/EngineMaterials/Substrate/Glints2/dict_0007_0235" 6796
"/Engine/EngineMaterials/Substrate/Glints2/dict_0007_0236" 6797
"../../../Engine/Content/EngineMaterials/Substrate/Glints2/dict_0007_0225.uasset" 6798
"../../../Engine/Content/EngineMaterials/Substrate/Glints2/dict_0007_0226.uasset" 6799
"/Engine/EngineMaterials/Substrate/Glints2/dict_0007_0249" 6800
"../../../Engine/Content/EngineMaterials/Substrate/Glints2/dict_0007_0227.uasset" 6801
"/Engine/EngineMaterials/Substrate/Glints2/dict_0007_0237" 6802
"/Engine/EngineMaterials/Substrate/Glints2/dict_0007_0239" 6803
"../../../Engine/Content/EngineMaterials/Substrate/Glints2/dict_0007_0223.uasset" 6804
"/Engine/EngineMaterials/Substrate/Glints2/dict_0007_0252" 6805
"/Engine/EngineMaterials/Substrate/Glints2/dict_0007_0226" 6806
"/Engine/EngineMaterials/Substrate/Glints2/dict_0007_0227" 6807
"/Engine/EngineMaterials/Substrate/Glints2/dict_0007_0228" 6808
"/Engine/EngineMaterials/Substrate/Glints2/dict_0007_0229" 6809
"../../../Engine/Content/EngineMaterials/Substrate/Glints2/dict_0007_0224.uasset" 6810
"../../../Engine/Content/EngineMaterials/Substrate/Glints2/dict_0007_0219.uasset" 6811
"../../../Engine/Content/EngineMaterials/Substrate/Glints2/dict_0007_0220.uasset" 6812
"../../../Engine/Content/EngineMaterials/Substrate/Glints2/dict_0007_0221.uasset" 6813
"/Engine/EngineMaterials/Substrate/Glints2/dict_0007_0230" 6814
"/Engine/EngineMaterials/Substrate/Glints2/dict_0007_0223" 6815
"/Engine/EngineMaterials/Substrate/Glints2/dict_0007_0225" 6816
"../../../Engine/Content/EngineMaterials/Substrate/Glints2/dict_0007_0222.uasset" 6817
"../../../Engine/Content/EngineMaterials/Substrate/Glints2/dict_0007_0218.uasset" 6818
"../../../Engine/Content/EngineMaterials/Substrate/GLints/dict_16_192_64_0p5_0p02_0000_0011.uasset" 6819
"/Engine/EngineMaterials/Substrate/Glints2/dict_0007_0222" 6820
"/Engine/EngineMaterials/Substrate/GLints/dict_16_192_64_0p5_0p02_0000_0011" 6821
"/Engine/EngineMaterials/Substrate/Glints2/dict_0007_0218" 6822
"../../../Engine/Content/EngineMaterials/Substrate/Glints2/dict_0007_0216.uasset" 6823
"/Engine/EngineMaterials/Substrate/Glints2/dict_0007_0224" 6824
"../../../Engine/Content/EngineMaterials/Substrate/Glints2/dict_0007_0214.uasset" 6825
"../../../Engine/Content/EngineMaterials/Substrate/Glints2/dict_0007_0217.uasset" 6826
"../../../Engine/Content/EngineMaterials/Substrate/Glints2/dict_0007_0215.uasset" 6827
"/Engine/EngineMaterials/Substrate/Glints2/dict_0007_0219" 6828
"/Engine/EngineMaterials/Substrate/GLints/AGlintTex2dArray" 6829
"../../../Engine/Content/EngineMaterials/Substrate/Glints2/dict_0007_0213.uasset" 6830
"../../../Engine/Content/EngineMaterials/Substrate/Glints2/dict_0007_0211.uasset" 6831
"../../../Engine/Content/EngineMaterials/Substrate/Glints2/dict_0007_0212.uasset" 6832
"../../../Engine/Content/EngineMaterials/Substrate/Glints2/dict_0007_0210.uasset" 6833
"../../../Engine/Content/EngineMaterials/Substrate/Glints2/dict_0007_0209.uasset" 6834
"../../../Engine/Content/EngineMaterials/Substrate/Glints2/dict_0007_0232.uasset" 6835
"../../../Engine/Content/EngineMaterials/Substrate/Glints2/dict_0007_0208.uasset" 6836
"../../../Engine/Content/EngineMaterials/Substrate/Glints2/dict_0007_0207.uasset" 6837
"../../../Engine/Content/EngineMaterials/Substrate/Glints2/dict_0007_0204.uasset" 6838
"../../../Engine/Content/EngineMaterials/Substrate/Glints2/dict_0007_0206.uasset" 6839
"../../../Engine/Content/EngineMaterials/Substrate/Glints2/dict_0007_0205.uasset" 6840
"../../../Engine/Content/EngineMaterials/Substrate/Glints2/dict_0007_0248.uasset" 6841
"../../../Engine/Content/EngineMaterials/Substrate/Glints2/dict_0007_0200.uasset" 6842
"../../../Engine/Content/EngineMaterials/Substrate/Glints2/dict_0007_0203.uasset" 6843
"../../../Engine/Content/EngineMaterials/Substrate/Glints2/dict_0007_0198.uasset" 6844
"../../../Engine/Content/EngineMaterials/Substrate/Glints2/dict_0007_0197.uasset" 6845
"../../../Engine/Content/EngineMaterials/Substrate/Glints2/dict_0007_0202.uasset" 6846
"../../../Engine/Content/EngineMaterials/Substrate/Glints2/dict_0007_0234.uasset" 6847
"../../../Engine/Content/EngineMaterials/Substrate/Glints2/dict_0007_0201.uasset" 6848
"../../../Engine/Content/EngineMaterials/Substrate/Glints2/dict_0007_0199.uasset" 6849
"/Engine/EngineMaterials/Substrate/Glints2/dict_0007_0220" 6850
"/Engine/EngineMaterials/Substrate/Glints2/dict_0007_0221" 6851
"/Engine/EngineMaterials/Substrate/Glints2/dict_0007_0214" 6852
"/Engine/EngineMaterials/Substrate/Glints2/dict_0007_0215" 6853
"/Engine/EngineMaterials/Substrate/Glints2/dict_0007_0197" 6854
"/Engine/EngineMaterials/Substrate/Glints2/dict_0007_0232" 6855
"/Engine/EngineMaterials/Substrate/Glints2/dict_0007_0216" 6856
"/Engine/EngineMaterials/Substrate/Glints2/dict_0007_0198" 6857
"/Engine/EngineMaterials/Substrate/Glints2/dict_0007_0217" 6858
"/Engine/EngineMaterials/Substrate/Glints2/dict_0007_0199" 6859
"/Engine/EngineMaterials/Substrate/Glints2/dict_0007_0200" 6860
"/Engine/EngineMaterials/Substrate/Glints2/dict_0007_0201" 6861
"/Engine/EngineMaterials/Substrate/Glints2/dict_0007_0202" 6862
"../../../Engine/Content/EngineMaterials/Substrate/Glints2/dict_0007_0195.uasset" 6863
"/Engine/EngineMaterials/Substrate/Glints2/dict_0007_0204" 6864
"/Engine/EngineMaterials/Substrate/Glints2/dict_0007_0205" 6865
"/Engine/EngineMaterials/Substrate/Glints2/dict_0007_0206" 6866
"../../../Engine/Content/EngineMaterials/Substrate/Glints2/dict_0007_0196.uasset" 6867
"/Engine/EngineMaterials/Substrate/Glints2/dict_0007_0248" 6868
"/Engine/EngineMaterials/Substrate/Glints2/dict_0007_0207" 6869
"/Engine/EngineMaterials/Substrate/Glints2/dict_0007_0234" 6870
"/Engine/EngineMaterials/Substrate/Glints2/dict_0007_0208" 6871
"../../../Engine/Content/EngineMaterials/Substrate/Glints2/dict_0007_0194.uasset" 6872
"../../../Engine/Content/EngineMaterials/Substrate/Glints2/dict_0007_0193.uasset" 6873
"/Engine/EngineMaterials/Substrate/Glints2/dict_0007_0209" 6874
"/Engine/EngineMaterials/Substrate/Glints2/dict_0007_0210" 6875
"/Engine/EngineMaterials/Substrate/Glints2/dict_0007_0211" 6876
"/Engine/EngineMaterials/Substrate/Glints2/dict_0007_0203" 6877
"/Engine/EngineMaterials/Substrate/Glints2/dict_0007_0212" 6878
"/Engine/EngineMaterials/Substrate/Glints2/dict_0007_0213" 6879
"/Engine/EngineMaterials/Substrate/Glints2/dict_0007_0193" 6880
"/Engine/EngineMaterials/Substrate/Glints2/dict_0007_0194" 6881
"/Engine/EngineMaterials/Substrate/Glints2/dict_0007_0195" 6882
"/Engine/EngineMaterials/Substrate/Glints2/dict_0007_0196" 6883
"../../../Engine/Content/EngineMaterials/Substrate/Glints2/dict_0007_0190.uasset" 6884
"/Engine/EngineMaterials/Substrate/Glints2/dict_0007_0190" 6885
"../../../Engine/Content/EngineMaterials/Substrate/Glints2/dict_0007_0192.uasset" 6886
"../../../Engine/Content/EngineMaterials/Substrate/Glints2/dict_0007_0189.uasset" 6887
"/Engine/EngineMaterials/Substrate/Glints2/dict_0007_0189" 6888
"/Engine/EngineMaterials/Substrate/Glints2/dict_0007_0192" 6889
"../../../Engine/Content/EngineMaterials/Substrate/Glints2/dict_0007_0191.uasset" 6890
"../../../Engine/Content/EngineMaterials/Substrate/Glints2/dict_0007_0188.uasset" 6891
"/Engine/EngineMaterials/Substrate/Glints2/dict_0007_0191" 6892
"../../../Engine/Content/EngineMaterials/Substrate/Glints2/dict_0007_0186.uasset" 6893
"/Engine/EngineMaterials/Substrate/Glints2/dict_0007_0186" 6894
"/Engine/EngineMaterials/Substrate/Glints2/dict_0007_0188" 6895
"../../../Engine/Content/EngineMaterials/Substrate/Glints2/dict_0007_0184.uasset" 6896
"../../../Engine/Content/EngineMaterials/Substrate/Glints2/dict_0007_0182.uasset" 6897
"/Engine/EngineMaterials/Substrate/Glints2/dict_0007_0182" 6898
"/Engine/EngineMaterials/Substrate/Glints2/dict_0007_0184" 6899
"../../../Engine/Content/EngineMaterials/Substrate/Glints2/dict_0007_0183.uasset" 6900
"/Engine/EngineMaterials/Substrate/Glints2/dict_0007_0183" 6901
"../../../Engine/Content/EngineMaterials/Substrate/Glints2/dict_0007_0180.uasset" 6902
"../../../Engine/Content/EngineMaterials/Substrate/Glints2/dict_0007_0181.uasset" 6903
"../../../Engine/Content/EngineMaterials/Substrate/Glints2/dict_0007_0187.uasset" 6904
"/Engine/EngineMaterials/Substrate/Glints2/dict_0007_0180" 6905
"../../../Engine/Content/EngineMaterials/Substrate/Glints2/dict_0007_0175.uasset" 6906
"../../../Engine/Content/EngineMaterials/Substrate/Glints2/dict_0007_0176.uasset" 6907
"/Engine/EngineMaterials/Substrate/Glints2/dict_0007_0181" 6908
"/Engine/EngineMaterials/Substrate/Glints2/dict_0007_0187" 6909
"/Engine/EngineMaterials/Substrate/Glints2/dict_0007_0175" 6910
"../../../Engine/Content/EngineMaterials/Substrate/Glints2/dict_0007_0177.uasset" 6911
"/Engine/EngineMaterials/Substrate/Glints2/dict_0007_0176" 6912
"/Engine/EngineMaterials/Substrate/Glints2/dict_0007_0177" 6913
"../../../Engine/Content/EngineMaterials/Substrate/Glints2/dict_0007_0172.uasset" 6914
"../../../Engine/Content/EngineMaterials/Substrate/Glints2/dict_0007_0173.uasset" 6915
"../../../Engine/Content/EngineMaterials/Substrate/Glints2/dict_0007_0178.uasset" 6916
"../../../Engine/Content/EngineMaterials/Substrate/Glints2/dict_0007_0179.uasset" 6917
"/Engine/EngineMaterials/Substrate/Glints2/dict_0007_0172" 6918
"/Engine/EngineMaterials/Substrate/Glints2/dict_0007_0173" 6919
"/Engine/EngineMaterials/Substrate/Glints2/dict_0007_0178" 6920
"/Engine/EngineMaterials/Substrate/Glints2/dict_0007_0179" 6921
"../../../Engine/Content/EngineMaterials/Substrate/Glints2/dict_0007_0170.uasset" 6922
"/Engine/EngineMaterials/Substrate/Glints2/dict_0007_0170" 6923
"../../../Engine/Content/EngineMaterials/Substrate/Glints2/dict_0007_0169.uasset" 6924
"../../../Engine/Content/EngineMaterials/Substrate/Glints2/dict_0007_0171.uasset" 6925
"/Engine/EngineMaterials/Substrate/Glints2/dict_0007_0169" 6926
"../../../Engine/Content/EngineMaterials/Substrate/Glints2/dict_0007_0168.uasset" 6927
"../../../Engine/Content/EngineMaterials/Substrate/Glints2/dict_0007_0165.uasset" 6928
"../../../Engine/Content/EngineMaterials/Substrate/Glints2/dict_0007_0164.uasset" 6929
"../../../Engine/Content/EngineMaterials/Substrate/Glints2/dict_0007_0167.uasset" 6930
"../../../Engine/Content/EngineMaterials/Substrate/Glints2/dict_0007_0174.uasset" 6931
"/Engine/EngineMaterials/Substrate/Glints2/dict_0007_0171" 6932
"../../../Engine/Content/EngineMaterials/Substrate/Glints2/dict_0007_0166.uasset" 6933
"/Engine/EngineMaterials/Substrate/Glints2/dict_0007_0165" 6934
"/Engine/EngineMaterials/Substrate/Glints2/dict_0007_0166" 6935
"/Engine/EngineMaterials/Substrate/Glints2/dict_0007_0167" 6936
"../../../Engine/Content/EngineMaterials/Substrate/Glints2/dict_0007_0160.uasset" 6937
"../../../Engine/Content/EngineMaterials/Substrate/Glints2/dict_0007_0161.uasset" 6938
"/Engine/EngineMaterials/Substrate/Glints2/dict_0007_0168" 6939
"/Engine/EngineMaterials/Substrate/Glints2/dict_0007_0174" 6940
"../../../Engine/Content/EngineMaterials/Substrate/Glints2/dict_0007_0162.uasset" 6941
"/Engine/EngineMaterials/Substrate/Glints2/dict_0007_0164" 6942
"/Engine/EngineMaterials/Substrate/Glints2/dict_0007_0160" 6943
"/Engine/EngineMaterials/Substrate/Glints2/dict_0007_0161" 6944
"/Engine/EngineMaterials/Substrate/Glints2/dict_0007_0162" 6945
"../../../Engine/Content/EngineMaterials/Substrate/Glints2/dict_0007_0156.uasset" 6946
"../../../Engine/Content/EngineMaterials/Substrate/Glints2/dict_0007_0157.uasset" 6947
"../../../Engine/Content/EngineMaterials/Substrate/Glints2/dict_0007_0155.uasset" 6948
"../../../Engine/Content/EngineMaterials/Substrate/Glints2/dict_0007_0159.uasset" 6949
"../../../Engine/Content/EngineMaterials/Substrate/Glints2/dict_0007_0185.uasset" 6950
"/Engine/EngineMaterials/Substrate/Glints2/dict_0007_0185" 6951
"/Engine/EngineMaterials/Substrate/Glints2/dict_0007_0157" 6952
"/Engine/EngineMaterials/Substrate/Glints2/dict_0007_0159" 6953
"../../../Engine/Content/EngineMaterials/Substrate/Glints2/dict_0007_0154.uasset" 6954
"/Engine/EngineMaterials/Substrate/Glints2/dict_0007_0155" 6955
"../../../Engine/Content/EngineMaterials/Substrate/Glints2/dict_0007_0163.uasset" 6956
"/Engine/EngineMaterials/Substrate/Glints2/dict_0007_0156" 6957
"/Engine/EngineMaterials/Substrate/Glints2/dict_0007_0154" 6958
"/Engine/EngineMaterials/Substrate/Glints2/dict_0007_0163" 6959
"../../../Engine/Content/EngineMaterials/Substrate/Glints2/dict_0007_0152.uasset" 6960
"/Engine/EngineMaterials/Substrate/Glints2/dict_0007_0152" 6961
"../../../Engine/Content/EngineMaterials/Substrate/Glints2/dict_0007_0151.uasset" 6962
"/Engine/EngineMaterials/Substrate/Glints2/dict_0007_0151" 6963
"../../../Engine/Content/EngineMaterials/Substrate/Glints2/dict_0007_0147.uasset" 6964
"../../../Engine/Content/EngineMaterials/Substrate/Glints2/dict_0007_0150.uasset" 6965
"/Engine/EngineMaterials/Substrate/Glints2/dict_0007_0147" 6966
"../../../Engine/Content/EngineMaterials/Substrate/Glints2/dict_0007_0146.uasset" 6967
"../../../Engine/Content/EngineMaterials/Substrate/Glints2/dict_0007_0149.uasset" 6968
"../../../Engine/Content/EngineMaterials/Substrate/Glints2/dict_0007_0153.uasset" 6969
"/Engine/EngineMaterials/Substrate/Glints2/dict_0007_0150" 6970
"/Engine/EngineMaterials/Substrate/Glints2/dict_0007_0146" 6971
"../../../Engine/Content/EngineMaterials/Substrate/Glints2/dict_0007_0145.uasset" 6972
"/Engine/EngineMaterials/Substrate/Glints2/dict_0007_0149" 6973
"../../../Engine/Content/EngineMaterials/Substrate/Glints2/dict_0007_0144.uasset" 6974
"/Engine/EngineMaterials/Substrate/Glints2/dict_0007_0153" 6975
"../../../Engine/Content/EngineMaterials/Substrate/Glints2/dict_0007_0148.uasset" 6976
"/Engine/EngineMaterials/Substrate/Glints2/dict_0007_0148" 6977
"/Engine/EngineMaterials/Substrate/Glints2/dict_0007_0144" 6978
"/Engine/EngineMaterials/Substrate/Glints2/dict_0007_0145" 6979
"../../../Engine/Content/EngineMaterials/Substrate/Glints2/dict_0007_0142.uasset" 6980
"/Engine/EngineMaterials/Substrate/Glints2/dict_0007_0142" 6981
"../../../Engine/Content/EngineMaterials/Substrate/Glints2/dict_0007_0140.uasset" 6982
"../../../Engine/Content/EngineMaterials/Substrate/Glints2/dict_0007_0143.uasset" 6983
"/Engine/EngineMaterials/Substrate/Glints2/dict_0007_0140" 6984
"/Engine/EngineMaterials/Substrate/Glints2/dict_0007_0143" 6985
"../../../Engine/Content/EngineMaterials/Substrate/Glints2/dict_0007_0137.uasset" 6986
"../../../Engine/Content/EngineMaterials/Substrate/Glints2/dict_0007_0138.uasset" 6987
"../../../Engine/Content/EngineMaterials/Substrate/Glints2/dict_0007_0136.uasset" 6988
"/Engine/EngineMaterials/Substrate/Glints2/dict_0007_0136" 6989
"../../../Engine/Content/EngineMaterials/Substrate/Glints2/dict_0007_0141.uasset" 6990
"/Engine/EngineMaterials/Substrate/Glints2/dict_0007_0137" 6991
"/Engine/EngineMaterials/Substrate/Glints2/dict_0007_0138" 6992
"/Engine/EngineMaterials/Substrate/Glints2/dict_0007_0141" 6993
"../../../Engine/Content/EngineMaterials/Substrate/Glints2/dict_0007_0135.uasset" 6994
"../../../Engine/Content/EngineMaterials/Substrate/Glints2/dict_0007_0134.uasset" 6995
"/Engine/EngineMaterials/Substrate/Glints2/dict_0007_0134" 6996
"../../../Engine/Content/EngineMaterials/Substrate/Glints2/dict_0007_0133.uasset" 6997
"../../../Engine/Content/EngineMaterials/Substrate/Glints2/dict_0007_0158.uasset" 6998
"/Engine/EngineMaterials/Substrate/Glints2/dict_0007_0135" 6999
"../../../Engine/Content/EngineMaterials/Substrate/Glints2/dict_0007_0132.uasset" 7000
"/Engine/EngineMaterials/Substrate/Glints2/dict_0007_0133" 7001
"/Engine/EngineMaterials/Substrate/Glints2/dict_0007_0158" 7002
"/Engine/EngineMaterials/Substrate/Glints2/dict_0007_0132" 7003
"../../../Engine/Content/EngineMaterials/Substrate/Glints2/dict_0007_0129.uasset" 7004
"/Engine/EngineMaterials/Substrate/Glints2/dict_0007_0129" 7005
"../../../Engine/Content/EngineMaterials/Substrate/Glints2/dict_0007_0128.uasset" 7006
"/Engine/EngineMaterials/Substrate/Glints2/dict_0007_0128" 7007
"../../../Engine/Content/EngineMaterials/Substrate/Glints2/dict_0007_0131.uasset" 7008
"../../../Engine/Content/EngineMaterials/Substrate/Glints2/dict_0007_0130.uasset" 7009
"/Engine/EngineMaterials/Substrate/Glints2/dict_0007_0131" 7010
"/Engine/EngineMaterials/Substrate/Glints2/dict_0007_0130" 7011
"../../../Engine/Content/EngineMaterials/Substrate/Glints2/dict_0007_0125.uasset" 7012
"../../../Engine/Content/EngineMaterials/Substrate/Glints2/dict_0007_0139.uasset" 7013
"../../../Engine/Content/EngineMaterials/Substrate/Glints2/dict_0007_0127.uasset" 7014
"../../../Engine/Content/EngineMaterials/Substrate/Glints2/dict_0007_0122.uasset" 7015
"/Engine/EngineMaterials/Substrate/Glints2/dict_0007_0139" 7016
"../../../Engine/Content/EngineMaterials/Substrate/Glints2/dict_0007_0123.uasset" 7017
"/Engine/EngineMaterials/Substrate/Glints2/dict_0007_0122" 7018
"../../../Engine/Content/EngineMaterials/Substrate/Glints2/dict_0007_0124.uasset" 7019
"/Engine/EngineMaterials/Substrate/Glints2/dict_0007_0125" 7020
"/Engine/EngineMaterials/Substrate/Glints2/dict_0007_0127" 7021
"/Engine/EngineMaterials/Substrate/Glints2/dict_0007_0123" 7022
"../../../Engine/Content/EngineMaterials/Substrate/Glints2/dict_0007_0118.uasset" 7023
"../../../Engine/Content/EngineMaterials/Substrate/Glints2/dict_0007_0119.uasset" 7024
"../../../Engine/Content/EngineMaterials/Substrate/Glints2/dict_0007_0116.uasset" 7025
"../../../Engine/Content/EngineMaterials/Substrate/Glints2/dict_0007_0117.uasset" 7026
"/Engine/EngineMaterials/Substrate/Glints2/dict_0007_0124" 7027
"/Engine/EngineMaterials/Substrate/Glints2/dict_0007_0119" 7028
"/Engine/EngineMaterials/Substrate/Glints2/dict_0007_0116" 7029
"/Engine/EngineMaterials/Substrate/Glints2/dict_0007_0117" 7030
"/Engine/EngineMaterials/Substrate/Glints2/dict_0007_0118" 7031
"../../../Engine/Content/EngineMaterials/Substrate/Glints2/dict_0007_0126.uasset" 7032
"../../../Engine/Content/EngineMaterials/Substrate/Glints2/dict_0007_0113.uasset" 7033
"../../../Engine/Content/EngineMaterials/Substrate/Glints2/dict_0007_0115.uasset" 7034
"../../../Engine/Content/EngineMaterials/Substrate/Glints2/dict_0007_0114.uasset" 7035
"../../../Engine/Content/EngineMaterials/Substrate/Glints2/dict_0007_0112.uasset" 7036
"../../../Engine/Content/EngineMaterials/Substrate/Glints2/dict_0007_0120.uasset" 7037
"/Engine/EngineMaterials/Substrate/Glints2/dict_0007_0112" 7038
"/Engine/EngineMaterials/Substrate/Glints2/dict_0007_0113" 7039
"/Engine/EngineMaterials/Substrate/Glints2/dict_0007_0114" 7040
"../../../Engine/Content/EngineMaterials/Substrate/Glints2/dict_0007_0121.uasset" 7041
"../../../Engine/Content/EngineMaterials/Substrate/Glints2/dict_0007_0111.uasset" 7042
"../../../Engine/Content/EngineMaterials/Substrate/Glints2/dict_0007_0109.uasset" 7043
"/Engine/EngineMaterials/Substrate/Glints2/dict_0007_0115" 7044
"../../../Engine/Content/EngineMaterials/Substrate/Glints2/dict_0007_0107.uasset" 7045
"../../../Engine/Content/EngineMaterials/Substrate/Glints2/dict_0007_0108.uasset" 7046
"/Engine/EngineMaterials/Substrate/Glints2/dict_0007_0120" 7047
"/Engine/EngineMaterials/Substrate/Glints2/dict_0007_0126" 7048
"/Engine/EngineMaterials/Substrate/Glints2/dict_0007_0107" 7049
"/Engine/EngineMaterials/Substrate/Glints2/dict_0007_0111" 7050
"/Engine/EngineMaterials/Substrate/Glints2/dict_0007_0108" 7051
"/Engine/EngineMaterials/Substrate/Glints2/dict_0007_0121" 7052
"/Engine/EngineMaterials/Substrate/Glints2/dict_0007_0109" 7053
"../../../Engine/Content/EngineMaterials/Substrate/Glints2/dict_0007_0103.uasset" 7054
"../../../Engine/Content/EngineMaterials/Substrate/Glints2/dict_0007_0110.uasset" 7055
"../../../Engine/Content/EngineMaterials/Substrate/Glints2/dict_0007_0105.uasset" 7056
"../../../Engine/Content/EngineMaterials/Substrate/Glints2/dict_0007_0101.uasset" 7057
"../../../Engine/Content/EngineMaterials/Substrate/Glints2/dict_0007_0102.uasset" 7058
"/Engine/EngineMaterials/Substrate/Glints2/dict_0007_0101" 7059
"/Engine/EngineMaterials/Substrate/Glints2/dict_0007_0105" 7060
"/Engine/EngineMaterials/Substrate/Glints2/dict_0007_0110" 7061
"../../../Engine/Content/EngineMaterials/Substrate/Glints2/dict_0007_0100.uasset" 7062
"../../../Engine/Content/EngineMaterials/Substrate/Glints2/dict_0007_0104.uasset" 7063
"/Engine/EngineMaterials/Substrate/Glints2/dict_0007_0102" 7064
"/Engine/EngineMaterials/Substrate/Glints2/dict_0007_0103" 7065
"../../../Engine/Content/EngineMaterials/Substrate/Glints2/dict_0007_0096.uasset" 7066
"../../../Engine/Content/EngineMaterials/Substrate/Glints2/dict_0007_0097.uasset" 7067
"/Engine/EngineMaterials/Substrate/Glints2/dict_0007_0104" 7068
"/Engine/EngineMaterials/Substrate/Glints2/dict_0007_0097" 7069
"/Engine/EngineMaterials/Substrate/Glints2/dict_0007_0096" 7070
"/Engine/EngineMaterials/Substrate/Glints2/dict_0007_0100" 7071
"../../../Engine/Content/EngineMaterials/Substrate/Glints2/dict_0007_0106.uasset" 7072
"/Engine/EngineMaterials/Substrate/Glints2/dict_0007_0106" 7073
"../../../Engine/Content/EngineMaterials/Substrate/Glints2/dict_0007_0098.uasset" 7074
"../../../Engine/Content/EngineMaterials/Substrate/Glints2/dict_0007_0095.uasset" 7075
"../../../Engine/Content/EngineMaterials/Substrate/Glints2/dict_0007_0099.uasset" 7076
"/Engine/EngineMaterials/Substrate/Glints2/dict_0007_0095" 7077
"/Engine/EngineMaterials/Substrate/Glints2/dict_0007_0098" 7078
"../../../Engine/Content/EngineMaterials/Substrate/Glints2/dict_0007_0093.uasset" 7079
"../../../Engine/Content/EngineMaterials/Substrate/Glints2/dict_0007_0092.uasset" 7080
"/Engine/EngineMaterials/Substrate/Glints2/dict_0007_0099" 7081
"/Engine/EngineMaterials/Substrate/Glints2/dict_0007_0093" 7082
"/Engine/EngineMaterials/Substrate/Glints2/dict_0007_0092" 7083
"../../../Engine/Content/EngineMaterials/Substrate/Glints2/dict_0007_0094.uasset" 7084
"../../../Engine/Content/EngineMaterials/Substrate/Glints2/dict_0007_0090.uasset" 7085
"../../../Engine/Content/EngineMaterials/Substrate/Glints2/dict_0007_0087.uasset" 7086
"../../../Engine/Content/EngineMaterials/Substrate/Glints2/dict_0007_0088.uasset" 7087
"../../../Engine/Content/EngineMaterials/Substrate/Glints2/dict_0007_0086.uasset" 7088
"/Engine/EngineMaterials/Substrate/Glints2/dict_0007_0087" 7089
"/Engine/EngineMaterials/Substrate/Glints2/dict_0007_0088" 7090
"/Engine/EngineMaterials/Substrate/Glints2/dict_0007_0090" 7091
"/Engine/EngineMaterials/Substrate/Glints2/dict_0007_0094" 7092
"/Engine/EngineMaterials/Substrate/Glints2/dict_0007_0086" 7093
"../../../Engine/Content/EngineMaterials/Substrate/Glints2/dict_0007_0085.uasset" 7094
"../../../Engine/Content/EngineMaterials/Substrate/Glints2/dict_0007_0083.uasset" 7095
"../../../Engine/Content/EngineMaterials/Substrate/Glints2/dict_0007_0089.uasset" 7096
"../../../Engine/Content/EngineMaterials/Substrate/Glints2/dict_0007_0091.uasset" 7097
"../../../Engine/Content/EngineMaterials/Substrate/Glints2/dict_0007_0084.uasset" 7098
"../../../Engine/Content/EngineMaterials/Substrate/Glints2/dict_0007_0082.uasset" 7099
"../../../Engine/Content/EngineMaterials/Substrate/Glints2/dict_0007_0081.uasset" 7100
"/Engine/EngineMaterials/Substrate/Glints2/dict_0007_0081" 7101
"/Engine/EngineMaterials/Substrate/Glints2/dict_0007_0082" 7102
"/Engine/EngineMaterials/Substrate/Glints2/dict_0007_0083" 7103
"/Engine/EngineMaterials/Substrate/Glints2/dict_0007_0084" 7104
"/Engine/EngineMaterials/Substrate/Glints2/dict_0007_0089" 7105
"../../../Engine/Content/EngineMaterials/Substrate/Glints2/dict_0007_0079.uasset" 7106
"../../../Engine/Content/EngineMaterials/Substrate/Glints2/dict_0007_0080.uasset" 7107
"../../../Engine/Content/EngineMaterials/Substrate/Glints2/dict_0007_0078.uasset" 7108
"/Engine/EngineMaterials/Substrate/Glints2/dict_0007_0085" 7109
"/Engine/EngineMaterials/Substrate/Glints2/dict_0007_0091" 7110
"/Engine/EngineMaterials/Substrate/Glints2/dict_0007_0078" 7111
"/Engine/EngineMaterials/Substrate/Glints2/dict_0007_0079" 7112
"/Engine/EngineMaterials/Substrate/Glints2/dict_0007_0080" 7113
"../../../Engine/Content/EngineMaterials/Substrate/Glints2/dict_0007_0076.uasset" 7114
"../../../Engine/Content/EngineMaterials/Substrate/Glints2/dict_0007_0074.uasset" 7115
"../../../Engine/Content/EngineMaterials/Substrate/Glints2/dict_0007_0073.uasset" 7116
"../../../Engine/Content/EngineMaterials/Substrate/Glints2/dict_0007_0072.uasset" 7117
"/Engine/EngineMaterials/Substrate/Glints2/dict_0007_0072" 7118
"/Engine/EngineMaterials/Substrate/Glints2/dict_0007_0076" 7119
"/Engine/EngineMaterials/Substrate/Glints2/dict_0007_0073" 7120
"/Engine/EngineMaterials/Substrate/Glints2/dict_0007_0074" 7121
"../../../Engine/Content/EngineMaterials/Substrate/Glints2/dict_0007_0077.uasset" 7122
"/Engine/EngineMaterials/Substrate/Glints2/dict_0007_0077" 7123
"../../../Engine/Content/EngineMaterials/Substrate/Glints2/dict_0007_0075.uasset" 7124
"../../../Engine/Content/EngineMaterials/Substrate/Glints2/dict_0007_0071.uasset" 7125
"../../../Engine/Content/EngineMaterials/Substrate/Glints2/dict_0007_0068.uasset" 7126
"../../../Engine/Content/EngineMaterials/Substrate/Glints2/dict_0007_0069.uasset" 7127
"/Engine/EngineMaterials/Substrate/Glints2/dict_0007_0071" 7128
"/Engine/EngineMaterials/Substrate/Glints2/dict_0007_0068" 7129
"/Engine/EngineMaterials/Substrate/Glints2/dict_0007_0075" 7130
"/Engine/EngineMaterials/Substrate/Glints2/dict_0007_0069" 7131
"../../../Engine/Content/EngineMaterials/Substrate/Glints2/dict_0007_0070.uasset" 7132
"../../../Engine/Content/EngineMaterials/Substrate/Glints2/dict_0007_0067.uasset" 7133
"/Engine/EngineMaterials/Substrate/Glints2/dict_0007_0067" 7134
"../../../Engine/Content/EngineMaterials/Substrate/Glints2/dict_0007_0065.uasset" 7135
"../../../Engine/Content/EngineMaterials/Substrate/Glints2/dict_0007_0066.uasset" 7136
"../../../Engine/Content/EngineMaterials/Substrate/Glints2/dict_0007_0064.uasset" 7137
"../../../Engine/Content/EngineMaterials/Substrate/Glints2/dict_0007_0062.uasset" 7138
"/Engine/EngineMaterials/Substrate/Glints2/dict_0007_0070" 7139
"/Engine/EngineMaterials/Substrate/Glints2/dict_0007_0066" 7140
"/Engine/EngineMaterials/Substrate/Glints2/dict_0007_0064" 7141
"../../../Engine/Content/EngineMaterials/Substrate/Glints2/dict_0007_0063.uasset" 7142
"/Engine/EngineMaterials/Substrate/Glints2/dict_0007_0065" 7143
"/Engine/EngineMaterials/Substrate/Glints2/dict_0007_0062" 7144
"/Engine/EngineMaterials/Substrate/Glints2/dict_0007_0063" 7145
"../../../Engine/Content/EngineMaterials/Substrate/Glints2/dict_0007_0058.uasset" 7146
"/Engine/EngineMaterials/Substrate/Glints2/dict_0007_0058" 7147
"../../../Engine/Content/EngineMaterials/Substrate/Glints2/dict_0007_0057.uasset" 7148
"../../../Engine/Content/EngineMaterials/Substrate/Glints2/dict_0007_0056.uasset" 7149
"../../../Engine/Content/EngineMaterials/Substrate/Glints2/dict_0007_0059.uasset" 7150
"/Engine/EngineMaterials/Substrate/Glints2/dict_0007_0056" 7151
"../../../Engine/Content/EngineMaterials/Substrate/Glints2/dict_0007_0061.uasset" 7152
"/Engine/EngineMaterials/Substrate/Glints2/dict_0007_0057" 7153
"/Engine/EngineMaterials/Substrate/Glints2/dict_0007_0059" 7154
"/Engine/EngineMaterials/Substrate/Glints2/dict_0007_0061" 7155
"../../../Engine/Content/EngineMaterials/Substrate/Glints2/dict_0007_0060.uasset" 7156
"../../../Engine/Content/EngineMaterials/Substrate/Glints2/dict_0007_0052.uasset" 7157
"../../../Engine/Content/EngineMaterials/Substrate/Glints2/dict_0007_0054.uasset" 7158
"../../../Engine/Content/EngineMaterials/Substrate/Glints2/dict_0007_0051.uasset" 7159
"/Engine/EngineMaterials/Substrate/Glints2/dict_0007_0051" 7160
"/Engine/EngineMaterials/Substrate/Glints2/dict_0007_0052" 7161
"../../../Engine/Content/EngineMaterials/Substrate/Glints2/dict_0007_0053.uasset" 7162
"/Engine/EngineMaterials/Substrate/Glints2/dict_0007_0054" 7163
"../../../Engine/Content/EngineMaterials/Substrate/Glints2/dict_0007_0055.uasset" 7164
"../../../Engine/Content/EngineMaterials/Substrate/Glints2/dict_0007_0049.uasset" 7165
"/Engine/EngineMaterials/Substrate/Glints2/dict_0007_0060" 7166
"/Engine/EngineMaterials/Substrate/Glints2/dict_0007_0049" 7167
"/Engine/EngineMaterials/Substrate/Glints2/dict_0007_0053" 7168
"../../../Engine/Content/EngineMaterials/Substrate/Glints2/dict_0007_0048.uasset" 7169
"/Engine/EngineMaterials/Substrate/Glints2/dict_0007_0055" 7170
"../../../Engine/Content/EngineMaterials/Substrate/Glints2/dict_0007_0047.uasset" 7171
"/Engine/EngineMaterials/Substrate/Glints2/dict_0007_0047" 7172
"/Engine/EngineMaterials/Substrate/Glints2/dict_0007_0048" 7173
"../../../Engine/Content/EngineMaterials/Substrate/Glints2/dict_0007_0045.uasset" 7174
"../../../Engine/Content/EngineMaterials/Substrate/Glints2/dict_0007_0043.uasset" 7175
"../../../Engine/Content/EngineMaterials/Substrate/Glints2/dict_0007_0046.uasset" 7176
"/Engine/EngineMaterials/Substrate/Glints2/dict_0007_0043" 7177
"../../../Engine/Content/EngineMaterials/Substrate/Glints2/dict_0007_0042.uasset" 7178
"/Engine/EngineMaterials/Substrate/Glints2/dict_0007_0045" 7179
"/Engine/EngineMaterials/Substrate/Glints2/dict_0007_0046" 7180
"../../../Engine/Content/EngineMaterials/Substrate/Glints2/dict_0007_0044.uasset" 7181
"/Engine/EngineMaterials/Substrate/Glints2/dict_0007_0042" 7182
"../../../Engine/Content/EngineMaterials/Substrate/Glints2/dict_0007_0039.uasset" 7183
"/Engine/EngineMaterials/Substrate/Glints2/dict_0007_0044" 7184
"/Engine/EngineMaterials/Substrate/Glints2/dict_0007_0039" 7185
"../../../Engine/Content/EngineMaterials/Substrate/Glints2/dict_0007_0040.uasset" 7186
"../../../Engine/Content/EngineMaterials/Substrate/Glints2/dict_0007_0041.uasset" 7187
"/Engine/EngineMaterials/Substrate/Glints2/dict_0007_0041" 7188
"/Engine/EngineMaterials/Substrate/Glints2/dict_0007_0040" 7189
"../../../Engine/Content/EngineMaterials/Substrate/Glints2/dict_0007_0036.uasset" 7190
"../../../Engine/Content/EngineMaterials/Substrate/Glints2/dict_0007_0038.uasset" 7191
"../../../Engine/Content/EngineMaterials/Substrate/Glints2/dict_0007_0050.uasset" 7192
"../../../Engine/Content/EngineMaterials/Substrate/Glints2/dict_0007_0037.uasset" 7193
"../../../Engine/Content/EngineMaterials/Substrate/Glints2/dict_0007_0035.uasset" 7194
"/Engine/EngineMaterials/Substrate/Glints2/dict_0007_0038" 7195
"/Engine/EngineMaterials/Substrate/Glints2/dict_0007_0050" 7196
"/Engine/EngineMaterials/Substrate/Glints2/dict_0007_0037" 7197
"../../../Engine/Content/EngineMaterials/Substrate/Glints2/dict_0007_0033.uasset" 7198
"../../../Engine/Content/EngineMaterials/Substrate/Glints2/dict_0007_0034.uasset" 7199
"/Engine/EngineMaterials/Substrate/Glints2/dict_0007_0036" 7200
"../../../Engine/Content/EngineMaterials/Substrate/Glints2/dict_0007_0029.uasset" 7201
"/Engine/EngineMaterials/Substrate/Glints2/dict_0007_0035" 7202
"../../../Engine/Content/EngineMaterials/Substrate/Glints2/dict_0007_0028.uasset" 7203
"/Engine/EngineMaterials/Substrate/Glints2/dict_0007_0033" 7204
"../../../Engine/Content/EngineMaterials/Substrate/Glints2/dict_0007_0032.uasset" 7205
"/Engine/EngineMaterials/Substrate/Glints2/dict_0007_0034" 7206
"/Engine/EngineMaterials/Substrate/Glints2/dict_0007_0029" 7207
"/Engine/EngineMaterials/Substrate/Glints2/dict_0007_0028" 7208
"/Engine/EngineMaterials/Substrate/Glints2/dict_0007_0032" 7209
"../../../Engine/Content/EngineMaterials/Substrate/Glints2/dict_0007_0027.uasset" 7210
"../../../Engine/Content/EngineMaterials/Substrate/Glints2/dict_0007_0031.uasset" 7211
"/Engine/EngineMaterials/Substrate/Glints2/dict_0007_0027" 7212
"/Engine/EngineMaterials/Substrate/Glints2/dict_0007_0031" 7213
"../../../Engine/Content/EngineMaterials/Substrate/Glints2/dict_0007_0026.uasset" 7214
"../../../Engine/Content/EngineMaterials/Substrate/Glints2/dict_0007_0025.uasset" 7215
"../../../Engine/Content/EngineMaterials/Substrate/Glints2/dict_0007_0023.uasset" 7216
"/Engine/EngineMaterials/Substrate/Glints2/dict_0007_0025" 7217
"../../../Engine/Content/EngineMaterials/Substrate/Glints2/dict_0007_0022.uasset" 7218
"/Engine/EngineMaterials/Substrate/Glints2/dict_0007_0026" 7219
"../../../Engine/Content/EngineMaterials/Substrate/Glints2/dict_0007_0030.uasset" 7220
"../../../Engine/Content/EngineMaterials/Substrate/Glints2/dict_0007_0019.uasset" 7221
"../../../Engine/Content/EngineMaterials/Substrate/Glints2/dict_0007_0024.uasset" 7222
"/Engine/EngineMaterials/Substrate/Glints2/dict_0007_0023" 7223
"/Engine/EngineMaterials/Substrate/Glints2/dict_0007_0022" 7224
"../../../Engine/Content/EngineMaterials/Substrate/Glints2/dict_0007_0021.uasset" 7225
"/Engine/EngineMaterials/Substrate/Glints2/dict_0007_0019" 7226
"../../../Engine/Content/EngineMaterials/Substrate/Glints2/dict_0007_0020.uasset" 7227
"/Engine/EngineMaterials/Substrate/Glints2/dict_0007_0030" 7228
"../../../Engine/Content/EngineMaterials/Substrate/Glints2/dict_0007_0018.uasset" 7229
"/Engine/EngineMaterials/Substrate/Glints2/dict_0007_0024" 7230
"/Engine/EngineMaterials/Substrate/Glints2/dict_0007_0018" 7231
"../../../Engine/Content/EngineMaterials/Substrate/Glints2/dict_0007_0015.uasset" 7232
"/Engine/EngineMaterials/Substrate/Glints2/dict_0007_0021" 7233
"/Engine/EngineMaterials/Substrate/Glints2/dict_0007_0020" 7234
"/Engine/EngineMaterials/Substrate/Glints2/dict_0007_0015" 7235
"../../../Engine/Content/EngineMaterials/Substrate/Glints2/dict_0007_0011.uasset" 7236
"../../../Engine/Content/EngineMaterials/Substrate/Glints2/dict_0007_0016.uasset" 7237
"/Engine/EngineMaterials/Substrate/Glints2/dict_0007_0016" 7238
"../../../Engine/Content/EngineMaterials/Substrate/Glints2/dict_0007_0012.uasset" 7239
"../../../Engine/Content/EngineMaterials/Substrate/Glints2/dict_0007_0010.uasset" 7240
"../../../Engine/Content/EngineMaterials/Substrate/Glints2/dict_0007_0014.uasset" 7241
"/Engine/EngineMaterials/Substrate/Glints2/dict_0007_0011" 7242
"/Engine/EngineMaterials/Substrate/Glints2/dict_0007_0012" 7243
"/Engine/EngineMaterials/Substrate/Glints2/dict_0007_0014" 7244
"/Engine/EngineMaterials/Substrate/Glints2/dict_0007_0010" 7245
"../../../Engine/Content/EngineMaterials/Substrate/Glints2/dict_0007_0007.uasset" 7246
"../../../Engine/Content/EngineMaterials/Substrate/Glints2/dict_0007_0008.uasset" 7247
"../../../Engine/Content/EngineMaterials/Substrate/Glints2/dict_0007_0009.uasset" 7248
"/Engine/EngineMaterials/Substrate/Glints2/dict_0007_0008" 7249
"/Engine/EngineMaterials/Substrate/Glints2/dict_0007_0009" 7250
"../../../Engine/Content/EngineMaterials/Substrate/Glints2/dict_0007_0006.uasset" 7251
"../../../Engine/Content/EngineMaterials/Substrate/Glints2/dict_0007_0004.uasset" 7252
"/Engine/EngineMaterials/Substrate/Glints2/dict_0007_0007" 7253
"../../../Engine/Content/EngineMaterials/Substrate/Glints2/dict_0007_0005.uasset" 7254
"../../../Engine/Content/EngineMaterials/Substrate/Glints2/dict_0007_0003.uasset" 7255
"/Engine/EngineMaterials/Substrate/Glints2/dict_0007_0004" 7256
"../../../Engine/Content/EngineMaterials/Substrate/Glints2/dict_0007_0017.uasset" 7257
"/Engine/EngineMaterials/Substrate/Glints2/dict_0007_0005" 7258
"/Engine/EngineMaterials/Substrate/Glints2/dict_0007_0006" 7259
"../../../Engine/Content/EngineMaterials/Substrate/Glints2/dict_0007_0013.uasset" 7260
"../../../Engine/Content/EngineMaterials/Substrate/Glints2/dict_0007_0002.uasset" 7261
"/Engine/EngineMaterials/Substrate/Glints2/dict_0007_0003" 7262
"/Engine/EngineMaterials/Substrate/Glints2/dict_0007_0013" 7263
"/Engine/EngineMaterials/Substrate/Glints2/dict_0007_0017" 7264
"../../../Engine/Content/EngineMaterials/Substrate/Glints2/dict_0007_0000.uasset" 7265
"/Engine/EngineMaterials/Substrate/Glints2/dict_0007_0000" 7266
"/Engine/EngineMaterials/Substrate/Glints2/dict_0007_0002" 7267
"../../../Engine/Content/EngineMaterials/Substrate/Glints2/dict_0006_0254.uasset" 7268
"/Engine/EngineMaterials/Substrate/Glints2/dict_0006_0254" 7269
"../../../Engine/Content/EngineMaterials/Substrate/Glints2/dict_0006_0253.uasset" 7270
"../../../Engine/Content/EngineMaterials/Substrate/Glints2/dict_0006_0251.uasset" 7271
"../../../Engine/Content/EngineMaterials/Substrate/Glints2/dict_0007_0001.uasset" 7272
"../../../Engine/Content/EngineMaterials/Substrate/Glints2/dict_0006_0252.uasset" 7273
"/Engine/EngineMaterials/Substrate/Glints2/dict_0007_0001" 7274
"../../../Engine/Content/EngineMaterials/Substrate/Glints2/dict_0006_0250.uasset" 7275
"/Engine/EngineMaterials/Substrate/Glints2/dict_0006_0252" 7276
"/Engine/EngineMaterials/Substrate/Glints2/dict_0006_0253" 7277
"/Engine/EngineMaterials/Substrate/Glints2/dict_0006_0251" 7278
"/Engine/EngineMaterials/Substrate/Glints2/dict_0006_0250" 7279
"../../../Engine/Content/EngineMaterials/Substrate/Glints2/dict_0006_0248.uasset" 7280
"../../../Engine/Content/EngineMaterials/Substrate/Glints2/dict_0006_0245.uasset" 7281
"../../../Engine/Content/EngineMaterials/Substrate/Glints2/dict_0006_0249.uasset" 7282
"../../../Engine/Content/EngineMaterials/Substrate/Glints2/dict_0006_0246.uasset" 7283
"../../../Engine/Content/EngineMaterials/Substrate/Glints2/dict_0006_0244.uasset" 7284
"/Engine/EngineMaterials/Substrate/Glints2/dict_0006_0249" 7285
"../../../Engine/Content/EngineMaterials/Substrate/Glints2/dict_0006_0247.uasset" 7286
"/Engine/EngineMaterials/Substrate/Glints2/dict_0006_0245" 7287
"../../../Engine/Content/EngineMaterials/Substrate/Glints2/dict_0006_0243.uasset" 7288
"../../../Engine/Content/EngineMaterials/Substrate/Glints2/dict_0006_0241.uasset" 7289
"/Engine/EngineMaterials/Substrate/Glints2/dict_0006_0246" 7290
"../../../Engine/Content/EngineMaterials/Substrate/Glints2/dict_0006_0242.uasset" 7291
"/Engine/EngineMaterials/Substrate/Glints2/dict_0006_0244" 7292
"/Engine/EngineMaterials/Substrate/Glints2/dict_0006_0248" 7293
"/Engine/EngineMaterials/Substrate/Glints2/dict_0006_0242" 7294
"/Engine/EngineMaterials/Substrate/Glints2/dict_0006_0241" 7295
"/Engine/EngineMaterials/Substrate/Glints2/dict_0006_0243" 7296
"/Engine/EngineMaterials/Substrate/Glints2/dict_0006_0247" 7297
"../../../Engine/Content/EngineMaterials/Substrate/Glints2/dict_0006_0239.uasset" 7298
"../../../Engine/Content/EngineMaterials/Substrate/Glints2/dict_0006_0238.uasset" 7299
"../../../Engine/Content/EngineMaterials/Substrate/Glints2/dict_0006_0237.uasset" 7300
"/Engine/EngineMaterials/Substrate/Glints2/dict_0006_0237" 7301
"/Engine/EngineMaterials/Substrate/Glints2/dict_0006_0238" 7302
"../../../Engine/Content/EngineMaterials/Substrate/Glints2/dict_0006_0240.uasset" 7303
"/Engine/EngineMaterials/Substrate/Glints2/dict_0006_0239" 7304
"../../../Engine/Content/EngineMaterials/Substrate/Glints2/dict_0006_0255.uasset" 7305
"/Engine/EngineMaterials/Substrate/Glints2/dict_0006_0240" 7306
"../../../Engine/Content/EngineMaterials/Substrate/Glints2/dict_0006_0234.uasset" 7307
"/Engine/EngineMaterials/Substrate/Glints2/dict_0006_0234" 7308
"../../../Engine/Content/EngineMaterials/Substrate/Glints2/dict_0006_0235.uasset" 7309
"../../../Engine/Content/EngineMaterials/Substrate/Glints2/dict_0006_0233.uasset" 7310
"../../../Engine/Content/EngineMaterials/Substrate/Glints2/dict_0006_0232.uasset" 7311
"../../../Engine/Content/EngineMaterials/Substrate/Glints2/dict_0006_0236.uasset" 7312
"/Engine/EngineMaterials/Substrate/Glints2/dict_0006_0236" 7313
"/Engine/EngineMaterials/Substrate/Glints2/dict_0006_0233" 7314
"/Engine/EngineMaterials/Substrate/Glints2/dict_0006_0255" 7315
"/Engine/EngineMaterials/Substrate/Glints2/dict_0006_0232" 7316
"/Engine/EngineMaterials/Substrate/Glints2/dict_0006_0235" 7317
"../../../Engine/Content/EngineMaterials/Substrate/Glints2/dict_0006_0230.uasset" 7318
"../../../Engine/Content/EngineMaterials/Substrate/Glints2/dict_0006_0227.uasset" 7319
"../../../Engine/Content/EngineMaterials/Substrate/Glints2/dict_0006_0231.uasset" 7320
"../../../Engine/Content/EngineMaterials/Substrate/Glints2/dict_0006_0228.uasset" 7321
"/Engine/EngineMaterials/Substrate/Glints2/dict_0006_0227" 7322
"/Engine/EngineMaterials/Substrate/Glints2/dict_0006_0230" 7323
"/Engine/EngineMaterials/Substrate/Glints2/dict_0006_0231" 7324
"/Engine/EngineMaterials/Substrate/Glints2/dict_0006_0228" 7325
"../../../Engine/Content/EngineMaterials/Substrate/Glints2/dict_0006_0225.uasset" 7326
"../../../Engine/Content/EngineMaterials/Substrate/Glints2/dict_0006_0229.uasset" 7327
"../../../Engine/Content/EngineMaterials/Substrate/Glints2/dict_0006_0226.uasset" 7328
"/Engine/EngineMaterials/Substrate/Glints2/dict_0006_0229" 7329
"../../../Engine/Content/EngineMaterials/Substrate/Glints2/dict_0006_0223.uasset" 7330
"../../../Engine/Content/EngineMaterials/Substrate/Glints2/dict_0006_0222.uasset" 7331
"../../../Engine/Content/EngineMaterials/Substrate/Glints2/dict_0006_0224.uasset" 7332
"/Engine/EngineMaterials/Substrate/Glints2/dict_0006_0225" 7333
"/Engine/EngineMaterials/Substrate/Glints2/dict_0006_0222" 7334
"/Engine/EngineMaterials/Substrate/Glints2/dict_0006_0223" 7335
"../../../Engine/Content/EngineMaterials/Substrate/Glints2/dict_0006_0220.uasset" 7336
"../../../Engine/Content/EngineMaterials/Substrate/Glints2/dict_0006_0216.uasset" 7337
"../../../Engine/Content/EngineMaterials/Substrate/Glints2/dict_0006_0217.uasset" 7338
"../../../Engine/Content/EngineMaterials/Substrate/Glints2/dict_0006_0218.uasset" 7339
"/Engine/EngineMaterials/Substrate/Glints2/dict_0006_0224" 7340
"/Engine/EngineMaterials/Substrate/Glints2/dict_0006_0226" 7341
"/Engine/EngineMaterials/Substrate/Glints2/dict_0006_0220" 7342
"../../../Engine/Content/EngineMaterials/Substrate/Glints2/dict_0006_0219.uasset" 7343
"/Engine/EngineMaterials/Substrate/Glints2/dict_0006_0216" 7344
"/Engine/EngineMaterials/Substrate/Glints2/dict_0006_0217" 7345
"../../../Engine/Content/EngineMaterials/Substrate/Glints2/dict_0006_0214.uasset" 7346
"../../../Engine/Content/EngineMaterials/Substrate/Glints2/dict_0006_0211.uasset" 7347
"../../../Engine/Content/EngineMaterials/Substrate/Glints2/dict_0006_0221.uasset" 7348
"../../../Engine/Content/EngineMaterials/Substrate/Glints2/dict_0006_0212.uasset" 7349
"../../../Engine/Content/EngineMaterials/Substrate/Glints2/dict_0006_0213.uasset" 7350
"/Engine/EngineMaterials/Substrate/Glints2/dict_0006_0218" 7351
"/Engine/EngineMaterials/Substrate/Glints2/dict_0006_0214" 7352
"../../../Engine/Content/EngineMaterials/Substrate/Glints2/dict_0006_0215.uasset" 7353
"/Engine/EngineMaterials/Substrate/Glints2/dict_0006_0221" 7354
"/Engine/EngineMaterials/Substrate/Glints2/dict_0006_0211" 7355
"/Engine/EngineMaterials/Substrate/Glints2/dict_0006_0219" 7356
"../../../Engine/Content/EngineMaterials/Substrate/Glints2/dict_0006_0210.uasset" 7357
"/Engine/EngineMaterials/Substrate/Glints2/dict_0006_0212" 7358
"/Engine/EngineMaterials/Substrate/Glints2/dict_0006_0213" 7359
"/Engine/EngineMaterials/Substrate/Glints2/dict_0006_0215" 7360
"../../../Engine/Content/EngineMaterials/Substrate/Glints2/dict_0006_0208.uasset" 7361
"../../../Engine/Content/EngineMaterials/Substrate/Glints2/dict_0006_0207.uasset" 7362
"../../../Engine/Content/EngineMaterials/Substrate/Glints2/dict_0006_0206.uasset" 7363
"../../../Engine/Content/EngineMaterials/Substrate/Glints2/dict_0006_0205.uasset" 7364
"/Engine/EngineMaterials/Substrate/Glints2/dict_0006_0207" 7365
"/Engine/EngineMaterials/Substrate/Glints2/dict_0006_0208" 7366
"/Engine/EngineMaterials/Substrate/Glints2/dict_0006_0210" 7367
"/Engine/EngineMaterials/Substrate/Glints2/dict_0006_0205" 7368
"../../../Engine/Content/EngineMaterials/Substrate/Glints2/dict_0006_0209.uasset" 7369
"../../../Engine/Content/EngineMaterials/Substrate/Glints2/dict_0006_0203.uasset" 7370
"../../../Engine/Content/EngineMaterials/Substrate/Glints2/dict_0006_0201.uasset" 7371
"../../../Engine/Content/EngineMaterials/Substrate/Glints2/dict_0006_0200.uasset" 7372
"../../../Engine/Content/EngineMaterials/Substrate/Glints2/dict_0006_0202.uasset" 7373
"/Engine/EngineMaterials/Substrate/Glints2/dict_0006_0206" 7374
"/Engine/EngineMaterials/Substrate/Glints2/dict_0006_0200" 7375
"/Engine/EngineMaterials/Substrate/Glints2/dict_0006_0201" 7376
"/Engine/EngineMaterials/Substrate/Glints2/dict_0006_0209" 7377
"/Engine/EngineMaterials/Substrate/Glints2/dict_0006_0202" 7378
"/Engine/EngineMaterials/Substrate/Glints2/dict_0006_0203" 7379
"../../../Engine/Content/EngineMaterials/Substrate/Glints2/dict_0006_0198.uasset" 7380
"../../../Engine/Content/EngineMaterials/Substrate/Glints2/dict_0006_0197.uasset" 7381
"../../../Engine/Content/EngineMaterials/Substrate/Glints2/dict_0006_0204.uasset" 7382
"../../../Engine/Content/EngineMaterials/Substrate/Glints2/dict_0006_0195.uasset" 7383
"../../../Engine/Content/EngineMaterials/Substrate/Glints2/dict_0006_0196.uasset" 7384
"/Engine/EngineMaterials/Substrate/Glints2/dict_0006_0196" 7385
"/Engine/EngineMaterials/Substrate/Glints2/dict_0006_0197" 7386
"/Engine/EngineMaterials/Substrate/Glints2/dict_0006_0198" 7387
"/Engine/EngineMaterials/Substrate/Glints2/dict_0006_0195" 7388
"/Engine/EngineMaterials/Substrate/Glints2/dict_0006_0204" 7389
"../../../Engine/Content/EngineMaterials/Substrate/Glints2/dict_0006_0199.uasset" 7390
"../../../Engine/Content/EngineMaterials/Substrate/Glints2/dict_0006_0194.uasset" 7391
"../../../Engine/Content/EngineMaterials/Substrate/Glints2/dict_0006_0193.uasset" 7392
"/Engine/EngineMaterials/Substrate/Glints2/dict_0006_0194" 7393
"../../../Engine/Content/EngineMaterials/Substrate/Glints2/dict_0006_0192.uasset" 7394
"../../../Engine/Content/EngineMaterials/Substrate/Glints2/dict_0006_0189.uasset" 7395
"/Engine/EngineMaterials/Substrate/Glints2/dict_0006_0193" 7396
"../../../Engine/Content/EngineMaterials/Substrate/Glints2/dict_0006_0191.uasset" 7397
"/Engine/EngineMaterials/Substrate/Glints2/dict_0006_0199" 7398
"../../../Engine/Content/EngineMaterials/Substrate/Glints2/dict_0006_0187.uasset" 7399
"/Engine/EngineMaterials/Substrate/Glints2/dict_0006_0191" 7400
"/Engine/EngineMaterials/Substrate/Glints2/dict_0006_0192" 7401
"/Engine/EngineMaterials/Substrate/Glints2/dict_0006_0189" 7402
"../../../Engine/Content/EngineMaterials/Substrate/Glints2/dict_0006_0186.uasset" 7403
"../../../Engine/Content/EngineMaterials/Substrate/Glints2/dict_0006_0185.uasset" 7404
"/Engine/EngineMaterials/Substrate/Glints2/dict_0006_0186" 7405
"../../../Engine/Content/EngineMaterials/Substrate/Glints2/dict_0006_0188.uasset" 7406
"/Engine/EngineMaterials/Substrate/Glints2/dict_0006_0187" 7407
"/Engine/EngineMaterials/Substrate/Glints2/dict_0006_0185" 7408
"/Engine/EngineMaterials/Substrate/Glints2/dict_0006_0188" 7409
"../../../Engine/Content/EngineMaterials/Substrate/Glints2/dict_0006_0183.uasset" 7410
"../../../Engine/Content/EngineMaterials/Substrate/Glints2/dict_0006_0182.uasset" 7411
"../../../Engine/Content/EngineMaterials/Substrate/Glints2/dict_0006_0184.uasset" 7412
"../../../Engine/Content/EngineMaterials/Substrate/Glints2/dict_0006_0181.uasset" 7413
"../../../Engine/Content/EngineMaterials/Substrate/Glints2/dict_0006_0180.uasset" 7414
"../../../Engine/Content/EngineMaterials/Substrate/Glints2/dict_0006_0178.uasset" 7415
"/Engine/EngineMaterials/Substrate/Glints2/dict_0006_0180" 7416
"/Engine/EngineMaterials/Substrate/Glints2/dict_0006_0181" 7417
"/Engine/EngineMaterials/Substrate/Glints2/dict_0006_0182" 7418
"../../../Engine/Content/EngineMaterials/Substrate/Glints2/dict_0006_0190.uasset" 7419
"/Engine/EngineMaterials/Substrate/Glints2/dict_0006_0183" 7420
"../../../Engine/Content/EngineMaterials/Substrate/Glints2/dict_0006_0177.uasset" 7421
"/Engine/EngineMaterials/Substrate/Glints2/dict_0006_0184" 7422
"/Engine/EngineMaterials/Substrate/Glints2/dict_0006_0178" 7423
"/Engine/EngineMaterials/Substrate/Glints2/dict_0006_0190" 7424
"/Engine/EngineMaterials/Substrate/Glints2/dict_0006_0177" 7425
"../../../Engine/Content/EngineMaterials/Substrate/Glints2/dict_0006_0171.uasset" 7426
"../../../Engine/Content/EngineMaterials/Substrate/Glints2/dict_0006_0175.uasset" 7427
"../../../Engine/Content/EngineMaterials/Substrate/Glints2/dict_0006_0179.uasset" 7428
"/Engine/EngineMaterials/Substrate/Glints2/dict_0006_0175" 7429
"/Engine/EngineMaterials/Substrate/Glints2/dict_0006_0171" 7430
"../../../Engine/Content/EngineMaterials/Substrate/Glints2/dict_0006_0170.uasset" 7431
"/Engine/EngineMaterials/Substrate/Glints2/dict_0006_0170" 7432
"/Engine/EngineMaterials/Substrate/Glints2/dict_0006_0179" 7433
"../../../Engine/Content/EngineMaterials/Substrate/Glints2/dict_0006_0173.uasset" 7434
"/Engine/EngineMaterials/Substrate/Glints2/dict_0006_0173" 7435
"../../../Engine/Content/EngineMaterials/Substrate/Glints2/dict_0006_0167.uasset" 7436
"../../../Engine/Content/EngineMaterials/Substrate/Glints2/dict_0006_0172.uasset" 7437
"/Engine/EngineMaterials/Substrate/Glints2/dict_0006_0172" 7438
"/Engine/EngineMaterials/Substrate/Glints2/dict_0006_0167" 7439
"../../../Engine/Content/EngineMaterials/Substrate/Glints2/dict_0006_0176.uasset" 7440
"../../../Engine/Content/EngineMaterials/Substrate/Glints2/dict_0006_0174.uasset" 7441
"../../../Engine/Content/EngineMaterials/Substrate/Glints2/dict_0006_0165.uasset" 7442
"../../../Engine/Content/EngineMaterials/Substrate/Glints2/dict_0006_0169.uasset" 7443
"/Engine/EngineMaterials/Substrate/Glints2/dict_0006_0169" 7444
"/Engine/EngineMaterials/Substrate/Glints2/dict_0006_0174" 7445
"/Engine/EngineMaterials/Substrate/Glints2/dict_0006_0176" 7446
"/Engine/EngineMaterials/Substrate/Glints2/dict_0006_0165" 7447
"../../../Engine/Content/EngineMaterials/Substrate/Glints2/dict_0006_0163.uasset" 7448
"../../../Engine/Content/EngineMaterials/Substrate/Glints2/dict_0006_0161.uasset" 7449
"/Engine/EngineMaterials/Substrate/Glints2/dict_0006_0161" 7450
"../../../Engine/Content/EngineMaterials/Substrate/Glints2/dict_0006_0162.uasset" 7451
"../../../Engine/Content/EngineMaterials/Substrate/Glints2/dict_0006_0168.uasset" 7452
"/Engine/EngineMaterials/Substrate/Glints2/dict_0006_0163" 7453
"../../../Engine/Content/EngineMaterials/Substrate/Glints2/dict_0006_0158.uasset" 7454
"../../../Engine/Content/EngineMaterials/Substrate/Glints2/dict_0006_0166.uasset" 7455
"/Engine/EngineMaterials/Substrate/Glints2/dict_0006_0158" 7456
"../../../Engine/Content/EngineMaterials/Substrate/Glints2/dict_0006_0164.uasset" 7457
"/Engine/EngineMaterials/Substrate/Glints2/dict_0006_0166" 7458
"/Engine/EngineMaterials/Substrate/Glints2/dict_0006_0162" 7459
"/Engine/EngineMaterials/Substrate/Glints2/dict_0006_0168" 7460
"/Engine/EngineMaterials/Substrate/Glints2/dict_0006_0164" 7461
"../../../Engine/Content/EngineMaterials/Substrate/Glints2/dict_0006_0159.uasset" 7462
"../../../Engine/Content/EngineMaterials/Substrate/Glints2/dict_0006_0155.uasset" 7463
"../../../Engine/Content/EngineMaterials/Substrate/Glints2/dict_0006_0154.uasset" 7464
"../../../Engine/Content/EngineMaterials/Substrate/Glints2/dict_0006_0157.uasset" 7465
"/Engine/EngineMaterials/Substrate/Glints2/dict_0006_0155" 7466
"/Engine/EngineMaterials/Substrate/Glints2/dict_0006_0159" 7467
"/Engine/EngineMaterials/Substrate/Glints2/dict_0006_0154" 7468
"../../../Engine/Content/EngineMaterials/Substrate/Glints2/dict_0006_0153.uasset" 7469
"/Engine/EngineMaterials/Substrate/Glints2/dict_0006_0157" 7470
"/Engine/EngineMaterials/Substrate/Glints2/dict_0006_0153" 7471
"../../../Engine/Content/EngineMaterials/Substrate/Glints2/dict_0006_0152.uasset" 7472
"../../../Engine/Content/EngineMaterials/Substrate/Glints2/dict_0006_0151.uasset" 7473
"../../../Engine/Content/EngineMaterials/Substrate/Glints2/dict_0006_0156.uasset" 7474
"../../../Engine/Content/EngineMaterials/Substrate/Glints2/dict_0006_0149.uasset" 7475
"../../../Engine/Content/EngineMaterials/Substrate/Glints2/dict_0006_0150.uasset" 7476
"/Engine/EngineMaterials/Substrate/Glints2/dict_0006_0149" 7477
"../../../Engine/Content/EngineMaterials/Substrate/Glints2/dict_0006_0148.uasset" 7478
"../../../Engine/Content/EngineMaterials/Substrate/Glints2/dict_0006_0160.uasset" 7479
"/Engine/EngineMaterials/Substrate/Glints2/dict_0006_0150" 7480
"/Engine/EngineMaterials/Substrate/Glints2/dict_0006_0151" 7481
"/Engine/EngineMaterials/Substrate/Glints2/dict_0006_0152" 7482
"../../../Engine/Content/EngineMaterials/Substrate/Glints2/dict_0006_0147.uasset" 7483
"/Engine/EngineMaterials/Substrate/Glints2/dict_0006_0156" 7484
"/Engine/EngineMaterials/Substrate/Glints2/dict_0006_0148" 7485
"../../../Engine/Content/EngineMaterials/Substrate/Glints2/dict_0006_0144.uasset" 7486
"../../../Engine/Content/EngineMaterials/Substrate/Glints2/dict_0006_0145.uasset" 7487
"/Engine/EngineMaterials/Substrate/Glints2/dict_0006_0160" 7488
"/Engine/EngineMaterials/Substrate/Glints2/dict_0006_0147" 7489
"/Engine/EngineMaterials/Substrate/Glints2/dict_0006_0144" 7490
"/Engine/EngineMaterials/Substrate/Glints2/dict_0006_0145" 7491
"../../../Engine/Content/EngineMaterials/Substrate/Glints2/dict_0006_0142.uasset" 7492
"../../../Engine/Content/EngineMaterials/Substrate/Glints2/dict_0006_0143.uasset" 7493
"/Engine/EngineMaterials/Substrate/Glints2/dict_0006_0142" 7494
"../../../Engine/Content/EngineMaterials/Substrate/Glints2/dict_0006_0140.uasset" 7495
"../../../Engine/Content/EngineMaterials/Substrate/Glints2/dict_0006_0146.uasset" 7496
"../../../Engine/Content/EngineMaterials/Substrate/Glints2/dict_0006_0139.uasset" 7497
"../../../Engine/Content/EngineMaterials/Substrate/Glints2/dict_0006_0138.uasset" 7498
"/Engine/EngineMaterials/Substrate/Glints2/dict_0006_0146" 7499
"/Engine/EngineMaterials/Substrate/Glints2/dict_0006_0143" 7500
"/Engine/EngineMaterials/Substrate/Glints2/dict_0006_0140" 7501
"/Engine/EngineMaterials/Substrate/Glints2/dict_0006_0138" 7502
"/Engine/EngineMaterials/Substrate/Glints2/dict_0006_0139" 7503
"../../../Engine/Content/EngineMaterials/Substrate/Glints2/dict_0006_0141.uasset" 7504
"../../../Engine/Content/EngineMaterials/Substrate/Glints2/dict_0006_0137.uasset" 7505
"../../../Engine/Content/EngineMaterials/Substrate/Glints2/dict_0006_0132.uasset" 7506
"../../../Engine/Content/EngineMaterials/Substrate/Glints2/dict_0006_0135.uasset" 7507
"../../../Engine/Content/EngineMaterials/Substrate/Glints2/dict_0006_0134.uasset" 7508
"/Engine/EngineMaterials/Substrate/Glints2/dict_0006_0135" 7509
"/Engine/EngineMaterials/Substrate/Glints2/dict_0006_0137" 7510
"/Engine/EngineMaterials/Substrate/Glints2/dict_0006_0134" 7511
"../../../Engine/Content/EngineMaterials/Substrate/Glints2/dict_0006_0133.uasset" 7512
"/Engine/EngineMaterials/Substrate/Glints2/dict_0006_0141" 7513
"/Engine/EngineMaterials/Substrate/Glints2/dict_0006_0132" 7514
"/Engine/EngineMaterials/Substrate/Glints2/dict_0006_0133" 7515
"../../../Engine/Content/EngineMaterials/Substrate/Glints2/dict_0006_0130.uasset" 7516
"../../../Engine/Content/EngineMaterials/Substrate/Glints2/dict_0006_0128.uasset" 7517
"../../../Engine/Content/EngineMaterials/Substrate/Glints2/dict_0006_0136.uasset" 7518
"../../../Engine/Content/EngineMaterials/Substrate/Glints2/dict_0006_0129.uasset" 7519
"../../../Engine/Content/EngineMaterials/Substrate/Glints2/dict_0006_0127.uasset" 7520
"../../../Engine/Content/EngineMaterials/Substrate/Glints2/dict_0006_0131.uasset" 7521
"/Engine/EngineMaterials/Substrate/Glints2/dict_0006_0128" 7522
"/Engine/EngineMaterials/Substrate/Glints2/dict_0006_0136" 7523
"/Engine/EngineMaterials/Substrate/Glints2/dict_0006_0129" 7524
"/Engine/EngineMaterials/Substrate/Glints2/dict_0006_0127" 7525
"/Engine/EngineMaterials/Substrate/Glints2/dict_0006_0130" 7526
"../../../Engine/Content/EngineMaterials/Substrate/Glints2/dict_0006_0124.uasset" 7527
"../../../Engine/Content/EngineMaterials/Substrate/Glints2/dict_0006_0125.uasset" 7528
"/Engine/EngineMaterials/Substrate/Glints2/dict_0006_0124" 7529
"../../../Engine/Content/EngineMaterials/Substrate/Glints2/dict_0006_0122.uasset" 7530
"/Engine/EngineMaterials/Substrate/Glints2/dict_0006_0125" 7531
"../../../Engine/Content/EngineMaterials/Substrate/Glints2/dict_0006_0126.uasset" 7532
"/Engine/EngineMaterials/Substrate/Glints2/dict_0006_0131" 7533
"/Engine/EngineMaterials/Substrate/Glints2/dict_0006_0122" 7534
"/Engine/EngineMaterials/Substrate/Glints2/dict_0006_0126" 7535
"../../../Engine/Content/EngineMaterials/Substrate/Glints2/dict_0006_0121.uasset" 7536
"../../../Engine/Content/EngineMaterials/Substrate/Glints2/dict_0006_0117.uasset" 7537
"../../../Engine/Content/EngineMaterials/Substrate/Glints2/dict_0006_0116.uasset" 7538
"../../../Engine/Content/EngineMaterials/Substrate/Glints2/dict_0006_0118.uasset" 7539
"../../../Engine/Content/EngineMaterials/Substrate/Glints2/dict_0006_0119.uasset" 7540
"/Engine/EngineMaterials/Substrate/Glints2/dict_0006_0118" 7541
"/Engine/EngineMaterials/Substrate/Glints2/dict_0006_0119" 7542
"/Engine/EngineMaterials/Substrate/Glints2/dict_0006_0121" 7543
"/Engine/EngineMaterials/Substrate/Glints2/dict_0006_0116" 7544
"/Engine/EngineMaterials/Substrate/Glints2/dict_0006_0117" 7545
"../../../Engine/Content/EngineMaterials/Substrate/Glints2/dict_0006_0115.uasset" 7546
"../../../Engine/Content/EngineMaterials/Substrate/Glints2/dict_0006_0114.uasset" 7547
"../../../Engine/Content/EngineMaterials/Substrate/Glints2/dict_0006_0110.uasset" 7548
"../../../Engine/Content/EngineMaterials/Substrate/Glints2/dict_0006_0111.uasset" 7549
"../../../Engine/Content/EngineMaterials/Substrate/Glints2/dict_0006_0109.uasset" 7550
"../../../Engine/Content/EngineMaterials/Substrate/Glints2/dict_0006_0112.uasset" 7551
"../../../Engine/Content/EngineMaterials/Substrate/Glints2/dict_0006_0105.uasset" 7552
"../../../Engine/Content/EngineMaterials/Substrate/Glints2/dict_0006_0104.uasset" 7553
"../../../Engine/Content/EngineMaterials/Substrate/Glints2/dict_0006_0106.uasset" 7554
"../../../Engine/Content/EngineMaterials/Substrate/Glints2/dict_0006_0108.uasset" 7555
"/Engine/EngineMaterials/Substrate/Glints2/dict_0006_0115" 7556
"/Engine/EngineMaterials/Substrate/Glints2/dict_0006_0112" 7557
"../../../Engine/Content/EngineMaterials/Substrate/Glints2/dict_0006_0107.uasset" 7558
"/Engine/EngineMaterials/Substrate/Glints2/dict_0006_0114" 7559
"/Engine/EngineMaterials/Substrate/Glints2/dict_0006_0109" 7560
"/Engine/EngineMaterials/Substrate/Glints2/dict_0006_0110" 7561
"/Engine/EngineMaterials/Substrate/Glints2/dict_0006_0111" 7562
"/Engine/EngineMaterials/Substrate/Glints2/dict_0006_0104" 7563
"/Engine/EngineMaterials/Substrate/Glints2/dict_0006_0105" 7564
"/Engine/EngineMaterials/Substrate/Glints2/dict_0006_0107" 7565
"/Engine/EngineMaterials/Substrate/Glints2/dict_0006_0108" 7566
"../../../Engine/Content/EngineMaterials/Substrate/Glints2/dict_0006_0103.uasset" 7567
"/Engine/EngineMaterials/Substrate/Glints2/dict_0006_0106" 7568
"/Engine/EngineMaterials/Substrate/Glints2/dict_0006_0103" 7569
"../../../Engine/Content/EngineMaterials/Substrate/Glints2/dict_0006_0101.uasset" 7570
"../../../Engine/Content/EngineMaterials/Substrate/Glints2/dict_0006_0102.uasset" 7571
"../../../Engine/Content/EngineMaterials/Substrate/Glints2/dict_0006_0113.uasset" 7572
"../../../Engine/Content/EngineMaterials/Substrate/Glints2/dict_0006_0099.uasset" 7573
"../../../Engine/Content/EngineMaterials/Substrate/Glints2/dict_0006_0098.uasset" 7574
"/Engine/EngineMaterials/Substrate/Glints2/dict_0006_0101" 7575
"../../../Engine/Content/EngineMaterials/Substrate/Glints2/dict_0006_0097.uasset" 7576
"/Engine/EngineMaterials/Substrate/Glints2/dict_0006_0102" 7577
"../../../Engine/Content/EngineMaterials/Substrate/Glints2/dict_0006_0100.uasset" 7578
"../../../Engine/Content/EngineMaterials/Substrate/Glints2/dict_0006_0120.uasset" 7579
"../../../Engine/Content/EngineMaterials/Substrate/Glints2/dict_0006_0096.uasset" 7580
"/Engine/EngineMaterials/Substrate/Glints2/dict_0006_0113" 7581
"/Engine/EngineMaterials/Substrate/Glints2/dict_0006_0098" 7582
"../../../Engine/Content/EngineMaterials/Substrate/Glints2/dict_0006_0093.uasset" 7583
"/Engine/EngineMaterials/Substrate/Glints2/dict_0006_0099" 7584
"../../../Engine/Content/EngineMaterials/Substrate/Glints2/dict_0006_0095.uasset" 7585
"../../../Engine/Content/EngineMaterials/Substrate/Glints2/dict_0006_0092.uasset" 7586
"/Engine/EngineMaterials/Substrate/Glints2/dict_0006_0093" 7587
"/Engine/EngineMaterials/Substrate/Glints2/dict_0006_0096" 7588
"/Engine/EngineMaterials/Substrate/Glints2/dict_0006_0097" 7589
"/Engine/EngineMaterials/Substrate/Glints2/dict_0006_0120" 7590
"/Engine/EngineMaterials/Substrate/Glints2/dict_0006_0092" 7591
"/Engine/EngineMaterials/Substrate/Glints2/dict_0006_0100" 7592
"/Engine/EngineMaterials/Substrate/Glints2/dict_0006_0095" 7593
"../../../Engine/Content/EngineMaterials/Substrate/Glints2/dict_0006_0089.uasset" 7594
"../../../Engine/Content/EngineMaterials/Substrate/Glints2/dict_0006_0091.uasset" 7595
"../../../Engine/Content/EngineMaterials/Substrate/Glints2/dict_0006_0088.uasset" 7596
"../../../Engine/Content/EngineMaterials/Substrate/Glints2/dict_0006_0094.uasset" 7597
"/Engine/EngineMaterials/Substrate/Glints2/dict_0006_0088" 7598
"../../../Engine/Content/EngineMaterials/Substrate/Glints2/dict_0006_0086.uasset" 7599
"/Engine/EngineMaterials/Substrate/Glints2/dict_0006_0091" 7600
"/Engine/EngineMaterials/Substrate/Glints2/dict_0006_0094" 7601
"../../../Engine/Content/EngineMaterials/Substrate/Glints2/dict_0006_0087.uasset" 7602
"/Engine/EngineMaterials/Substrate/Glints2/dict_0006_0089" 7603
"../../../Engine/Content/EngineMaterials/Substrate/Glints2/dict_0006_0083.uasset" 7604
"/Engine/EngineMaterials/Substrate/Glints2/dict_0006_0086" 7605
"../../../Engine/Content/EngineMaterials/Substrate/Glints2/dict_0006_0085.uasset" 7606
"../../../Engine/Content/EngineMaterials/Substrate/Glints2/dict_0006_0084.uasset" 7607
"/Engine/EngineMaterials/Substrate/Glints2/dict_0006_0087" 7608
"../../../Engine/Content/EngineMaterials/Substrate/Glints2/dict_0006_0081.uasset" 7609
"/Engine/EngineMaterials/Substrate/Glints2/dict_0006_0081" 7610
"/Engine/EngineMaterials/Substrate/Glints2/dict_0006_0083" 7611
"/Engine/EngineMaterials/Substrate/Glints2/dict_0006_0084" 7612
"/Engine/EngineMaterials/Substrate/Glints2/dict_0006_0085" 7613
"../../../Engine/Content/EngineMaterials/Substrate/Glints2/dict_0006_0082.uasset" 7614
"../../../Engine/Content/EngineMaterials/Substrate/Glints2/dict_0006_0078.uasset" 7615
"../../../Engine/Content/EngineMaterials/Substrate/Glints2/dict_0006_0077.uasset" 7616
"../../../Engine/Content/EngineMaterials/Substrate/Glints2/dict_0006_0090.uasset" 7617
"../../../Engine/Content/EngineMaterials/Substrate/Glints2/dict_0006_0080.uasset" 7618
"../../../Engine/Content/EngineMaterials/Substrate/Glints2/dict_0006_0076.uasset" 7619
"/Engine/EngineMaterials/Substrate/Glints2/dict_0006_0078" 7620
"/Engine/EngineMaterials/Substrate/Glints2/dict_0006_0080" 7621
"../../../Engine/Content/EngineMaterials/Substrate/Glints2/dict_0006_0075.uasset" 7622
"/Engine/EngineMaterials/Substrate/Glints2/dict_0006_0082" 7623
"/Engine/EngineMaterials/Substrate/Glints2/dict_0006_0090" 7624
"/Engine/EngineMaterials/Substrate/Glints2/dict_0006_0077" 7625
"/Engine/EngineMaterials/Substrate/Glints2/dict_0006_0075" 7626
"/Engine/EngineMaterials/Substrate/Glints2/dict_0006_0076" 7627
"../../../Engine/Content/EngineMaterials/Substrate/Glints2/dict_0006_0074.uasset" 7628
"../../../Engine/Content/EngineMaterials/Substrate/Glints2/dict_0006_0073.uasset" 7629
"../../../Engine/Content/EngineMaterials/Substrate/Glints2/dict_0006_0070.uasset" 7630
"../../../Engine/Content/EngineMaterials/Substrate/Glints2/dict_0006_0079.uasset" 7631
"/Engine/EngineMaterials/Substrate/Glints2/dict_0006_0070" 7632
"/Engine/EngineMaterials/Substrate/Glints2/dict_0006_0074" 7633
"/Engine/EngineMaterials/Substrate/Glints2/dict_0006_0079" 7634
"../../../Engine/Content/EngineMaterials/Substrate/Glints2/dict_0006_0068.uasset" 7635
"/Engine/EngineMaterials/Substrate/Glints2/dict_0006_0073" 7636
"/Engine/EngineMaterials/Substrate/Glints2/dict_0006_0068" 7637
"../../../Engine/Content/EngineMaterials/Substrate/Glints2/dict_0006_0067.uasset" 7638
"../../../Engine/Content/EngineMaterials/Substrate/Glints2/dict_0006_0065.uasset" 7639
"../../../Engine/Content/EngineMaterials/Substrate/Glints2/dict_0006_0072.uasset" 7640
"../../../Engine/Content/EngineMaterials/Substrate/Glints2/dict_0006_0066.uasset" 7641
"../../../Engine/Content/EngineMaterials/Substrate/Glints2/dict_0006_0069.uasset" 7642
"/Engine/EngineMaterials/Substrate/Glints2/dict_0006_0069" 7643
"../../../Engine/Content/EngineMaterials/Substrate/Glints2/dict_0006_0063.uasset" 7644
"../../../Engine/Content/EngineMaterials/Substrate/Glints2/dict_0006_0123.uasset" 7645
"../../../Engine/Content/EngineMaterials/Substrate/Glints2/dict_0006_0061.uasset" 7646
"../../../Engine/Content/EngineMaterials/Substrate/Glints2/dict_0006_0062.uasset" 7647
"/Engine/EngineMaterials/Substrate/Glints2/dict_0006_0065" 7648
"../../../Engine/Content/EngineMaterials/Substrate/Glints2/dict_0006_0059.uasset" 7649
"/Engine/EngineMaterials/Substrate/Glints2/dict_0006_0072" 7650
"/Engine/EngineMaterials/Substrate/Glints2/dict_0006_0066" 7651
"../../../Engine/Content/EngineMaterials/Substrate/Glints2/dict_0006_0058.uasset" 7652
"/Engine/EngineMaterials/Substrate/Glints2/dict_0006_0067" 7653
"../../../Engine/Content/EngineMaterials/Substrate/Glints2/dict_0006_0060.uasset" 7654
"/Engine/EngineMaterials/Substrate/Glints2/dict_0006_0062" 7655
"/Engine/EngineMaterials/Substrate/Glints2/dict_0006_0063" 7656
"/Engine/EngineMaterials/Substrate/Glints2/dict_0006_0058" 7657
"/Engine/EngineMaterials/Substrate/Glints2/dict_0006_0059" 7658
"/Engine/EngineMaterials/Substrate/Glints2/dict_0006_0060" 7659
"/Engine/EngineMaterials/Substrate/Glints2/dict_0006_0061" 7660
"/Engine/EngineMaterials/Substrate/Glints2/dict_0006_0123" 7661
"../../../Engine/Content/EngineMaterials/Substrate/Glints2/dict_0006_0057.uasset" 7662
"../../../Engine/Content/EngineMaterials/Substrate/Glints2/dict_0006_0055.uasset" 7663
"../../../Engine/Content/EngineMaterials/Substrate/Glints2/dict_0006_0054.uasset" 7664
"../../../Engine/Content/EngineMaterials/Substrate/Glints2/dict_0006_0053.uasset" 7665
"../../../Engine/Content/EngineMaterials/Substrate/Glints2/dict_0006_0051.uasset" 7666
"/Engine/EngineMaterials/Substrate/Glints2/dict_0006_0057" 7667
"/Engine/EngineMaterials/Substrate/Glints2/dict_0006_0053" 7668
"/Engine/EngineMaterials/Substrate/Glints2/dict_0006_0054" 7669
"/Engine/EngineMaterials/Substrate/Glints2/dict_0006_0055" 7670
"/Engine/EngineMaterials/Substrate/Glints2/dict_0006_0051" 7671
"../../../Engine/Content/EngineMaterials/Substrate/Glints2/dict_0006_0050.uasset" 7672
"../../../Engine/Content/EngineMaterials/Substrate/Glints2/dict_0006_0049.uasset" 7673
"../../../Engine/Content/EngineMaterials/Substrate/Glints2/dict_0006_0048.uasset" 7674
"../../../Engine/Content/EngineMaterials/Substrate/Glints2/dict_0006_0047.uasset" 7675
"../../../Engine/Content/EngineMaterials/Substrate/Glints2/dict_0006_0052.uasset" 7676
"../../../Engine/Content/EngineMaterials/Substrate/Glints2/dict_0006_0071.uasset" 7677
"../../../Engine/Content/EngineMaterials/Substrate/Glints2/dict_0006_0046.uasset" 7678
"/Engine/EngineMaterials/Substrate/Glints2/dict_0006_0047" 7679
"/Engine/EngineMaterials/Substrate/Glints2/dict_0006_0071" 7680
"../../../Engine/Content/EngineMaterials/Substrate/Glints2/dict_0006_0045.uasset" 7681
"../../../Engine/Content/EngineMaterials/Substrate/Glints2/dict_0006_0043.uasset" 7682
"../../../Engine/Content/EngineMaterials/Substrate/Glints2/dict_0006_0042.uasset" 7683
"/Engine/EngineMaterials/Substrate/Glints2/dict_0006_0048" 7684
"/Engine/EngineMaterials/Substrate/Glints2/dict_0006_0052" 7685
"../../../Engine/Content/EngineMaterials/Substrate/Glints2/dict_0006_0039.uasset" 7686
"/Engine/EngineMaterials/Substrate/Glints2/dict_0006_0049" 7687
"../../../Engine/Content/EngineMaterials/Substrate/Glints2/dict_0006_0041.uasset" 7688
"/Engine/EngineMaterials/Substrate/Glints2/dict_0006_0046" 7689
"/Engine/EngineMaterials/Substrate/Glints2/dict_0006_0050" 7690
"../../../Engine/Content/EngineMaterials/Substrate/Glints2/dict_0006_0044.uasset" 7691
"/Engine/EngineMaterials/Substrate/Glints2/dict_0006_0041" 7692
"/Engine/EngineMaterials/Substrate/Glints2/dict_0006_0042" 7693
"/Engine/EngineMaterials/Substrate/Glints2/dict_0006_0043" 7694
"/Engine/EngineMaterials/Substrate/Glints2/dict_0006_0045" 7695
"/Engine/EngineMaterials/Substrate/Glints2/dict_0006_0039" 7696
"/Engine/EngineMaterials/Substrate/Glints2/dict_0006_0044" 7697
"../../../Engine/Content/EngineMaterials/Substrate/Glints2/dict_0006_0064.uasset" 7698
"../../../Engine/Content/EngineMaterials/Substrate/Glints2/dict_0006_0036.uasset" 7699
"../../../Engine/Content/EngineMaterials/Substrate/Glints2/dict_0006_0035.uasset" 7700
"/Engine/EngineMaterials/Substrate/Glints2/dict_0006_0035" 7701
"../../../Engine/Content/EngineMaterials/Substrate/Glints2/dict_0006_0033.uasset" 7702
"../../../Engine/Content/EngineMaterials/Substrate/Glints2/dict_0006_0037.uasset" 7703
"../../../Engine/Content/EngineMaterials/Substrate/Glints2/dict_0006_0040.uasset" 7704
"/Engine/EngineMaterials/Substrate/Glints2/dict_0006_0064" 7705
"/Engine/EngineMaterials/Substrate/Glints2/dict_0006_0036" 7706
"../../../Engine/Content/EngineMaterials/Substrate/Glints2/dict_0006_0032.uasset" 7707
"/Engine/EngineMaterials/Substrate/Glints2/dict_0006_0037" 7708
"/Engine/EngineMaterials/Substrate/Glints2/dict_0006_0032" 7709
"/Engine/EngineMaterials/Substrate/Glints2/dict_0006_0033" 7710
"../../../Engine/Content/EngineMaterials/Substrate/Glints2/dict_0006_0038.uasset" 7711
"/Engine/EngineMaterials/Substrate/Glints2/dict_0006_0040" 7712
"/Engine/EngineMaterials/Substrate/Glints2/dict_0006_0038" 7713
"../../../Engine/Content/EngineMaterials/Substrate/Glints2/dict_0006_0030.uasset" 7714
"../../../Engine/Content/EngineMaterials/Substrate/Glints2/dict_0006_0031.uasset" 7715
"../../../Engine/Content/EngineMaterials/Substrate/Glints2/dict_0006_0026.uasset" 7716
"../../../Engine/Content/EngineMaterials/Substrate/Glints2/dict_0006_0028.uasset" 7717
"/Engine/EngineMaterials/Substrate/Glints2/dict_0006_0028" 7718
"../../../Engine/Content/EngineMaterials/Substrate/Glints2/dict_0006_0056.uasset" 7719
"../../../Engine/Content/EngineMaterials/Substrate/Glints2/dict_0006_0034.uasset" 7720
"/Engine/EngineMaterials/Substrate/Glints2/dict_0006_0030" 7721
"../../../Engine/Content/EngineMaterials/Substrate/Glints2/dict_0006_0024.uasset" 7722
"/Engine/EngineMaterials/Substrate/Glints2/dict_0006_0031" 7723
"../../../Engine/Content/EngineMaterials/Substrate/Glints2/dict_0006_0023.uasset" 7724
"../../../Engine/Content/EngineMaterials/Substrate/Glints2/dict_0006_0029.uasset" 7725
"/Engine/EngineMaterials/Substrate/Glints2/dict_0006_0026" 7726
"/Engine/EngineMaterials/Substrate/Glints2/dict_0006_0029" 7727
"../../../Engine/Content/EngineMaterials/Substrate/Glints2/dict_0006_0022.uasset" 7728
"/Engine/EngineMaterials/Substrate/Glints2/dict_0006_0056" 7729
"/Engine/EngineMaterials/Substrate/Glints2/dict_0006_0023" 7730
"/Engine/EngineMaterials/Substrate/Glints2/dict_0006_0024" 7731
"/Engine/EngineMaterials/Substrate/Glints2/dict_0006_0034" 7732
"/Engine/EngineMaterials/Substrate/Glints2/dict_0006_0022" 7733
"../../../Engine/Content/EngineMaterials/Substrate/Glints2/dict_0006_0021.uasset" 7734
"../../../Engine/Content/EngineMaterials/Substrate/Glints2/dict_0006_0020.uasset" 7735
"../../../Engine/Content/EngineMaterials/Substrate/Glints2/dict_0006_0015.uasset" 7736
"../../../Engine/Content/EngineMaterials/Substrate/Glints2/dict_0006_0018.uasset" 7737
"/Engine/EngineMaterials/Substrate/Glints2/dict_0006_0018" 7738
"../../../Engine/Content/EngineMaterials/Substrate/Glints2/dict_0006_0027.uasset" 7739
"/Engine/EngineMaterials/Substrate/Glints2/dict_0006_0020" 7740
"../../../Engine/Content/EngineMaterials/Substrate/Glints2/dict_0006_0016.uasset" 7741
"/Engine/EngineMaterials/Substrate/Glints2/dict_0006_0021" 7742
"/Engine/EngineMaterials/Substrate/Glints2/dict_0006_0015" 7743
"../../../Engine/Content/EngineMaterials/Substrate/Glints2/dict_0006_0017.uasset" 7744
"../../../Engine/Content/EngineMaterials/Substrate/Glints2/dict_0006_0014.uasset" 7745
"/Engine/EngineMaterials/Substrate/Glints2/dict_0006_0016" 7746
"/Engine/EngineMaterials/Substrate/Glints2/dict_0006_0017" 7747
"/Engine/EngineMaterials/Substrate/Glints2/dict_0006_0027" 7748
"/Engine/EngineMaterials/Substrate/Glints2/dict_0006_0014" 7749
"../../../Engine/Content/EngineMaterials/Substrate/Glints2/dict_0006_0013.uasset" 7750
"../../../Engine/Content/EngineMaterials/Substrate/Glints2/dict_0006_0011.uasset" 7751
"../../../Engine/Content/EngineMaterials/Substrate/Glints2/dict_0006_0010.uasset" 7752
"../../../Engine/Content/EngineMaterials/Substrate/Glints2/dict_0006_0012.uasset" 7753
"/Engine/EngineMaterials/Substrate/Glints2/dict_0006_0011" 7754
"../../../Engine/Content/EngineMaterials/Substrate/Glints2/dict_0006_0007.uasset" 7755
"/Engine/EngineMaterials/Substrate/Glints2/dict_0006_0012" 7756
"/Engine/EngineMaterials/Substrate/Glints2/dict_0006_0013" 7757
"../../../Engine/Content/EngineMaterials/Substrate/Glints2/dict_0006_0008.uasset" 7758
"/Engine/EngineMaterials/Substrate/Glints2/dict_0006_0010" 7759
"/Engine/EngineMaterials/Substrate/Glints2/dict_0006_0007" 7760
"/Engine/EngineMaterials/Substrate/Glints2/dict_0006_0008" 7761
"../../../Engine/Content/EngineMaterials/Substrate/Glints2/dict_0006_0009.uasset" 7762
"../../../Engine/Content/EngineMaterials/Substrate/Glints2/dict_0006_0005.uasset" 7763
"../../../Engine/Content/EngineMaterials/Substrate/Glints2/dict_0006_0006.uasset" 7764
"../../../Engine/Content/EngineMaterials/Substrate/Glints2/dict_0006_0025.uasset" 7765
"../../../Engine/Content/EngineMaterials/Substrate/Glints2/dict_0006_0003.uasset" 7766
"../../../Engine/Content/EngineMaterials/Substrate/Glints2/dict_0006_0002.uasset" 7767
"/Engine/EngineMaterials/Substrate/Glints2/dict_0006_0009" 7768
"../../../Engine/Content/EngineMaterials/Substrate/Glints2/dict_0006_0000.uasset" 7769
"/Engine/EngineMaterials/Substrate/Glints2/dict_0006_0003" 7770
"../../../Engine/Content/EngineMaterials/Substrate/Glints2/dict_0005_0255.uasset" 7771
"../../../Engine/Content/EngineMaterials/Substrate/Glints2/dict_0005_0254.uasset" 7772
"/Engine/EngineMaterials/Substrate/Glints2/dict_0006_0002" 7773
"/Engine/EngineMaterials/Substrate/Glints2/dict_0006_0005" 7774
"../../../Engine/Content/EngineMaterials/Substrate/Glints2/dict_0006_0019.uasset" 7775
"/Engine/EngineMaterials/Substrate/Glints2/dict_0006_0006" 7776
"/Engine/EngineMaterials/Substrate/Glints2/dict_0006_0025" 7777
"/Engine/EngineMaterials/Substrate/Glints2/dict_0005_0254" 7778
"/Engine/EngineMaterials/Substrate/Glints2/dict_0006_0019" 7779
"/Engine/EngineMaterials/Substrate/Glints2/dict_0005_0255" 7780
"../../../Engine/Content/EngineMaterials/Substrate/Glints2/dict_0005_0252.uasset" 7781
"/Engine/EngineMaterials/Substrate/Glints2/dict_0006_0000" 7782
"../../../Engine/Content/EngineMaterials/Substrate/Glints2/dict_0005_0251.uasset" 7783
"/Engine/EngineMaterials/Substrate/Glints2/dict_0005_0251" 7784
"/Engine/EngineMaterials/Substrate/Glints2/dict_0005_0252" 7785
"../../../Engine/Content/EngineMaterials/Substrate/Glints2/dict_0005_0250.uasset" 7786
"../../../Engine/Content/EngineMaterials/Substrate/Glints2/dict_0006_0004.uasset" 7787
"../../../Engine/Content/EngineMaterials/Substrate/Glints2/dict_0005_0248.uasset" 7788
"../../../Engine/Content/EngineMaterials/Substrate/Glints2/dict_0005_0245.uasset" 7789
"../../../Engine/Content/EngineMaterials/Substrate/Glints2/dict_0005_0246.uasset" 7790
"/Engine/EngineMaterials/Substrate/Glints2/dict_0005_0250" 7791
"/Engine/EngineMaterials/Substrate/Glints2/dict_0006_0004" 7792
"../../../Engine/Content/EngineMaterials/Substrate/Glints2/dict_0005_0249.uasset" 7793
"../../../Engine/Content/EngineMaterials/Substrate/Glints2/dict_0005_0244.uasset" 7794
"/Engine/EngineMaterials/Substrate/Glints2/dict_0005_0248" 7795
"/Engine/EngineMaterials/Substrate/Glints2/dict_0005_0249" 7796
"/Engine/EngineMaterials/Substrate/Glints2/dict_0005_0244" 7797
"/Engine/EngineMaterials/Substrate/Glints2/dict_0005_0245" 7798
"../../../Engine/Content/EngineMaterials/Substrate/Glints2/dict_0005_0253.uasset" 7799
"/Engine/EngineMaterials/Substrate/Glints2/dict_0005_0246" 7800
"/Engine/EngineMaterials/Substrate/Glints2/dict_0005_0253" 7801
"../../../Engine/Content/EngineMaterials/Substrate/Glints2/dict_0005_0242.uasset" 7802
"../../../Engine/Content/EngineMaterials/Substrate/Glints2/dict_0005_0247.uasset" 7803
"../../../Engine/Content/EngineMaterials/Substrate/Glints2/dict_0005_0241.uasset" 7804
"../../../Engine/Content/EngineMaterials/Substrate/Glints2/dict_0005_0239.uasset" 7805
"../../../Engine/Content/EngineMaterials/Substrate/Glints2/dict_0005_0238.uasset" 7806
"../../../Engine/Content/EngineMaterials/Substrate/Glints2/dict_0005_0240.uasset" 7807
"/Engine/EngineMaterials/Substrate/Glints2/dict_0005_0241" 7808
"/Engine/EngineMaterials/Substrate/Glints2/dict_0005_0242" 7809
"/Engine/EngineMaterials/Substrate/Glints2/dict_0005_0238" 7810
"../../../Engine/Content/EngineMaterials/Substrate/Glints2/dict_0006_0001.uasset" 7811
"/Engine/EngineMaterials/Substrate/Glints2/dict_0005_0240" 7812
"../../../Engine/Content/EngineMaterials/Substrate/Glints2/dict_0005_0235.uasset" 7813
"/Engine/EngineMaterials/Substrate/Glints2/dict_0005_0239" 7814
"/Engine/EngineMaterials/Substrate/Glints2/dict_0005_0247" 7815
"/Engine/EngineMaterials/Substrate/Glints2/dict_0005_0235" 7816
"/Engine/EngineMaterials/Substrate/Glints2/dict_0006_0001" 7817
"../../../Engine/Content/EngineMaterials/Substrate/Glints2/dict_0005_0236.uasset" 7818
"../../../Engine/Content/EngineMaterials/Substrate/Glints2/dict_0005_0234.uasset" 7819
"../../../Engine/Content/EngineMaterials/Substrate/Glints2/dict_0005_0233.uasset" 7820
"../../../Engine/Content/EngineMaterials/Substrate/Glints2/dict_0005_0232.uasset" 7821
"../../../Engine/Content/EngineMaterials/Substrate/Glints2/dict_0005_0243.uasset" 7822
"../../../Engine/Content/EngineMaterials/Substrate/Glints2/dict_0005_0231.uasset" 7823
"/Engine/EngineMaterials/Substrate/Glints2/dict_0005_0234" 7824
"../../../Engine/Content/EngineMaterials/Substrate/Glints2/dict_0005_0237.uasset" 7825
"/Engine/EngineMaterials/Substrate/Glints2/dict_0005_0236" 7826
"../../../Engine/Content/EngineMaterials/Substrate/Glints2/dict_0005_0227.uasset" 7827
"../../../Engine/Content/EngineMaterials/Substrate/Glints2/dict_0005_0228.uasset" 7828
"/Engine/EngineMaterials/Substrate/Glints2/dict_0005_0231" 7829
"/Engine/EngineMaterials/Substrate/Glints2/dict_0005_0232" 7830
"/Engine/EngineMaterials/Substrate/Glints2/dict_0005_0233" 7831
"../../../Engine/Content/EngineMaterials/Substrate/Glints2/dict_0005_0229.uasset" 7832
"../../../Engine/Content/EngineMaterials/Substrate/Glints2/dict_0005_0226.uasset" 7833
"/Engine/EngineMaterials/Substrate/Glints2/dict_0005_0243" 7834
"/Engine/EngineMaterials/Substrate/Glints2/dict_0005_0237" 7835
"../../../Engine/Content/EngineMaterials/Substrate/Glints2/dict_0005_0230.uasset" 7836
"../../../Engine/Content/EngineMaterials/Substrate/Glints2/dict_0005_0225.uasset" 7837
"/Engine/EngineMaterials/Substrate/Glints2/dict_0005_0228" 7838
"/Engine/EngineMaterials/Substrate/Glints2/dict_0005_0226" 7839
"/Engine/EngineMaterials/Substrate/Glints2/dict_0005_0227" 7840
"../../../Engine/Content/EngineMaterials/Substrate/Glints2/dict_0005_0223.uasset" 7841
"/Engine/EngineMaterials/Substrate/Glints2/dict_0005_0229" 7842
"/Engine/EngineMaterials/Substrate/Glints2/dict_0005_0225" 7843
"/Engine/EngineMaterials/Substrate/Glints2/dict_0005_0230" 7844
"../../../Engine/Content/EngineMaterials/Substrate/Glints2/dict_0005_0224.uasset" 7845
"../../../Engine/Content/EngineMaterials/Substrate/Glints2/dict_0005_0222.uasset" 7846
"../../../Engine/Content/EngineMaterials/Substrate/Glints2/dict_0005_0220.uasset" 7847
"../../../Engine/Content/EngineMaterials/Substrate/Glints2/dict_0005_0221.uasset" 7848
"../../../Engine/Content/EngineMaterials/Substrate/Glints2/dict_0005_0219.uasset" 7849
"../../../Engine/Content/EngineMaterials/Substrate/Glints2/dict_0005_0218.uasset" 7850
"/Engine/EngineMaterials/Substrate/Glints2/dict_0005_0224" 7851
"../../../Engine/Content/EngineMaterials/Substrate/Glints2/dict_0005_0214.uasset" 7852
"../../../Engine/Content/EngineMaterials/Substrate/Glints2/dict_0005_0216.uasset" 7853
"/Engine/EngineMaterials/Substrate/Glints2/dict_0005_0219" 7854
"../../../Engine/Content/EngineMaterials/Substrate/Glints2/dict_0005_0213.uasset" 7855
"../../../Engine/Content/EngineMaterials/Substrate/Glints2/dict_0005_0212.uasset" 7856
"/Engine/EngineMaterials/Substrate/Glints2/dict_0005_0222" 7857
"/Engine/EngineMaterials/Substrate/Glints2/dict_0005_0220" 7858
"/Engine/EngineMaterials/Substrate/Glints2/dict_0005_0223" 7859
"/Engine/EngineMaterials/Substrate/Glints2/dict_0005_0221" 7860
"/Engine/EngineMaterials/Substrate/Glints2/dict_0005_0216" 7861
"/Engine/EngineMaterials/Substrate/Glints2/dict_0005_0218" 7862
"../../../Engine/Content/EngineMaterials/Substrate/Glints2/dict_0005_0217.uasset" 7863
"../../../Engine/Content/EngineMaterials/Substrate/Glints2/dict_0005_0210.uasset" 7864
"/Engine/EngineMaterials/Substrate/Glints2/dict_0005_0212" 7865
"/Engine/EngineMaterials/Substrate/Glints2/dict_0005_0213" 7866
"../../../Engine/Content/EngineMaterials/Substrate/Glints2/dict_0005_0215.uasset" 7867
"/Engine/EngineMaterials/Substrate/Glints2/dict_0005_0214" 7868
"/Engine/EngineMaterials/Substrate/Glints2/dict_0005_0215" 7869
"/Engine/EngineMaterials/Substrate/Glints2/dict_0005_0210" 7870
"../../../Engine/Content/EngineMaterials/Substrate/Glints2/dict_0005_0208.uasset" 7871
"/Engine/EngineMaterials/Substrate/Glints2/dict_0005_0217" 7872
"/Engine/EngineMaterials/Substrate/Glints2/dict_0005_0208" 7873
"../../../Engine/Content/EngineMaterials/Substrate/Glints2/dict_0005_0211.uasset" 7874
"../../../Engine/Content/EngineMaterials/Substrate/Glints2/dict_0005_0206.uasset" 7875
"../../../Engine/Content/EngineMaterials/Substrate/Glints2/dict_0005_0203.uasset" 7876
"../../../Engine/Content/EngineMaterials/Substrate/Glints2/dict_0005_0207.uasset" 7877
"/Engine/EngineMaterials/Substrate/Glints2/dict_0005_0206" 7878
"/Engine/EngineMaterials/Substrate/Glints2/dict_0005_0211" 7879
"../../../Engine/Content/EngineMaterials/Substrate/Glints2/dict_0005_0209.uasset" 7880
"../../../Engine/Content/EngineMaterials/Substrate/Glints2/dict_0005_0202.uasset" 7881
"/Engine/EngineMaterials/Substrate/Glints2/dict_0005_0203" 7882
"../../../Engine/Content/EngineMaterials/Substrate/Glints2/dict_0005_0205.uasset" 7883
"/Engine/EngineMaterials/Substrate/Glints2/dict_0005_0209" 7884
"../../../Engine/Content/EngineMaterials/Substrate/Glints2/dict_0005_0200.uasset" 7885
"/Engine/EngineMaterials/Substrate/Glints2/dict_0005_0202" 7886
"/Engine/EngineMaterials/Substrate/Glints2/dict_0005_0207" 7887
"../../../Engine/Content/EngineMaterials/Substrate/Glints2/dict_0005_0199.uasset" 7888
"/Engine/EngineMaterials/Substrate/Glints2/dict_0005_0205" 7889
"../../../Engine/Content/EngineMaterials/Substrate/Glints2/dict_0005_0204.uasset" 7890
"../../../Engine/Content/EngineMaterials/Substrate/Glints2/dict_0005_0201.uasset" 7891
"/Engine/EngineMaterials/Substrate/Glints2/dict_0005_0200" 7892
"/Engine/EngineMaterials/Substrate/Glints2/dict_0005_0201" 7893
"/Engine/EngineMaterials/Substrate/Glints2/dict_0005_0199" 7894
"/Engine/EngineMaterials/Substrate/Glints2/dict_0005_0204" 7895
"../../../Engine/Content/EngineMaterials/Substrate/Glints2/dict_0005_0194.uasset" 7896
"../../../Engine/Content/EngineMaterials/Substrate/Glints2/dict_0005_0198.uasset" 7897
"../../../Engine/Content/EngineMaterials/Substrate/Glints2/dict_0005_0197.uasset" 7898
"../../../Engine/Content/EngineMaterials/Substrate/Glints2/dict_0005_0193.uasset" 7899
"../../../Engine/Content/EngineMaterials/Substrate/Glints2/dict_0005_0196.uasset" 7900
"../../../Engine/Content/EngineMaterials/Substrate/Glints2/dict_0005_0191.uasset" 7901
"../../../Engine/Content/EngineMaterials/Substrate/Glints2/dict_0005_0190.uasset" 7902
"/Engine/EngineMaterials/Substrate/Glints2/dict_0005_0196" 7903
"../../../Engine/Content/EngineMaterials/Substrate/Glints2/dict_0005_0187.uasset" 7904
"../../../Engine/Content/EngineMaterials/Substrate/Glints2/dict_0005_0192.uasset" 7905
"../../../Engine/Content/EngineMaterials/Substrate/Glints2/dict_0005_0189.uasset" 7906
"/Engine/EngineMaterials/Substrate/Glints2/dict_0005_0193" 7907
"/Engine/EngineMaterials/Substrate/Glints2/dict_0005_0197" 7908
"/Engine/EngineMaterials/Substrate/Glints2/dict_0005_0198" 7909
"/Engine/EngineMaterials/Substrate/Glints2/dict_0005_0190" 7910
"../../../Engine/Content/EngineMaterials/Substrate/Glints2/dict_0005_0188.uasset" 7911
"/Engine/EngineMaterials/Substrate/Glints2/dict_0005_0194" 7912
"/Engine/EngineMaterials/Substrate/Glints2/dict_0005_0191" 7913
"../../../Engine/Content/EngineMaterials/Substrate/Glints2/dict_0005_0186.uasset" 7914
"/Engine/EngineMaterials/Substrate/Glints2/dict_0005_0187" 7915
"../../../Engine/Content/EngineMaterials/Substrate/Glints2/dict_0005_0195.uasset" 7916
"/Engine/EngineMaterials/Substrate/Glints2/dict_0005_0188" 7917
"/Engine/EngineMaterials/Substrate/Glints2/dict_0005_0189" 7918
"/Engine/EngineMaterials/Substrate/Glints2/dict_0005_0192" 7919
"../../../Engine/Content/EngineMaterials/Substrate/Glints2/dict_0005_0181.uasset" 7920
"/Engine/EngineMaterials/Substrate/Glints2/dict_0005_0195" 7921
"../../../Engine/Content/EngineMaterials/Substrate/Glints2/dict_0005_0183.uasset" 7922
"../../../Engine/Content/EngineMaterials/Substrate/Glints2/dict_0005_0185.uasset" 7923
"/Engine/EngineMaterials/Substrate/Glints2/dict_0005_0186" 7924
"../../../Engine/Content/EngineMaterials/Substrate/Glints2/dict_0005_0179.uasset" 7925
"/Engine/EngineMaterials/Substrate/Glints2/dict_0005_0181" 7926
"../../../Engine/Content/EngineMaterials/Substrate/Glints2/dict_0005_0182.uasset" 7927
"../../../Engine/Content/EngineMaterials/Substrate/Glints2/dict_0005_0184.uasset" 7928
"../../../Engine/Content/EngineMaterials/Substrate/Glints2/dict_0005_0180.uasset" 7929
"/Engine/EngineMaterials/Substrate/Glints2/dict_0005_0183" 7930
"/Engine/EngineMaterials/Substrate/Glints2/dict_0005_0185" 7931
"/Engine/EngineMaterials/Substrate/Glints2/dict_0005_0179" 7932
"/Engine/EngineMaterials/Substrate/Glints2/dict_0005_0180" 7933
"/Engine/EngineMaterials/Substrate/Glints2/dict_0005_0182" 7934
"/Engine/EngineMaterials/Substrate/Glints2/dict_0005_0184" 7935
"../../../Engine/Content/EngineMaterials/Substrate/Glints2/dict_0005_0177.uasset" 7936
"../../../Engine/Content/EngineMaterials/Substrate/Glints2/dict_0005_0175.uasset" 7937
"../../../Engine/Content/EngineMaterials/Substrate/Glints2/dict_0005_0176.uasset" 7938
"../../../Engine/Content/EngineMaterials/Substrate/Glints2/dict_0005_0178.uasset" 7939
"../../../Engine/Content/EngineMaterials/Substrate/Glints2/dict_0005_0172.uasset" 7940
"../../../Engine/Content/EngineMaterials/Substrate/Glints2/dict_0005_0174.uasset" 7941
"/Engine/EngineMaterials/Substrate/Glints2/dict_0005_0178" 7942
"/Engine/EngineMaterials/Substrate/Glints2/dict_0005_0175" 7943
"../../../Engine/Content/EngineMaterials/Substrate/Glints2/dict_0005_0170.uasset" 7944
"../../../Engine/Content/EngineMaterials/Substrate/Glints2/dict_0005_0169.uasset" 7945
"/Engine/EngineMaterials/Substrate/Glints2/dict_0005_0176" 7946
"../../../Engine/Content/EngineMaterials/Substrate/Glints2/dict_0005_0173.uasset" 7947
"../../../Engine/Content/EngineMaterials/Substrate/Glints2/dict_0005_0168.uasset" 7948
"/Engine/EngineMaterials/Substrate/Glints2/dict_0005_0172" 7949
"/Engine/EngineMaterials/Substrate/Glints2/dict_0005_0177" 7950
"/Engine/EngineMaterials/Substrate/Glints2/dict_0005_0168" 7951
"../../../Engine/Content/EngineMaterials/Substrate/Glints2/dict_0005_0171.uasset" 7952
"/Engine/EngineMaterials/Substrate/Glints2/dict_0005_0169" 7953
"../../../Engine/Content/EngineMaterials/Substrate/Glints2/dict_0005_0165.uasset" 7954
"/Engine/EngineMaterials/Substrate/Glints2/dict_0005_0170" 7955
"/Engine/EngineMaterials/Substrate/Glints2/dict_0005_0173" 7956
"../../../Engine/Content/EngineMaterials/Substrate/Glints2/dict_0005_0167.uasset" 7957
"/Engine/EngineMaterials/Substrate/Glints2/dict_0005_0174" 7958
"/Engine/EngineMaterials/Substrate/Glints2/dict_0005_0167" 7959
"/Engine/EngineMaterials/Substrate/Glints2/dict_0005_0171" 7960
"/Engine/EngineMaterials/Substrate/Glints2/dict_0005_0165" 7961
"../../../Engine/Content/EngineMaterials/Substrate/Glints2/dict_0005_0162.uasset" 7962
"/Engine/EngineMaterials/Substrate/Glints2/dict_0005_0162" 7963
"../../../Engine/Content/EngineMaterials/Substrate/Glints2/dict_0005_0163.uasset" 7964
"/Engine/EngineMaterials/Substrate/Glints2/dict_0005_0163" 7965
"../../../Engine/Content/EngineMaterials/Substrate/Glints2/dict_0005_0158.uasset" 7966
"../../../Engine/Content/EngineMaterials/Substrate/Glints2/dict_0005_0166.uasset" 7967
"../../../Engine/Content/EngineMaterials/Substrate/Glints2/dict_0005_0164.uasset" 7968
"../../../Engine/Content/EngineMaterials/Substrate/Glints2/dict_0005_0157.uasset" 7969
"../../../Engine/Content/EngineMaterials/Substrate/Glints2/dict_0005_0156.uasset" 7970
"/Engine/EngineMaterials/Substrate/Glints2/dict_0005_0156" 7971
"../../../Engine/Content/EngineMaterials/Substrate/Glints2/dict_0005_0160.uasset" 7972
"/Engine/EngineMaterials/Substrate/Glints2/dict_0005_0157" 7973
"../../../Engine/Content/EngineMaterials/Substrate/Glints2/dict_0005_0159.uasset" 7974
"/Engine/EngineMaterials/Substrate/Glints2/dict_0005_0158" 7975
"../../../Engine/Content/EngineMaterials/Substrate/Glints2/dict_0005_0161.uasset" 7976
"/Engine/EngineMaterials/Substrate/Glints2/dict_0005_0164" 7977
"/Engine/EngineMaterials/Substrate/Glints2/dict_0005_0166" 7978
"/Engine/EngineMaterials/Substrate/Glints2/dict_0005_0160" 7979
"/Engine/EngineMaterials/Substrate/Glints2/dict_0005_0161" 7980
"/Engine/EngineMaterials/Substrate/Glints2/dict_0005_0159" 7981
"../../../Engine/Content/EngineMaterials/Substrate/Glints2/dict_0005_0155.uasset" 7982
"../../../Engine/Content/EngineMaterials/Substrate/Glints2/dict_0005_0153.uasset" 7983
"../../../Engine/Content/EngineMaterials/Substrate/Glints2/dict_0005_0150.uasset" 7984
"../../../Engine/Content/EngineMaterials/Substrate/Glints2/dict_0005_0152.uasset" 7985
"../../../Engine/Content/EngineMaterials/Substrate/Glints2/dict_0005_0154.uasset" 7986
"/Engine/EngineMaterials/Substrate/Glints2/dict_0005_0154" 7987
"/Engine/EngineMaterials/Substrate/Glints2/dict_0005_0152" 7988
"../../../Engine/Content/EngineMaterials/Substrate/Glints2/dict_0005_0147.uasset" 7989
"../../../Engine/Content/EngineMaterials/Substrate/Glints2/dict_0005_0149.uasset" 7990
"../../../Engine/Content/EngineMaterials/Substrate/Glints2/dict_0005_0148.uasset" 7991
"/Engine/EngineMaterials/Substrate/Glints2/dict_0005_0150" 7992
"../../../Engine/Content/EngineMaterials/Substrate/Glints2/dict_0005_0151.uasset" 7993
"/Engine/EngineMaterials/Substrate/Glints2/dict_0005_0153" 7994
"/Engine/EngineMaterials/Substrate/Glints2/dict_0005_0155" 7995
"/Engine/EngineMaterials/Substrate/Glints2/dict_0005_0147" 7996
"/Engine/EngineMaterials/Substrate/Glints2/dict_0005_0148" 7997
"../../../Engine/Content/EngineMaterials/Substrate/Glints2/dict_0005_0146.uasset" 7998
"/Engine/EngineMaterials/Substrate/Glints2/dict_0005_0149" 7999
"/Engine/EngineMaterials/Substrate/Glints2/dict_0005_0151" 8000
"/Engine/EngineMaterials/Substrate/Glints2/dict_0005_0146" 8001
"../../../Engine/Content/EngineMaterials/Substrate/Glints2/dict_0005_0145.uasset" 8002
"../../../Engine/Content/EngineMaterials/Substrate/Glints2/dict_0005_0143.uasset" 8003
"../../../Engine/Content/EngineMaterials/Substrate/Glints2/dict_0005_0144.uasset" 8004
"../../../Engine/Content/EngineMaterials/Substrate/Glints2/dict_0005_0139.uasset" 8005
"../../../Engine/Content/EngineMaterials/Substrate/Glints2/dict_0005_0138.uasset" 8006
"../../../Engine/Content/EngineMaterials/Substrate/Glints2/dict_0005_0136.uasset" 8007
"../../../Engine/Content/EngineMaterials/Substrate/Glints2/dict_0005_0140.uasset" 8008
"../../../Engine/Content/EngineMaterials/Substrate/Glints2/dict_0005_0142.uasset" 8009
"../../../Engine/Content/EngineMaterials/Substrate/Glints2/dict_0005_0134.uasset" 8010
"/Engine/EngineMaterials/Substrate/Glints2/dict_0005_0143" 8011
"../../../Engine/Content/EngineMaterials/Substrate/Glints2/dict_0005_0137.uasset" 8012
"/Engine/EngineMaterials/Substrate/Glints2/dict_0005_0144" 8013
"../../../Engine/Content/EngineMaterials/Substrate/Glints2/dict_0005_0135.uasset" 8014
"/Engine/EngineMaterials/Substrate/Glints2/dict_0005_0138" 8015
"/Engine/EngineMaterials/Substrate/Glints2/dict_0005_0136" 8016
"/Engine/EngineMaterials/Substrate/Glints2/dict_0005_0145" 8017
"/Engine/EngineMaterials/Substrate/Glints2/dict_0005_0139" 8018
"../../../Engine/Content/EngineMaterials/Substrate/Glints2/dict_0005_0133.uasset" 8019
"../../../Engine/Content/EngineMaterials/Substrate/Glints2/dict_0005_0141.uasset" 8020
"/Engine/EngineMaterials/Substrate/Glints2/dict_0005_0140" 8021
"/Engine/EngineMaterials/Substrate/Glints2/dict_0005_0134" 8022
"/Engine/EngineMaterials/Substrate/Glints2/dict_0005_0137" 8023
"/Engine/EngineMaterials/Substrate/Glints2/dict_0005_0142" 8024
"/Engine/EngineMaterials/Substrate/Glints2/dict_0005_0135" 8025
"/Engine/EngineMaterials/Substrate/Glints2/dict_0005_0133" 8026
"/Engine/EngineMaterials/Substrate/Glints2/dict_0005_0141" 8027
"../../../Engine/Content/EngineMaterials/Substrate/Glints2/dict_0005_0129.uasset" 8028
"../../../Engine/Content/EngineMaterials/Substrate/Glints2/dict_0005_0132.uasset" 8029
"../../../Engine/Content/EngineMaterials/Substrate/Glints2/dict_0005_0131.uasset" 8030
"../../../Engine/Content/EngineMaterials/Substrate/Glints2/dict_0005_0126.uasset" 8031
"../../../Engine/Content/EngineMaterials/Substrate/Glints2/dict_0005_0125.uasset" 8032
"/Engine/EngineMaterials/Substrate/Glints2/dict_0005_0129" 8033
"../../../Engine/Content/EngineMaterials/Substrate/Glints2/dict_0005_0124.uasset" 8034
"/Engine/EngineMaterials/Substrate/Glints2/dict_0005_0125" 8035
"../../../Engine/Content/EngineMaterials/Substrate/Glints2/dict_0005_0123.uasset" 8036
"/Engine/EngineMaterials/Substrate/Glints2/dict_0005_0132" 8037
"/Engine/EngineMaterials/Substrate/Glints2/dict_0005_0131" 8038
"/Engine/EngineMaterials/Substrate/Glints2/dict_0005_0126" 8039
"/Engine/EngineMaterials/Substrate/Glints2/dict_0005_0124" 8040
"/Engine/EngineMaterials/Substrate/Glints2/dict_0005_0123" 8041
"../../../Engine/Content/EngineMaterials/Substrate/Glints2/dict_0005_0119.uasset" 8042
"../../../Engine/Content/EngineMaterials/Substrate/Glints2/dict_0005_0120.uasset" 8043
"../../../Engine/Content/EngineMaterials/Substrate/Glints2/dict_0005_0121.uasset" 8044
"../../../Engine/Content/EngineMaterials/Substrate/Glints2/dict_0005_0122.uasset" 8045
"../../../Engine/Content/EngineMaterials/Substrate/Glints2/dict_0005_0118.uasset" 8046
"../../../Engine/Content/EngineMaterials/Substrate/Glints2/dict_0005_0130.uasset" 8047
"../../../Engine/Content/EngineMaterials/Substrate/Glints2/dict_0005_0117.uasset" 8048
"../../../Engine/Content/EngineMaterials/Substrate/Glints2/dict_0005_0128.uasset" 8049
"/Engine/EngineMaterials/Substrate/Glints2/dict_0005_0119" 8050
"/Engine/EngineMaterials/Substrate/Glints2/dict_0005_0117" 8051
"/Engine/EngineMaterials/Substrate/Glints2/dict_0005_0118" 8052
"/Engine/EngineMaterials/Substrate/Glints2/dict_0005_0130" 8053
"/Engine/EngineMaterials/Substrate/Glints2/dict_0005_0120" 8054
"../../../Engine/Content/EngineMaterials/Substrate/Glints2/dict_0005_0116.uasset" 8055
"/Engine/EngineMaterials/Substrate/Glints2/dict_0005_0121" 8056
"/Engine/EngineMaterials/Substrate/Glints2/dict_0005_0122" 8057
"../../../Engine/Content/EngineMaterials/Substrate/Glints2/dict_0005_0114.uasset" 8058
"/Engine/EngineMaterials/Substrate/Glints2/dict_0005_0128" 8059
"/Engine/EngineMaterials/Substrate/Glints2/dict_0005_0116" 8060
"/Engine/EngineMaterials/Substrate/Glints2/dict_0005_0114" 8061
"../../../Engine/Content/EngineMaterials/Substrate/Glints2/dict_0005_0112.uasset" 8062
"/Engine/EngineMaterials/Substrate/Glints2/dict_0005_0112" 8063
"../../../Engine/Content/EngineMaterials/Substrate/Glints2/dict_0005_0110.uasset" 8064
"/Engine/EngineMaterials/Substrate/Glints2/dict_0005_0110" 8065
"../../../Engine/Content/EngineMaterials/Substrate/Glints2/dict_0005_0127.uasset" 8066
"../../../Engine/Content/EngineMaterials/Substrate/Glints2/dict_0005_0108.uasset" 8067
"../../../Engine/Content/EngineMaterials/Substrate/Glints2/dict_0005_0106.uasset" 8068
"../../../Engine/Content/EngineMaterials/Substrate/Glints2/dict_0005_0107.uasset" 8069
"../../../Engine/Content/EngineMaterials/Substrate/Glints2/dict_0005_0115.uasset" 8070
"../../../Engine/Content/EngineMaterials/Substrate/Glints2/dict_0005_0113.uasset" 8071
"../../../Engine/Content/EngineMaterials/Substrate/Glints2/dict_0005_0105.uasset" 8072
"../../../Engine/Content/EngineMaterials/Substrate/Glints2/dict_0005_0109.uasset" 8073
"../../../Engine/Content/EngineMaterials/Substrate/Glints2/dict_0005_0104.uasset" 8074
"/Engine/EngineMaterials/Substrate/Glints2/dict_0005_0127" 8075
"../../../Engine/Content/EngineMaterials/Substrate/Glints2/dict_0005_0103.uasset" 8076
"/Engine/EngineMaterials/Substrate/Glints2/dict_0005_0115" 8077
"/Engine/EngineMaterials/Substrate/Glints2/dict_0005_0107" 8078
"../../../Engine/Content/EngineMaterials/Substrate/Glints2/dict_0005_0102.uasset" 8079
"/Engine/EngineMaterials/Substrate/Glints2/dict_0005_0104" 8080
"/Engine/EngineMaterials/Substrate/Glints2/dict_0005_0108" 8081
"../../../Engine/Content/EngineMaterials/Substrate/Glints2/dict_0005_0099.uasset" 8082
"/Engine/EngineMaterials/Substrate/Glints2/dict_0005_0105" 8083
"/Engine/EngineMaterials/Substrate/Glints2/dict_0005_0109" 8084
"/Engine/EngineMaterials/Substrate/Glints2/dict_0005_0113" 8085
"../../../Engine/Content/EngineMaterials/Substrate/Glints2/dict_0005_0100.uasset" 8086
"/Engine/EngineMaterials/Substrate/Glints2/dict_0005_0106" 8087
"/Engine/EngineMaterials/Substrate/Glints2/dict_0005_0102" 8088
"../../../Engine/Content/EngineMaterials/Substrate/Glints2/dict_0005_0098.uasset" 8089
"/Engine/EngineMaterials/Substrate/Glints2/dict_0005_0103" 8090
"../../../Engine/Content/EngineMaterials/Substrate/Glints2/dict_0005_0096.uasset" 8091
"../../../Engine/Content/EngineMaterials/Substrate/Glints2/dict_0005_0101.uasset" 8092
"/Engine/EngineMaterials/Substrate/Glints2/dict_0005_0099" 8093
"/Engine/EngineMaterials/Substrate/Glints2/dict_0005_0100" 8094
"../../../Engine/Content/EngineMaterials/Substrate/Glints2/dict_0005_0095.uasset" 8095
"/Engine/EngineMaterials/Substrate/Glints2/dict_0005_0101" 8096
"/Engine/EngineMaterials/Substrate/Glints2/dict_0005_0096" 8097
"/Engine/EngineMaterials/Substrate/Glints2/dict_0005_0098" 8098
"/Engine/EngineMaterials/Substrate/Glints2/dict_0005_0095" 8099
"../../../Engine/Content/EngineMaterials/Substrate/Glints2/dict_0005_0093.uasset" 8100
"../../../Engine/Content/EngineMaterials/Substrate/Glints2/dict_0005_0091.uasset" 8101
"../../../Engine/Content/EngineMaterials/Substrate/Glints2/dict_0005_0088.uasset" 8102
"../../../Engine/Content/EngineMaterials/Substrate/Glints2/dict_0005_0090.uasset" 8103
"../../../Engine/Content/EngineMaterials/Substrate/Glints2/dict_0005_0094.uasset" 8104
"../../../Engine/Content/EngineMaterials/Substrate/Glints2/dict_0005_0092.uasset" 8105
"/Engine/EngineMaterials/Substrate/Glints2/dict_0005_0094" 8106
"../../../Engine/Content/EngineMaterials/Substrate/Glints2/dict_0005_0097.uasset" 8107
"/Engine/EngineMaterials/Substrate/Glints2/dict_0005_0088" 8108
"/Engine/EngineMaterials/Substrate/Glints2/dict_0005_0090" 8109
"/Engine/EngineMaterials/Substrate/Glints2/dict_0005_0091" 8110
"/Engine/EngineMaterials/Substrate/Glints2/dict_0005_0092" 8111
"/Engine/EngineMaterials/Substrate/Glints2/dict_0005_0093" 8112
"/Engine/EngineMaterials/Substrate/Glints2/dict_0005_0097" 8113
"../../../Engine/Content/EngineMaterials/Substrate/Glints2/dict_0005_0086.uasset" 8114
"../../../Engine/Content/EngineMaterials/Substrate/Glints2/dict_0005_0087.uasset" 8115
"../../../Engine/Content/EngineMaterials/Substrate/Glints2/dict_0005_0085.uasset" 8116
"../../../Engine/Content/EngineMaterials/Substrate/Glints2/dict_0005_0084.uasset" 8117
"/Engine/EngineMaterials/Substrate/Glints2/dict_0005_0085" 8118
"/Engine/EngineMaterials/Substrate/Glints2/dict_0005_0087" 8119
"../../../Engine/Content/EngineMaterials/Substrate/Glints2/dict_0005_0083.uasset" 8120
"/Engine/EngineMaterials/Substrate/Glints2/dict_0005_0086" 8121
"/Engine/EngineMaterials/Substrate/Glints2/dict_0005_0084" 8122
"/Engine/EngineMaterials/Substrate/Glints2/dict_0005_0083" 8123
"../../../Engine/Content/EngineMaterials/Substrate/Glints2/dict_0005_0082.uasset" 8124
"../../../Engine/Content/EngineMaterials/Substrate/Glints2/dict_0005_0079.uasset" 8125
"../../../Engine/Content/EngineMaterials/Substrate/Glints2/dict_0005_0080.uasset" 8126
"../../../Engine/Content/EngineMaterials/Substrate/Glints2/dict_0005_0081.uasset" 8127
"../../../Engine/Content/EngineMaterials/Substrate/Glints2/dict_0005_0078.uasset" 8128
"../../../Engine/Content/EngineMaterials/Substrate/Glints2/dict_0005_0077.uasset" 8129
"../../../Engine/Content/EngineMaterials/Substrate/Glints2/dict_0005_0076.uasset" 8130
"../../../Engine/Content/EngineMaterials/Substrate/Glints2/dict_0005_0072.uasset" 8131
"../../../Engine/Content/EngineMaterials/Substrate/Glints2/dict_0005_0071.uasset" 8132
"../../../Engine/Content/EngineMaterials/Substrate/Glints2/dict_0005_0074.uasset" 8133
"../../../Engine/Content/EngineMaterials/Substrate/Glints2/dict_0005_0075.uasset" 8134
"/Engine/EngineMaterials/Substrate/Glints2/dict_0005_0076" 8135
"/Engine/EngineMaterials/Substrate/Glints2/dict_0005_0077" 8136
"../../../Engine/Content/EngineMaterials/Substrate/Glints2/dict_0005_0070.uasset" 8137
"/Engine/EngineMaterials/Substrate/Glints2/dict_0005_0078" 8138
"../../../Engine/Content/EngineMaterials/Substrate/Glints2/dict_0005_0073.uasset" 8139
"/Engine/EngineMaterials/Substrate/Glints2/dict_0005_0079" 8140
"/Engine/EngineMaterials/Substrate/Glints2/dict_0005_0082" 8141
"/Engine/EngineMaterials/Substrate/Glints2/dict_0005_0071" 8142
"/Engine/EngineMaterials/Substrate/Glints2/dict_0005_0072" 8143
"../../../Engine/Content/EngineMaterials/Substrate/Glints2/dict_0005_0089.uasset" 8144
"/Engine/EngineMaterials/Substrate/Glints2/dict_0005_0080" 8145
"/Engine/EngineMaterials/Substrate/Glints2/dict_0005_0081" 8146
"/Engine/EngineMaterials/Substrate/Glints2/dict_0005_0073" 8147
"/Engine/EngineMaterials/Substrate/Glints2/dict_0005_0074" 8148
"/Engine/EngineMaterials/Substrate/Glints2/dict_0005_0070" 8149
"/Engine/EngineMaterials/Substrate/Glints2/dict_0005_0075" 8150
"/Engine/EngineMaterials/Substrate/Glints2/dict_0005_0089" 8151
"../../../Engine/Content/EngineMaterials/Substrate/Glints2/dict_0005_0064.uasset" 8152
"../../../Engine/Content/EngineMaterials/Substrate/Glints2/dict_0005_0066.uasset" 8153
"../../../Engine/Content/EngineMaterials/Substrate/Glints2/dict_0005_0065.uasset" 8154
"../../../Engine/Content/EngineMaterials/Substrate/Glints2/dict_0005_0069.uasset" 8155
"/Engine/EngineMaterials/Substrate/Glints2/dict_0005_0065" 8156
"../../../Engine/Content/EngineMaterials/Substrate/Glints2/dict_0005_0067.uasset" 8157
"../../../Engine/Content/EngineMaterials/Substrate/Glints2/dict_0005_0068.uasset" 8158
"/Engine/EngineMaterials/Substrate/Glints2/dict_0005_0069" 8159
"/Engine/EngineMaterials/Substrate/Glints2/dict_0005_0066" 8160
"/Engine/EngineMaterials/Substrate/Glints2/dict_0005_0064" 8161
"../../../Engine/Content/EngineMaterials/Substrate/Glints2/dict_0005_0062.uasset" 8162
"/Engine/EngineMaterials/Substrate/Glints2/dict_0005_0067" 8163
"/Engine/EngineMaterials/Substrate/Glints2/dict_0005_0062" 8164
"../../../Engine/Content/EngineMaterials/Substrate/Glints2/dict_0005_0060.uasset" 8165
"/Engine/EngineMaterials/Substrate/Glints2/dict_0005_0068" 8166
"../../../Engine/Content/EngineMaterials/Substrate/Glints2/dict_0005_0061.uasset" 8167
"/Engine/EngineMaterials/Substrate/Glints2/dict_0005_0060" 8168
"../../../Engine/Content/EngineMaterials/Substrate/Glints2/dict_0005_0063.uasset" 8169
"/Engine/EngineMaterials/Substrate/Glints2/dict_0005_0061" 8170
"../../../Engine/Content/EngineMaterials/Substrate/Glints2/dict_0005_0058.uasset" 8171
"../../../Engine/Content/EngineMaterials/Substrate/Glints2/dict_0005_0059.uasset" 8172
"/Engine/EngineMaterials/Substrate/Glints2/dict_0005_0059" 8173
"/Engine/EngineMaterials/Substrate/Glints2/dict_0005_0063" 8174
"/Engine/EngineMaterials/Substrate/Glints2/dict_0005_0058" 8175
"../../../Engine/Content/EngineMaterials/Substrate/Glints2/dict_0005_0056.uasset" 8176
"../../../Engine/Content/EngineMaterials/Substrate/Glints2/dict_0005_0055.uasset" 8177
"../../../Engine/Content/EngineMaterials/Substrate/Glints2/dict_0005_0057.uasset" 8178
"../../../Engine/Content/EngineMaterials/Substrate/Glints2/dict_0005_0054.uasset" 8179
"../../../Engine/Content/EngineMaterials/Substrate/Glints2/dict_0005_0052.uasset" 8180
"../../../Engine/Content/EngineMaterials/Substrate/Glints2/dict_0005_0050.uasset" 8181
"/Engine/EngineMaterials/Substrate/Glints2/dict_0005_0055" 8182
"../../../Engine/Content/EngineMaterials/Substrate/Glints2/dict_0005_0051.uasset" 8183
"../../../Engine/Content/EngineMaterials/Substrate/Glints2/dict_0005_0053.uasset" 8184
"/Engine/EngineMaterials/Substrate/Glints2/dict_0005_0056" 8185
"/Engine/EngineMaterials/Substrate/Glints2/dict_0005_0054" 8186
"/Engine/EngineMaterials/Substrate/Glints2/dict_0005_0057" 8187
"../../../Engine/Content/EngineMaterials/Substrate/Glints2/dict_0005_0111.uasset" 8188
"/Engine/EngineMaterials/Substrate/Glints2/dict_0005_0050" 8189
"/Engine/EngineMaterials/Substrate/Glints2/dict_0005_0053" 8190
"/Engine/EngineMaterials/Substrate/Glints2/dict_0005_0051" 8191
"/Engine/EngineMaterials/Substrate/Glints2/dict_0005_0052" 8192
"../../../Engine/Content/EngineMaterials/Substrate/Glints2/dict_0005_0049.uasset" 8193
"/Engine/EngineMaterials/Substrate/Glints2/dict_0005_0111" 8194
"/Engine/EngineMaterials/Substrate/Glints2/dict_0005_0049" 8195
"../../../Engine/Content/EngineMaterials/Substrate/Glints2/dict_0005_0046.uasset" 8196
"../../../Engine/Content/EngineMaterials/Substrate/Glints2/dict_0005_0048.uasset" 8197
"../../../Engine/Content/EngineMaterials/Substrate/Glints2/dict_0005_0047.uasset" 8198
"/Engine/EngineMaterials/Substrate/Glints2/dict_0005_0046" 8199
"/Engine/EngineMaterials/Substrate/Glints2/dict_0005_0047" 8200
"/Engine/EngineMaterials/Substrate/Glints2/dict_0005_0048" 8201
"../../../Engine/Content/EngineMaterials/Substrate/Glints2/dict_0005_0039.uasset" 8202
"../../../Engine/Content/EngineMaterials/Substrate/Glints2/dict_0005_0041.uasset" 8203
"/Engine/EngineMaterials/Substrate/Glints2/dict_0005_0039" 8204
"../../../Engine/Content/EngineMaterials/Substrate/Glints2/dict_0005_0038.uasset" 8205
"../../../Engine/Content/EngineMaterials/Substrate/Glints2/dict_0005_0043.uasset" 8206
"/Engine/EngineMaterials/Substrate/Glints2/dict_0005_0041" 8207
"../../../Engine/Content/EngineMaterials/Substrate/Glints2/dict_0005_0045.uasset" 8208
"/Engine/EngineMaterials/Substrate/Glints2/dict_0005_0043" 8209
"/Engine/EngineMaterials/Substrate/Glints2/dict_0005_0038" 8210
"/Engine/EngineMaterials/Substrate/Glints2/dict_0005_0045" 8211
"../../../Engine/Content/EngineMaterials/Substrate/Glints2/dict_0005_0035.uasset" 8212
"../../../Engine/Content/EngineMaterials/Substrate/Glints2/dict_0005_0036.uasset" 8213
"../../../Engine/Content/EngineMaterials/Substrate/Glints2/dict_0005_0034.uasset" 8214
"/Engine/EngineMaterials/Substrate/Glints2/dict_0005_0035" 8215
"/Engine/EngineMaterials/Substrate/Glints2/dict_0005_0036" 8216
"/Engine/EngineMaterials/Substrate/Glints2/dict_0005_0034" 8217
"../../../Engine/Content/EngineMaterials/Substrate/Glints2/dict_0005_0031.uasset" 8218
"/Engine/EngineMaterials/Substrate/Glints2/dict_0005_0031" 8219
"../../../Engine/Content/EngineMaterials/Substrate/Glints2/dict_0005_0044.uasset" 8220
"../../../Engine/Content/EngineMaterials/Substrate/Glints2/dict_0005_0030.uasset" 8221
"/Engine/EngineMaterials/Substrate/Glints2/dict_0005_0044" 8222
"../../../Engine/Content/EngineMaterials/Substrate/Glints2/dict_0005_0040.uasset" 8223
"../../../Engine/Content/EngineMaterials/Substrate/Glints2/dict_0005_0037.uasset" 8224
"/Engine/EngineMaterials/Substrate/Glints2/dict_0005_0030" 8225
"../../../Engine/Content/EngineMaterials/Substrate/Glints2/dict_0005_0042.uasset" 8226
"/Engine/EngineMaterials/Substrate/Glints2/dict_0005_0040" 8227
"/Engine/EngineMaterials/Substrate/Glints2/dict_0005_0037" 8228
"/Engine/EngineMaterials/Substrate/Glints2/dict_0005_0042" 8229
"../../../Engine/Content/EngineMaterials/Substrate/Glints2/dict_0005_0028.uasset" 8230
"../../../Engine/Content/EngineMaterials/Substrate/Glints2/dict_0005_0029.uasset" 8231
"../../../Engine/Content/EngineMaterials/Substrate/Glints2/dict_0005_0026.uasset" 8232
"../../../Engine/Content/EngineMaterials/Substrate/Glints2/dict_0005_0032.uasset" 8233
"/Engine/EngineMaterials/Substrate/Glints2/dict_0005_0026" 8234
"../../../Engine/Content/EngineMaterials/Substrate/Glints2/dict_0005_0033.uasset" 8235
"/Engine/EngineMaterials/Substrate/Glints2/dict_0005_0028" 8236
"/Engine/EngineMaterials/Substrate/Glints2/dict_0005_0032" 8237
"../../../Engine/Content/EngineMaterials/Substrate/Glints2/dict_0005_0020.uasset" 8238
"/Engine/EngineMaterials/Substrate/Glints2/dict_0005_0029" 8239
"../../../Engine/Content/EngineMaterials/Substrate/Glints2/dict_0005_0022.uasset" 8240
"../../../Engine/Content/EngineMaterials/Substrate/Glints2/dict_0005_0021.uasset" 8241
"/Engine/EngineMaterials/Substrate/Glints2/dict_0005_0033" 8242
"/Engine/EngineMaterials/Substrate/Glints2/dict_0005_0020" 8243
"/Engine/EngineMaterials/Substrate/Glints2/dict_0005_0021" 8244
"/Engine/EngineMaterials/Substrate/Glints2/dict_0005_0022" 8245
"../../../Engine/Content/EngineMaterials/Substrate/Glints2/dict_0005_0025.uasset" 8246
"/Engine/EngineMaterials/Substrate/Glints2/dict_0005_0025" 8247
"../../../Engine/Content/EngineMaterials/Substrate/Glints2/dict_0005_0019.uasset" 8248
"../../../Engine/Content/EngineMaterials/Substrate/Glints2/dict_0005_0024.uasset" 8249
"../../../Engine/Content/EngineMaterials/Substrate/Glints2/dict_0005_0017.uasset" 8250
"../../../Engine/Content/EngineMaterials/Substrate/Glints2/dict_0005_0016.uasset" 8251
"/Engine/EngineMaterials/Substrate/Glints2/dict_0005_0019" 8252
"../../../Engine/Content/EngineMaterials/Substrate/Glints2/dict_0005_0023.uasset" 8253
"../../../Engine/Content/EngineMaterials/Substrate/Glints2/dict_0005_0015.uasset" 8254
"/Engine/EngineMaterials/Substrate/Glints2/dict_0005_0016" 8255
"/Engine/EngineMaterials/Substrate/Glints2/dict_0005_0017" 8256
"/Engine/EngineMaterials/Substrate/Glints2/dict_0005_0024" 8257
"/Engine/EngineMaterials/Substrate/Glints2/dict_0005_0015" 8258
"/Engine/EngineMaterials/Substrate/Glints2/dict_0005_0023" 8259
"../../../Engine/Content/EngineMaterials/Substrate/Glints2/dict_0005_0013.uasset" 8260
"../../../Engine/Content/EngineMaterials/Substrate/Glints2/dict_0005_0012.uasset" 8261
"../../../Engine/Content/EngineMaterials/Substrate/Glints2/dict_0005_0010.uasset" 8262
"../../../Engine/Content/EngineMaterials/Substrate/Glints2/dict_0005_0014.uasset" 8263
"/Engine/EngineMaterials/Substrate/Glints2/dict_0005_0012" 8264
"../../../Engine/Content/EngineMaterials/Substrate/Glints2/dict_0005_0011.uasset" 8265
"../../../Engine/Content/EngineMaterials/Substrate/Glints2/dict_0005_0018.uasset" 8266
"/Engine/EngineMaterials/Substrate/Glints2/dict_0005_0013" 8267
"/Engine/EngineMaterials/Substrate/Glints2/dict_0005_0014" 8268
"/Engine/EngineMaterials/Substrate/Glints2/dict_0005_0010" 8269
"/Engine/EngineMaterials/Substrate/Glints2/dict_0005_0011" 8270
"../../../Engine/Content/EngineMaterials/Substrate/Glints2/dict_0005_0009.uasset" 8271
"../../../Engine/Content/EngineMaterials/Substrate/Glints2/dict_0005_0008.uasset" 8272
"../../../Engine/Content/EngineMaterials/Substrate/Glints2/dict_0005_0007.uasset" 8273
"/Engine/EngineMaterials/Substrate/Glints2/dict_0005_0018" 8274
"/Engine/EngineMaterials/Substrate/Glints2/dict_0005_0007" 8275
"/Engine/EngineMaterials/Substrate/Glints2/dict_0005_0009" 8276
"/Engine/EngineMaterials/Substrate/Glints2/dict_0005_0008" 8277
"../../../Engine/Content/EngineMaterials/Substrate/Glints2/dict_0005_0005.uasset" 8278
"../../../Engine/Content/EngineMaterials/Substrate/Glints2/dict_0005_0002.uasset" 8279
"../../../Engine/Content/EngineMaterials/Substrate/Glints2/dict_0005_0003.uasset" 8280
"../../../Engine/Content/EngineMaterials/Substrate/Glints2/dict_0005_0006.uasset" 8281
"../../../Engine/Content/EngineMaterials/Substrate/Glints2/dict_0004_0255.uasset" 8282
"/Engine/EngineMaterials/Substrate/Glints2/dict_0005_0006" 8283
"../../../Engine/Content/EngineMaterials/Substrate/Glints2/dict_0005_0000.uasset" 8284
"../../../Engine/Content/EngineMaterials/Substrate/Glints2/dict_0005_0027.uasset" 8285
"/Engine/EngineMaterials/Substrate/Glints2/dict_0005_0002" 8286
"/Engine/EngineMaterials/Substrate/Glints2/dict_0005_0003" 8287
"/Engine/EngineMaterials/Substrate/Glints2/dict_0005_0005" 8288
"../../../Engine/Content/EngineMaterials/Substrate/Glints2/dict_0005_0004.uasset" 8289
"../../../Engine/Content/EngineMaterials/Substrate/Glints2/dict_0005_0001.uasset" 8290
"../../../Engine/Content/EngineMaterials/Substrate/Glints2/dict_0004_0252.uasset" 8291
"../../../Engine/Content/EngineMaterials/Substrate/Glints2/dict_0004_0254.uasset" 8292
"../../../Engine/Content/EngineMaterials/Substrate/Glints2/dict_0004_0251.uasset" 8293
"/Engine/EngineMaterials/Substrate/Glints2/dict_0004_0255" 8294
"../../../Engine/Content/EngineMaterials/Substrate/Glints2/dict_0004_0253.uasset" 8295
"/Engine/EngineMaterials/Substrate/Glints2/dict_0005_0001" 8296
"/Engine/EngineMaterials/Substrate/Glints2/dict_0005_0000" 8297
"/Engine/EngineMaterials/Substrate/Glints2/dict_0005_0004" 8298
"/Engine/EngineMaterials/Substrate/Glints2/dict_0004_0252" 8299
"/Engine/EngineMaterials/Substrate/Glints2/dict_0004_0253" 8300
"/Engine/EngineMaterials/Substrate/Glints2/dict_0005_0027" 8301
"/Engine/EngineMaterials/Substrate/Glints2/dict_0004_0254" 8302
"/Engine/EngineMaterials/Substrate/Glints2/dict_0004_0251" 8303
"../../../Engine/Content/EngineMaterials/Substrate/Glints2/dict_0004_0245.uasset" 8304
"../../../Engine/Content/EngineMaterials/Substrate/Glints2/dict_0004_0247.uasset" 8305
"../../../Engine/Content/EngineMaterials/Substrate/Glints2/dict_0004_0244.uasset" 8306
"../../../Engine/Content/EngineMaterials/Substrate/Glints2/dict_0004_0246.uasset" 8307
"../../../Engine/Content/EngineMaterials/Substrate/Glints2/dict_0004_0242.uasset" 8308
"/Engine/EngineMaterials/Substrate/Glints2/dict_0004_0247" 8309
"/Engine/EngineMaterials/Substrate/Glints2/dict_0004_0244" 8310
"/Engine/EngineMaterials/Substrate/Glints2/dict_0004_0245" 8311
"../../../Engine/Content/EngineMaterials/Substrate/Glints2/dict_0004_0239.uasset" 8312
"/Engine/EngineMaterials/Substrate/Glints2/dict_0004_0242" 8313
"/Engine/EngineMaterials/Substrate/Glints2/dict_0004_0246" 8314
"/Engine/EngineMaterials/Substrate/Glints2/dict_0004_0239" 8315
"../../../Engine/Content/EngineMaterials/Substrate/Glints2/dict_0004_0240.uasset" 8316
"../../../Engine/Content/EngineMaterials/Substrate/Glints2/dict_0004_0238.uasset" 8317
"../../../Engine/Content/EngineMaterials/Substrate/Glints2/dict_0004_0241.uasset" 8318
"../../../Engine/Content/EngineMaterials/Substrate/Glints2/dict_0004_0237.uasset" 8319
"/Engine/EngineMaterials/Substrate/Glints2/dict_0004_0237" 8320
"/Engine/EngineMaterials/Substrate/Glints2/dict_0004_0238" 8321
"/Engine/EngineMaterials/Substrate/Glints2/dict_0004_0240" 8322
"../../../Engine/Content/EngineMaterials/Substrate/Glints2/dict_0004_0236.uasset" 8323
"/Engine/EngineMaterials/Substrate/Glints2/dict_0004_0241" 8324
"/Engine/EngineMaterials/Substrate/Glints2/dict_0004_0236" 8325
"../../../Engine/Content/EngineMaterials/Substrate/Glints2/dict_0004_0250.uasset" 8326
"../../../Engine/Content/EngineMaterials/Substrate/Glints2/dict_0004_0234.uasset" 8327
"../../../Engine/Content/EngineMaterials/Substrate/Glints2/dict_0004_0243.uasset" 8328
"../../../Engine/Content/EngineMaterials/Substrate/Glints2/dict_0004_0233.uasset" 8329
"../../../Engine/Content/EngineMaterials/Substrate/Glints2/dict_0004_0235.uasset" 8330
"../../../Engine/Content/EngineMaterials/Substrate/Glints2/dict_0004_0232.uasset" 8331
"/Engine/EngineMaterials/Substrate/Glints2/dict_0004_0232" 8332
"../../../Engine/Content/EngineMaterials/Substrate/Glints2/dict_0004_0231.uasset" 8333
"/Engine/EngineMaterials/Substrate/Glints2/dict_0004_0243" 8334
"/Engine/EngineMaterials/Substrate/Glints2/dict_0004_0233" 8335
"/Engine/EngineMaterials/Substrate/Glints2/dict_0004_0235" 8336
"../../../Engine/Content/EngineMaterials/Substrate/Glints2/dict_0004_0227.uasset" 8337
"../../../Engine/Content/EngineMaterials/Substrate/Glints2/dict_0004_0229.uasset" 8338
"../../../Engine/Content/EngineMaterials/Substrate/Glints2/dict_0004_0228.uasset" 8339
"/Engine/EngineMaterials/Substrate/Glints2/dict_0004_0250" 8340
"/Engine/EngineMaterials/Substrate/Glints2/dict_0004_0234" 8341
"../../../Engine/Content/EngineMaterials/Substrate/Glints2/dict_0004_0225.uasset" 8342
"/Engine/EngineMaterials/Substrate/Glints2/dict_0004_0227" 8343
"/Engine/EngineMaterials/Substrate/Glints2/dict_0004_0228" 8344
"../../../Engine/Content/EngineMaterials/Substrate/Glints2/dict_0004_0226.uasset" 8345
"/Engine/EngineMaterials/Substrate/Glints2/dict_0004_0229" 8346
"/Engine/EngineMaterials/Substrate/Glints2/dict_0004_0225" 8347
"../../../Engine/Content/EngineMaterials/Substrate/Glints2/dict_0004_0224.uasset" 8348
"/Engine/EngineMaterials/Substrate/Glints2/dict_0004_0231" 8349
"/Engine/EngineMaterials/Substrate/Glints2/dict_0004_0224" 8350
"../../../Engine/Content/EngineMaterials/Substrate/Glints2/dict_0004_0223.uasset" 8351
"../../../Engine/Content/EngineMaterials/Substrate/Glints2/dict_0004_0222.uasset" 8352
"/Engine/EngineMaterials/Substrate/Glints2/dict_0004_0226" 8353
"/Engine/EngineMaterials/Substrate/Glints2/dict_0004_0222" 8354
"/Engine/EngineMaterials/Substrate/Glints2/dict_0004_0223" 8355
"../../../Engine/Content/EngineMaterials/Substrate/Glints2/dict_0004_0221.uasset" 8356
"../../../Engine/Content/EngineMaterials/Substrate/Glints2/dict_0004_0220.uasset" 8357
"../../../Engine/Content/EngineMaterials/Substrate/Glints2/dict_0004_0219.uasset" 8358
"../../../Engine/Content/EngineMaterials/Substrate/Glints2/dict_0004_0218.uasset" 8359
"../../../Engine/Content/EngineMaterials/Substrate/Glints2/dict_0004_0248.uasset" 8360
"../../../Engine/Content/EngineMaterials/Substrate/Glints2/dict_0004_0216.uasset" 8361
"/Engine/EngineMaterials/Substrate/Glints2/dict_0004_0219" 8362
"/Engine/EngineMaterials/Substrate/Glints2/dict_0004_0220" 8363
"/Engine/EngineMaterials/Substrate/Glints2/dict_0004_0221" 8364
"/Engine/EngineMaterials/Substrate/Glints2/dict_0004_0248" 8365
"../../../Engine/Content/EngineMaterials/Substrate/Glints2/dict_0004_0249.uasset" 8366
"../../../Engine/Content/EngineMaterials/Substrate/Glints2/dict_0004_0214.uasset" 8367
"/Engine/EngineMaterials/Substrate/Glints2/dict_0004_0216" 8368
"../../../Engine/Content/EngineMaterials/Substrate/Glints2/dict_0004_0217.uasset" 8369
"/Engine/EngineMaterials/Substrate/Glints2/dict_0004_0218" 8370
"/Engine/EngineMaterials/Substrate/Glints2/dict_0004_0214" 8371
"/Engine/EngineMaterials/Substrate/Glints2/dict_0004_0249" 8372
"../../../Engine/Content/EngineMaterials/Substrate/Glints2/dict_0004_0213.uasset" 8373
"/Engine/EngineMaterials/Substrate/Glints2/dict_0004_0217" 8374
"../../../Engine/Content/EngineMaterials/Substrate/Glints2/dict_0004_0215.uasset" 8375
"/Engine/EngineMaterials/Substrate/Glints2/dict_0004_0213" 8376
"../../../Engine/Content/EngineMaterials/Substrate/Glints2/dict_0004_0212.uasset" 8377
"/Engine/EngineMaterials/Substrate/Glints2/dict_0004_0215" 8378
"../../../Engine/Content/EngineMaterials/Substrate/Glints2/dict_0004_0230.uasset" 8379
"/Engine/EngineMaterials/Substrate/Glints2/dict_0004_0212" 8380
"../../../Engine/Content/EngineMaterials/Substrate/Glints2/dict_0004_0209.uasset" 8381
"../../../Engine/Content/EngineMaterials/Substrate/Glints2/dict_0004_0208.uasset" 8382
"../../../Engine/Content/EngineMaterials/Substrate/Glints2/dict_0004_0207.uasset" 8383
"../../../Engine/Content/EngineMaterials/Substrate/Glints2/dict_0004_0211.uasset" 8384
"../../../Engine/Content/EngineMaterials/Substrate/Glints2/dict_0004_0204.uasset" 8385
"/Engine/EngineMaterials/Substrate/Glints2/dict_0004_0209" 8386
"/Engine/EngineMaterials/Substrate/Glints2/dict_0004_0204" 8387
"/Engine/EngineMaterials/Substrate/Glints2/dict_0004_0211" 8388
"../../../Engine/Content/EngineMaterials/Substrate/Glints2/dict_0004_0206.uasset" 8389
"/Engine/EngineMaterials/Substrate/Glints2/dict_0004_0230" 8390
"../../../Engine/Content/EngineMaterials/Substrate/Glints2/dict_0004_0205.uasset" 8391
"/Engine/EngineMaterials/Substrate/Glints2/dict_0004_0208" 8392
"/Engine/EngineMaterials/Substrate/Glints2/dict_0004_0207" 8393
"/Engine/EngineMaterials/Substrate/Glints2/dict_0004_0205" 8394
"../../../Engine/Content/EngineMaterials/Substrate/Glints2/dict_0004_0199.uasset" 8395
"/Engine/EngineMaterials/Substrate/Glints2/dict_0004_0206" 8396
"/Engine/EngineMaterials/Substrate/Glints2/dict_0004_0199" 8397
"../../../Engine/Content/EngineMaterials/Substrate/Glints2/dict_0004_0198.uasset" 8398
"../../../Engine/Content/EngineMaterials/Substrate/Glints2/dict_0004_0202.uasset" 8399
"../../../Engine/Content/EngineMaterials/Substrate/Glints2/dict_0004_0195.uasset" 8400
"../../../Engine/Content/EngineMaterials/Substrate/Glints2/dict_0004_0201.uasset" 8401
"/Engine/EngineMaterials/Substrate/Glints2/dict_0004_0202" 8402
"../../../Engine/Content/EngineMaterials/Substrate/Glints2/dict_0004_0200.uasset" 8403
"../../../Engine/Content/EngineMaterials/Substrate/Glints2/dict_0004_0197.uasset" 8404
"../../../Engine/Content/EngineMaterials/Substrate/Glints2/dict_0004_0194.uasset" 8405
"/Engine/EngineMaterials/Substrate/Glints2/dict_0004_0198" 8406
"../../../Engine/Content/EngineMaterials/Substrate/Glints2/dict_0004_0210.uasset" 8407
"../../../Engine/Content/EngineMaterials/Substrate/Glints2/dict_0004_0193.uasset" 8408
"/Engine/EngineMaterials/Substrate/Glints2/dict_0004_0195" 8409
"../../../Engine/Content/EngineMaterials/Substrate/Glints2/dict_0004_0196.uasset" 8410
"/Engine/EngineMaterials/Substrate/Glints2/dict_0004_0201" 8411
"/Engine/EngineMaterials/Substrate/Glints2/dict_0004_0197" 8412
"/Engine/EngineMaterials/Substrate/Glints2/dict_0004_0210" 8413
"/Engine/EngineMaterials/Substrate/Glints2/dict_0004_0193" 8414
"/Engine/EngineMaterials/Substrate/Glints2/dict_0004_0194" 8415
"/Engine/EngineMaterials/Substrate/Glints2/dict_0004_0200" 8416
"/Engine/EngineMaterials/Substrate/Glints2/dict_0004_0196" 8417
"../../../Engine/Content/EngineMaterials/Substrate/Glints2/dict_0004_0192.uasset" 8418
"../../../Engine/Content/EngineMaterials/Substrate/Glints2/dict_0004_0188.uasset" 8419
"../../../Engine/Content/EngineMaterials/Substrate/Glints2/dict_0004_0189.uasset" 8420
"../../../Engine/Content/EngineMaterials/Substrate/Glints2/dict_0004_0185.uasset" 8421
"../../../Engine/Content/EngineMaterials/Substrate/Glints2/dict_0004_0187.uasset" 8422
"../../../Engine/Content/EngineMaterials/Substrate/Glints2/dict_0004_0186.uasset" 8423
"/Engine/EngineMaterials/Substrate/Glints2/dict_0004_0187" 8424
"/Engine/EngineMaterials/Substrate/Glints2/dict_0004_0188" 8425
"/Engine/EngineMaterials/Substrate/Glints2/dict_0004_0189" 8426
"/Engine/EngineMaterials/Substrate/Glints2/dict_0004_0185" 8427
"/Engine/EngineMaterials/Substrate/Glints2/dict_0004_0186" 8428
"/Engine/EngineMaterials/Substrate/Glints2/dict_0004_0192" 8429
"../../../Engine/Content/EngineMaterials/Substrate/Glints2/dict_0004_0184.uasset" 8430
"../../../Engine/Content/EngineMaterials/Substrate/Glints2/dict_0004_0183.uasset" 8431
"../../../Engine/Content/EngineMaterials/Substrate/Glints2/dict_0004_0182.uasset" 8432
"../../../Engine/Content/EngineMaterials/Substrate/Glints2/dict_0004_0181.uasset" 8433
"../../../Engine/Content/EngineMaterials/Substrate/Glints2/dict_0004_0180.uasset" 8434
"../../../Engine/Content/EngineMaterials/Substrate/Glints2/dict_0004_0179.uasset" 8435
"/Engine/EngineMaterials/Substrate/Glints2/dict_0004_0184" 8436
"/Engine/EngineMaterials/Substrate/Glints2/dict_0004_0182" 8437
"/Engine/EngineMaterials/Substrate/Glints2/dict_0004_0181" 8438
"/Engine/EngineMaterials/Substrate/Glints2/dict_0004_0183" 8439
"/Engine/EngineMaterials/Substrate/Glints2/dict_0004_0179" 8440
"../../../Engine/Content/EngineMaterials/Substrate/Glints2/dict_0004_0176.uasset" 8441
"../../../Engine/Content/EngineMaterials/Substrate/Glints2/dict_0004_0177.uasset" 8442
"../../../Engine/Content/EngineMaterials/Substrate/Glints2/dict_0004_0178.uasset" 8443
"../../../Engine/Content/EngineMaterials/Substrate/Glints2/dict_0004_0191.uasset" 8444
"../../../Engine/Content/EngineMaterials/Substrate/Glints2/dict_0004_0174.uasset" 8445
"/Engine/EngineMaterials/Substrate/Glints2/dict_0004_0180" 8446
"/Engine/EngineMaterials/Substrate/Glints2/dict_0004_0176" 8447
"../../../Engine/Content/EngineMaterials/Substrate/Glints2/dict_0004_0175.uasset" 8448
"/Engine/EngineMaterials/Substrate/Glints2/dict_0004_0177" 8449
"/Engine/EngineMaterials/Substrate/Glints2/dict_0004_0178" 8450
"../../../Engine/Content/EngineMaterials/Substrate/Glints2/dict_0004_0170.uasset" 8451
"../../../Engine/Content/EngineMaterials/Substrate/Glints2/dict_0004_0172.uasset" 8452
"../../../Engine/Content/EngineMaterials/Substrate/Glints2/dict_0004_0173.uasset" 8453
"/Engine/EngineMaterials/Substrate/Glints2/dict_0004_0191" 8454
"../../../Engine/Content/EngineMaterials/Substrate/Glints2/dict_0004_0171.uasset" 8455
"../../../Engine/Content/EngineMaterials/Substrate/Glints2/dict_0004_0190.uasset" 8456
"/Engine/EngineMaterials/Substrate/Glints2/dict_0004_0174" 8457
"/Engine/EngineMaterials/Substrate/Glints2/dict_0004_0175" 8458
"/Engine/EngineMaterials/Substrate/Glints2/dict_0004_0172" 8459
"/Engine/EngineMaterials/Substrate/Glints2/dict_0004_0170" 8460
"/Engine/EngineMaterials/Substrate/Glints2/dict_0004_0190" 8461
"/Engine/EngineMaterials/Substrate/Glints2/dict_0004_0171" 8462
"/Engine/EngineMaterials/Substrate/Glints2/dict_0004_0173" 8463
"../../../Engine/Content/EngineMaterials/Substrate/Glints2/dict_0004_0167.uasset" 8464
"../../../Engine/Content/EngineMaterials/Substrate/Glints2/dict_0004_0164.uasset" 8465
"../../../Engine/Content/EngineMaterials/Substrate/Glints2/dict_0004_0166.uasset" 8466
"../../../Engine/Content/EngineMaterials/Substrate/Glints2/dict_0004_0163.uasset" 8467
"/Engine/EngineMaterials/Substrate/Glints2/dict_0004_0163" 8468
"../../../Engine/Content/EngineMaterials/Substrate/Glints2/dict_0004_0165.uasset" 8469
"../../../Engine/Content/EngineMaterials/Substrate/Glints2/dict_0004_0168.uasset" 8470
"/Engine/EngineMaterials/Substrate/Glints2/dict_0004_0164" 8471
"../../../Engine/Content/EngineMaterials/Substrate/Glints2/dict_0004_0159.uasset" 8472
"/Engine/EngineMaterials/Substrate/Glints2/dict_0004_0166" 8473
"/Engine/EngineMaterials/Substrate/Glints2/dict_0004_0167" 8474
"../../../Engine/Content/EngineMaterials/Substrate/Glints2/dict_0004_0161.uasset" 8475
"../../../Engine/Content/EngineMaterials/Substrate/Glints2/dict_0004_0160.uasset" 8476
"/Engine/EngineMaterials/Substrate/Glints2/dict_0004_0168" 8477
"/Engine/EngineMaterials/Substrate/Glints2/dict_0004_0165" 8478
"/Engine/EngineMaterials/Substrate/Glints2/dict_0004_0159" 8479
"../../../Engine/Content/EngineMaterials/Substrate/Glints2/dict_0004_0158.uasset" 8480
"/Engine/EngineMaterials/Substrate/Glints2/dict_0004_0161" 8481
"/Engine/EngineMaterials/Substrate/Glints2/dict_0004_0158" 8482
"../../../Engine/Content/EngineMaterials/Substrate/Glints2/dict_0004_0162.uasset" 8483
"/Engine/EngineMaterials/Substrate/Glints2/dict_0004_0160" 8484
"../../../Engine/Content/EngineMaterials/Substrate/Glints2/dict_0004_0156.uasset" 8485
"../../../Engine/Content/EngineMaterials/Substrate/Glints2/dict_0004_0155.uasset" 8486
"../../../Engine/Content/EngineMaterials/Substrate/Glints2/dict_0004_0157.uasset" 8487
"../../../Engine/Content/EngineMaterials/Substrate/Glints2/dict_0004_0154.uasset" 8488
"/Engine/EngineMaterials/Substrate/Glints2/dict_0004_0162" 8489
"../../../Engine/Content/EngineMaterials/Substrate/Glints2/dict_0004_0153.uasset" 8490
"../../../Engine/Content/EngineMaterials/Substrate/Glints2/dict_0004_0151.uasset" 8491
"/Engine/EngineMaterials/Substrate/Glints2/dict_0004_0156" 8492
"/Engine/EngineMaterials/Substrate/Glints2/dict_0004_0157" 8493
"/Engine/EngineMaterials/Substrate/Glints2/dict_0004_0154" 8494
"/Engine/EngineMaterials/Substrate/Glints2/dict_0004_0155" 8495
"/Engine/EngineMaterials/Substrate/Glints2/dict_0004_0151" 8496
"/Engine/EngineMaterials/Substrate/Glints2/dict_0004_0153" 8497
"../../../Engine/Content/EngineMaterials/Substrate/Glints2/dict_0004_0148.uasset" 8498
"../../../Engine/Content/EngineMaterials/Substrate/Glints2/dict_0004_0149.uasset" 8499
"../../../Engine/Content/EngineMaterials/Substrate/Glints2/dict_0004_0147.uasset" 8500
"../../../Engine/Content/EngineMaterials/Substrate/Glints2/dict_0004_0169.uasset" 8501
"../../../Engine/Content/EngineMaterials/Substrate/Glints2/dict_0004_0152.uasset" 8502
"../../../Engine/Content/EngineMaterials/Substrate/Glints2/dict_0004_0150.uasset" 8503
"/Engine/EngineMaterials/Substrate/Glints2/dict_0004_0150" 8504
"../../../Engine/Content/EngineMaterials/Substrate/Glints2/dict_0004_0145.uasset" 8505
"/Engine/EngineMaterials/Substrate/Glints2/dict_0004_0169" 8506
"/Engine/EngineMaterials/Substrate/Glints2/dict_0004_0152" 8507
"../../../Engine/Content/EngineMaterials/Substrate/Glints2/dict_0004_0146.uasset" 8508
"/Engine/EngineMaterials/Substrate/Glints2/dict_0004_0147" 8509
"/Engine/EngineMaterials/Substrate/Glints2/dict_0004_0148" 8510
"../../../Engine/Content/EngineMaterials/Substrate/Glints2/dict_0004_0144.uasset" 8511
"/Engine/EngineMaterials/Substrate/Glints2/dict_0004_0149" 8512
"../../../Engine/Content/EngineMaterials/Substrate/Glints2/dict_0004_0143.uasset" 8513
"/Engine/EngineMaterials/Substrate/Glints2/dict_0004_0145" 8514
"/Engine/EngineMaterials/Substrate/Glints2/dict_0004_0146" 8515
"/Engine/EngineMaterials/Substrate/Glints2/dict_0004_0144" 8516
"/Engine/EngineMaterials/Substrate/Glints2/dict_0004_0143" 8517
"../../../Engine/Content/EngineMaterials/Substrate/Glints2/dict_0004_0139.uasset" 8518
"../../../Engine/Content/EngineMaterials/Substrate/Glints2/dict_0004_0138.uasset" 8519
"../../../Engine/Content/EngineMaterials/Substrate/Glints2/dict_0004_0142.uasset" 8520
"../../../Engine/Content/EngineMaterials/Substrate/Glints2/dict_0004_0135.uasset" 8521
"../../../Engine/Content/EngineMaterials/Substrate/Glints2/dict_0004_0136.uasset" 8522
"/Engine/EngineMaterials/Substrate/Glints2/dict_0004_0139" 8523
"/Engine/EngineMaterials/Substrate/Glints2/dict_0004_0135" 8524
"/Engine/EngineMaterials/Substrate/Glints2/dict_0004_0136" 8525
"/Engine/EngineMaterials/Substrate/Glints2/dict_0004_0142" 8526
"/Engine/EngineMaterials/Substrate/Glints2/dict_0004_0138" 8527
"../../../Engine/Content/EngineMaterials/Substrate/Glints2/dict_0004_0140.uasset" 8528
"../../../Engine/Content/EngineMaterials/Substrate/Glints2/dict_0004_0203.uasset" 8529
"../../../Engine/Content/EngineMaterials/Substrate/Glints2/dict_0004_0137.uasset" 8530
"../../../Engine/Content/EngineMaterials/Substrate/Glints2/dict_0004_0134.uasset" 8531
"../../../Engine/Content/EngineMaterials/Substrate/Glints2/dict_0004_0133.uasset" 8532
"../../../Engine/Content/EngineMaterials/Substrate/Glints2/dict_0004_0130.uasset" 8533
"../../../Engine/Content/EngineMaterials/Substrate/Glints2/dict_0004_0131.uasset" 8534
"/Engine/EngineMaterials/Substrate/Glints2/dict_0004_0203" 8535
"../../../Engine/Content/EngineMaterials/Substrate/Glints2/dict_0004_0126.uasset" 8536
"/Engine/EngineMaterials/Substrate/Glints2/dict_0004_0140" 8537
"../../../Engine/Content/EngineMaterials/Substrate/Glints2/dict_0004_0125.uasset" 8538
"../../../Engine/Content/EngineMaterials/Substrate/Glints2/dict_0004_0124.uasset" 8539
"../../../Engine/Content/EngineMaterials/Substrate/Glints2/dict_0004_0127.uasset" 8540
"../../../Engine/Content/EngineMaterials/Substrate/Glints2/dict_0004_0128.uasset" 8541
"/Engine/EngineMaterials/Substrate/Glints2/dict_0004_0137" 8542
"../../../Engine/Content/EngineMaterials/Substrate/Glints2/dict_0004_0129.uasset" 8543
"../../../Engine/Content/EngineMaterials/Substrate/Glints2/dict_0004_0123.uasset" 8544
"/Engine/EngineMaterials/Substrate/Glints2/dict_0004_0133" 8545
"/Engine/EngineMaterials/Substrate/Glints2/dict_0004_0130" 8546
"/Engine/EngineMaterials/Substrate/Glints2/dict_0004_0134" 8547
"/Engine/EngineMaterials/Substrate/Glints2/dict_0004_0124" 8548
"/Engine/EngineMaterials/Substrate/Glints2/dict_0004_0131" 8549
"../../../Engine/Content/EngineMaterials/Substrate/Glints2/dict_0004_0118.uasset" 8550
"/Engine/EngineMaterials/Substrate/Glints2/dict_0004_0125" 8551
"/Engine/EngineMaterials/Substrate/Glints2/dict_0004_0126" 8552
"/Engine/EngineMaterials/Substrate/Glints2/dict_0004_0129" 8553
"../../../Engine/Content/EngineMaterials/Substrate/Glints2/dict_0004_0120.uasset" 8554
"../../../Engine/Content/EngineMaterials/Substrate/Glints2/dict_0004_0117.uasset" 8555
"/Engine/EngineMaterials/Substrate/Glints2/dict_0004_0123" 8556
"../../../Engine/Content/EngineMaterials/Substrate/Glints2/dict_0004_0121.uasset" 8557
"/Engine/EngineMaterials/Substrate/Glints2/dict_0004_0127" 8558
"/Engine/EngineMaterials/Substrate/Glints2/dict_0004_0128" 8559
"/Engine/EngineMaterials/Substrate/Glints2/dict_0004_0117" 8560
"/Engine/EngineMaterials/Substrate/Glints2/dict_0004_0118" 8561
"/Engine/EngineMaterials/Substrate/Glints2/dict_0004_0120" 8562
"/Engine/EngineMaterials/Substrate/Glints2/dict_0004_0121" 8563
"../../../Engine/Content/EngineMaterials/Substrate/Glints2/dict_0004_0122.uasset" 8564
"../../../Engine/Content/EngineMaterials/Substrate/Glints2/dict_0004_0141.uasset" 8565
"/Engine/EngineMaterials/Substrate/Glints2/dict_0004_0122" 8566
"/Engine/EngineMaterials/Substrate/Glints2/dict_0004_0141" 8567
"../../../Engine/Content/EngineMaterials/Substrate/Glints2/dict_0004_0116.uasset" 8568
"../../../Engine/Content/EngineMaterials/Substrate/Glints2/dict_0004_0115.uasset" 8569
"../../../Engine/Content/EngineMaterials/Substrate/Glints2/dict_0004_0114.uasset" 8570
"/Engine/EngineMaterials/Substrate/Glints2/dict_0004_0116" 8571
"../../../Engine/Content/EngineMaterials/Substrate/Glints2/dict_0004_0113.uasset" 8572
"/Engine/EngineMaterials/Substrate/Glints2/dict_0004_0114" 8573
"/Engine/EngineMaterials/Substrate/Glints2/dict_0004_0115" 8574
"/Engine/EngineMaterials/Substrate/Glints2/dict_0004_0113" 8575
"../../../Engine/Content/EngineMaterials/Substrate/Glints2/dict_0004_0110.uasset" 8576
"../../../Engine/Content/EngineMaterials/Substrate/Glints2/dict_0004_0111.uasset" 8577
"../../../Engine/Content/EngineMaterials/Substrate/Glints2/dict_0004_0112.uasset" 8578
"/Engine/EngineMaterials/Substrate/Glints2/dict_0004_0110" 8579
"/Engine/EngineMaterials/Substrate/Glints2/dict_0004_0111" 8580
"../../../Engine/Content/EngineMaterials/Substrate/Glints2/dict_0004_0108.uasset" 8581
"../../../Engine/Content/EngineMaterials/Substrate/Glints2/dict_0004_0107.uasset" 8582
"../../../Engine/Content/EngineMaterials/Substrate/Glints2/dict_0004_0109.uasset" 8583
"/Engine/EngineMaterials/Substrate/Glints2/dict_0004_0107" 8584
"../../../Engine/Content/EngineMaterials/Substrate/Glints2/dict_0004_0119.uasset" 8585
"/Engine/EngineMaterials/Substrate/Glints2/dict_0004_0108" 8586
"/Engine/EngineMaterials/Substrate/Glints2/dict_0004_0109" 8587
"../../../Engine/Content/EngineMaterials/Substrate/Glints2/dict_0004_0106.uasset" 8588
"/Engine/EngineMaterials/Substrate/Glints2/dict_0004_0112" 8589
"/Engine/EngineMaterials/Substrate/Glints2/dict_0004_0119" 8590
"/Engine/EngineMaterials/Substrate/Glints2/dict_0004_0106" 8591
"../../../Engine/Content/EngineMaterials/Substrate/Glints2/dict_0004_0105.uasset" 8592
"/Engine/EngineMaterials/Substrate/Glints2/dict_0004_0105" 8593
"../../../Engine/Content/EngineMaterials/Substrate/Glints2/dict_0004_0101.uasset" 8594
"../../../Engine/Content/EngineMaterials/Substrate/Glints2/dict_0004_0100.uasset" 8595
"../../../Engine/Content/EngineMaterials/Substrate/Glints2/dict_0004_0104.uasset" 8596
"../../../Engine/Content/EngineMaterials/Substrate/Glints2/dict_0004_0099.uasset" 8597
"../../../Engine/Content/EngineMaterials/Substrate/Glints2/dict_0004_0102.uasset" 8598
"/Engine/EngineMaterials/Substrate/Glints2/dict_0004_0101" 8599
"/Engine/EngineMaterials/Substrate/Glints2/dict_0004_0102" 8600
"../../../Engine/Content/EngineMaterials/Substrate/Glints2/dict_0004_0096.uasset" 8601
"../../../Engine/Content/EngineMaterials/Substrate/Glints2/dict_0004_0095.uasset" 8602
"../../../Engine/Content/EngineMaterials/Substrate/Glints2/dict_0004_0098.uasset" 8603
"/Engine/EngineMaterials/Substrate/Glints2/dict_0004_0099" 8604
"/Engine/EngineMaterials/Substrate/Glints2/dict_0004_0104" 8605
"../../../Engine/Content/EngineMaterials/Substrate/Glints2/dict_0004_0097.uasset" 8606
"/Engine/EngineMaterials/Substrate/Glints2/dict_0004_0100" 8607
"/Engine/EngineMaterials/Substrate/Glints2/dict_0004_0095" 8608
"/Engine/EngineMaterials/Substrate/Glints2/dict_0004_0096" 8609
"../../../Engine/Content/EngineMaterials/Substrate/Glints2/dict_0004_0094.uasset" 8610
"../../../Engine/Content/EngineMaterials/Substrate/Glints2/dict_0004_0093.uasset" 8611
"/Engine/EngineMaterials/Substrate/Glints2/dict_0004_0097" 8612
"/Engine/EngineMaterials/Substrate/Glints2/dict_0004_0098" 8613
"../../../Engine/Content/EngineMaterials/Substrate/Glints2/dict_0004_0091.uasset" 8614
"/Engine/EngineMaterials/Substrate/Glints2/dict_0004_0093" 8615
"../../../Engine/Content/EngineMaterials/Substrate/Glints2/dict_0004_0090.uasset" 8616
"../../../Engine/Content/EngineMaterials/Substrate/Glints2/dict_0004_0089.uasset" 8617
"../../../Engine/Content/EngineMaterials/Substrate/Glints2/dict_0004_0088.uasset" 8618
"../../../Engine/Content/EngineMaterials/Substrate/Glints2/dict_0004_0103.uasset" 8619
"../../../Engine/Content/EngineMaterials/Substrate/Glints2/dict_0004_0092.uasset" 8620
"/Engine/EngineMaterials/Substrate/Glints2/dict_0004_0094" 8621
"../../../Engine/Content/EngineMaterials/Substrate/Glints2/dict_0004_0132.uasset" 8622
"/Engine/EngineMaterials/Substrate/Glints2/dict_0004_0091" 8623
"/Engine/EngineMaterials/Substrate/Glints2/dict_0004_0089" 8624
"/Engine/EngineMaterials/Substrate/Glints2/dict_0004_0132" 8625
"/Engine/EngineMaterials/Substrate/Glints2/dict_0004_0088" 8626
"../../../Engine/Content/EngineMaterials/Substrate/Glints2/dict_0004_0085.uasset" 8627
"/Engine/EngineMaterials/Substrate/Glints2/dict_0004_0103" 8628
"../../../Engine/Content/EngineMaterials/Substrate/Glints2/dict_0004_0087.uasset" 8629
"../../../Engine/Content/EngineMaterials/Substrate/Glints2/dict_0004_0084.uasset" 8630
"/Engine/EngineMaterials/Substrate/Glints2/dict_0004_0090" 8631
"../../../Engine/Content/EngineMaterials/Substrate/Glints2/dict_0004_0083.uasset" 8632
"/Engine/EngineMaterials/Substrate/Glints2/dict_0004_0092" 8633
"/Engine/EngineMaterials/Substrate/Glints2/dict_0004_0084" 8634
"/Engine/EngineMaterials/Substrate/Glints2/dict_0004_0083" 8635
"/Engine/EngineMaterials/Substrate/Glints2/dict_0004_0087" 8636
"../../../Engine/Content/EngineMaterials/Substrate/Glints2/dict_0004_0082.uasset" 8637
"/Engine/EngineMaterials/Substrate/Glints2/dict_0004_0085" 8638
"../../../Engine/Content/EngineMaterials/Substrate/Glints2/dict_0004_0086.uasset" 8639
"/Engine/EngineMaterials/Substrate/Glints2/dict_0004_0082" 8640
"/Engine/EngineMaterials/Substrate/Glints2/dict_0004_0086" 8641
"../../../Engine/Content/EngineMaterials/Substrate/Glints2/dict_0004_0081.uasset" 8642
"../../../Engine/Content/EngineMaterials/Substrate/Glints2/dict_0004_0078.uasset" 8643
"../../../Engine/Content/EngineMaterials/Substrate/Glints2/dict_0004_0075.uasset" 8644
"../../../Engine/Content/EngineMaterials/Substrate/Glints2/dict_0004_0073.uasset" 8645
"/Engine/EngineMaterials/Substrate/Glints2/dict_0004_0078" 8646
"../../../Engine/Content/EngineMaterials/Substrate/Glints2/dict_0004_0080.uasset" 8647
"/Engine/EngineMaterials/Substrate/Glints2/dict_0004_0075" 8648
"/Engine/EngineMaterials/Substrate/Glints2/dict_0004_0081" 8649
"../../../Engine/Content/EngineMaterials/Substrate/Glints2/dict_0004_0076.uasset" 8650
"../../../Engine/Content/EngineMaterials/Substrate/Glints2/dict_0004_0071.uasset" 8651
"../../../Engine/Content/EngineMaterials/Substrate/Glints2/dict_0004_0070.uasset" 8652
"../../../Engine/Content/EngineMaterials/Substrate/Glints2/dict_0004_0074.uasset" 8653
"/Engine/EngineMaterials/Substrate/Glints2/dict_0004_0073" 8654
"/Engine/EngineMaterials/Substrate/Glints2/dict_0004_0070" 8655
"/Engine/EngineMaterials/Substrate/Glints2/dict_0004_0080" 8656
"/Engine/EngineMaterials/Substrate/Glints2/dict_0004_0071" 8657
"../../../Engine/Content/EngineMaterials/Substrate/Glints2/dict_0004_0072.uasset" 8658
"/Engine/EngineMaterials/Substrate/Glints2/dict_0004_0074" 8659
"/Engine/EngineMaterials/Substrate/Glints2/dict_0004_0076" 8660
"/Engine/EngineMaterials/Substrate/Glints2/dict_0004_0072" 8661
"../../../Engine/Content/EngineMaterials/Substrate/Glints2/dict_0004_0077.uasset" 8662
"../../../Engine/Content/EngineMaterials/Substrate/Glints2/dict_0004_0066.uasset" 8663
"../../../Engine/Content/EngineMaterials/Substrate/Glints2/dict_0004_0067.uasset" 8664
"../../../Engine/Content/EngineMaterials/Substrate/Glints2/dict_0004_0069.uasset" 8665
"../../../Engine/Content/EngineMaterials/Substrate/Glints2/dict_0004_0079.uasset" 8666
"../../../Engine/Content/EngineMaterials/Substrate/Glints2/dict_0004_0065.uasset" 8667
"/Engine/EngineMaterials/Substrate/Glints2/dict_0004_0077" 8668
"../../../Engine/Content/EngineMaterials/Substrate/Glints2/dict_0004_0063.uasset" 8669
"/Engine/EngineMaterials/Substrate/Glints2/dict_0004_0065" 8670
"../../../Engine/Content/EngineMaterials/Substrate/Glints2/dict_0004_0064.uasset" 8671
"/Engine/EngineMaterials/Substrate/Glints2/dict_0004_0069" 8672
"../../../Engine/Content/EngineMaterials/Substrate/Glints2/dict_0004_0061.uasset" 8673
"../../../Engine/Content/EngineMaterials/Substrate/Glints2/dict_0004_0060.uasset" 8674
"/Engine/EngineMaterials/Substrate/Glints2/dict_0004_0066" 8675
"../../../Engine/Content/EngineMaterials/Substrate/Glints2/dict_0004_0059.uasset" 8676
"/Engine/EngineMaterials/Substrate/Glints2/dict_0004_0067" 8677
"/Engine/EngineMaterials/Substrate/Glints2/dict_0004_0079" 8678
"/Engine/EngineMaterials/Substrate/Glints2/dict_0004_0063" 8679
"/Engine/EngineMaterials/Substrate/Glints2/dict_0004_0059" 8680
"/Engine/EngineMaterials/Substrate/Glints2/dict_0004_0060" 8681
"/Engine/EngineMaterials/Substrate/Glints2/dict_0004_0064" 8682
"/Engine/EngineMaterials/Substrate/Glints2/dict_0004_0061" 8683
"../../../Engine/Content/EngineMaterials/Substrate/Glints2/dict_0004_0062.uasset" 8684
"../../../Engine/Content/EngineMaterials/Substrate/Glints2/dict_0004_0054.uasset" 8685
"../../../Engine/Content/EngineMaterials/Substrate/Glints2/dict_0004_0055.uasset" 8686
"../../../Engine/Content/EngineMaterials/Substrate/Glints2/dict_0004_0053.uasset" 8687
"../../../Engine/Content/EngineMaterials/Substrate/Glints2/dict_0004_0058.uasset" 8688
"../../../Engine/Content/EngineMaterials/Substrate/Glints2/dict_0004_0057.uasset" 8689
"/Engine/EngineMaterials/Substrate/Glints2/dict_0004_0062" 8690
"../../../Engine/Content/EngineMaterials/Substrate/Glints2/dict_0004_0056.uasset" 8691
"/Engine/EngineMaterials/Substrate/Glints2/dict_0004_0057" 8692
"/Engine/EngineMaterials/Substrate/Glints2/dict_0004_0053" 8693
"../../../Engine/Content/EngineMaterials/Substrate/Glints2/dict_0004_0052.uasset" 8694
"/Engine/EngineMaterials/Substrate/Glints2/dict_0004_0054" 8695
"../../../Engine/Content/EngineMaterials/Substrate/Glints2/dict_0004_0068.uasset" 8696
"/Engine/EngineMaterials/Substrate/Glints2/dict_0004_0058" 8697
"/Engine/EngineMaterials/Substrate/Glints2/dict_0004_0055" 8698
"../../../Engine/Content/EngineMaterials/Substrate/Glints2/dict_0004_0048.uasset" 8699
"../../../Engine/Content/EngineMaterials/Substrate/Glints2/dict_0004_0046.uasset" 8700
"../../../Engine/Content/EngineMaterials/Substrate/Glints2/dict_0004_0045.uasset" 8701
"/Engine/EngineMaterials/Substrate/Glints2/dict_0004_0046" 8702
"../../../Engine/Content/EngineMaterials/Substrate/Glints2/dict_0004_0050.uasset" 8703
"/Engine/EngineMaterials/Substrate/Glints2/dict_0004_0052" 8704
"../../../Engine/Content/EngineMaterials/Substrate/Glints2/dict_0004_0051.uasset" 8705
"/Engine/EngineMaterials/Substrate/Glints2/dict_0004_0056" 8706
"../../../Engine/Content/EngineMaterials/Substrate/Glints2/dict_0004_0047.uasset" 8707
"../../../Engine/Content/EngineMaterials/Substrate/Glints2/dict_0004_0049.uasset" 8708
"/Engine/EngineMaterials/Substrate/Glints2/dict_0004_0048" 8709
"/Engine/EngineMaterials/Substrate/Glints2/dict_0004_0068" 8710
"../../../Engine/Content/EngineMaterials/Substrate/Glints2/dict_0004_0044.uasset" 8711
"/Engine/EngineMaterials/Substrate/Glints2/dict_0004_0045" 8712
"/Engine/EngineMaterials/Substrate/Glints2/dict_0004_0047" 8713
"/Engine/EngineMaterials/Substrate/Glints2/dict_0004_0050" 8714
"/Engine/EngineMaterials/Substrate/Glints2/dict_0004_0051" 8715
"/Engine/EngineMaterials/Substrate/Glints2/dict_0004_0044" 8716
"/Engine/EngineMaterials/Substrate/Glints2/dict_0004_0049" 8717
"../../../Engine/Content/EngineMaterials/Substrate/Glints2/dict_0004_0042.uasset" 8718
"../../../Engine/Content/EngineMaterials/Substrate/Glints2/dict_0004_0040.uasset" 8719
"../../../Engine/Content/EngineMaterials/Substrate/Glints2/dict_0004_0039.uasset" 8720
"../../../Engine/Content/EngineMaterials/Substrate/Glints2/dict_0004_0038.uasset" 8721
"../../../Engine/Content/EngineMaterials/Substrate/Glints2/dict_0004_0041.uasset" 8722
"../../../Engine/Content/EngineMaterials/Substrate/Glints2/dict_0004_0036.uasset" 8723
"../../../Engine/Content/EngineMaterials/Substrate/Glints2/dict_0004_0037.uasset" 8724
"/Engine/EngineMaterials/Substrate/Glints2/dict_0004_0036" 8725
"../../../Engine/Content/EngineMaterials/Substrate/Glints2/dict_0004_0035.uasset" 8726
"/Engine/EngineMaterials/Substrate/Glints2/dict_0004_0037" 8727
"/Engine/EngineMaterials/Substrate/Glints2/dict_0004_0038" 8728
"/Engine/EngineMaterials/Substrate/Glints2/dict_0004_0039" 8729
"/Engine/EngineMaterials/Substrate/Glints2/dict_0004_0041" 8730
"/Engine/EngineMaterials/Substrate/Glints2/dict_0004_0042" 8731
"/Engine/EngineMaterials/Substrate/Glints2/dict_0004_0040" 8732
"../../../Engine/Content/EngineMaterials/Substrate/Glints2/dict_0004_0034.uasset" 8733
"/Engine/EngineMaterials/Substrate/Glints2/dict_0004_0034" 8734
"/Engine/EngineMaterials/Substrate/Glints2/dict_0004_0035" 8735
"../../../Engine/Content/EngineMaterials/Substrate/Glints2/dict_0004_0033.uasset" 8736
"../../../Engine/Content/EngineMaterials/Substrate/Glints2/dict_0004_0032.uasset" 8737
"../../../Engine/Content/EngineMaterials/Substrate/Glints2/dict_0004_0029.uasset" 8738
"../../../Engine/Content/EngineMaterials/Substrate/Glints2/dict_0004_0028.uasset" 8739
"../../../Engine/Content/EngineMaterials/Substrate/Glints2/dict_0004_0027.uasset" 8740
"../../../Engine/Content/EngineMaterials/Substrate/Glints2/dict_0004_0043.uasset" 8741
"/Engine/EngineMaterials/Substrate/Glints2/dict_0004_0029" 8742
"/Engine/EngineMaterials/Substrate/Glints2/dict_0004_0027" 8743
"/Engine/EngineMaterials/Substrate/Glints2/dict_0004_0028" 8744
"../../../Engine/Content/EngineMaterials/Substrate/Glints2/dict_0004_0030.uasset" 8745
"/Engine/EngineMaterials/Substrate/Glints2/dict_0004_0032" 8746
"/Engine/EngineMaterials/Substrate/Glints2/dict_0004_0043" 8747
"../../../Engine/Content/EngineMaterials/Substrate/Glints2/dict_0004_0031.uasset" 8748
"../../../Engine/Content/EngineMaterials/Substrate/Glints2/dict_0004_0026.uasset" 8749
"../../../Engine/Content/EngineMaterials/Substrate/Glints2/dict_0004_0025.uasset" 8750
"/Engine/EngineMaterials/Substrate/Glints2/dict_0004_0033" 8751
"/Engine/EngineMaterials/Substrate/Glints2/dict_0004_0025" 8752
"/Engine/EngineMaterials/Substrate/Glints2/dict_0004_0026" 8753
"/Engine/EngineMaterials/Substrate/Glints2/dict_0004_0030" 8754
"/Engine/EngineMaterials/Substrate/Glints2/dict_0004_0031" 8755
"../../../Engine/Content/EngineMaterials/Substrate/Glints2/dict_0004_0024.uasset" 8756
"../../../Engine/Content/EngineMaterials/Substrate/Glints2/dict_0004_0023.uasset" 8757
"../../../Engine/Content/EngineMaterials/Substrate/Glints2/dict_0004_0018.uasset" 8758
"../../../Engine/Content/EngineMaterials/Substrate/Glints2/dict_0004_0016.uasset" 8759
"/Engine/EngineMaterials/Substrate/Glints2/dict_0004_0023" 8760
"/Engine/EngineMaterials/Substrate/Glints2/dict_0004_0018" 8761
"/Engine/EngineMaterials/Substrate/Glints2/dict_0004_0024" 8762
"/Engine/EngineMaterials/Substrate/Glints2/dict_0004_0016" 8763
"../../../Engine/Content/EngineMaterials/Substrate/Glints2/dict_0004_0017.uasset" 8764
"../../../Engine/Content/EngineMaterials/Substrate/Glints2/dict_0004_0013.uasset" 8765
"../../../Engine/Content/EngineMaterials/Substrate/Glints2/dict_0004_0019.uasset" 8766
"../../../Engine/Content/EngineMaterials/Substrate/Glints2/dict_0004_0022.uasset" 8767
"../../../Engine/Content/EngineMaterials/Substrate/Glints2/dict_0004_0014.uasset" 8768
"../../../Engine/Content/EngineMaterials/Substrate/Glints2/dict_0004_0015.uasset" 8769
"../../../Engine/Content/EngineMaterials/Substrate/Glints2/dict_0004_0012.uasset" 8770
"../../../Engine/Content/EngineMaterials/Substrate/Glints2/dict_0004_0021.uasset" 8771
"/Engine/EngineMaterials/Substrate/Glints2/dict_0004_0017" 8772
"/Engine/EngineMaterials/Substrate/Glints2/dict_0004_0019" 8773
"/Engine/EngineMaterials/Substrate/Glints2/dict_0004_0012" 8774
"../../../Engine/Content/EngineMaterials/Substrate/Glints2/dict_0004_0020.uasset" 8775
"/Engine/EngineMaterials/Substrate/Glints2/dict_0004_0021" 8776
"../../../Engine/Content/EngineMaterials/Substrate/Glints2/dict_0004_0011.uasset" 8777
"/Engine/EngineMaterials/Substrate/Glints2/dict_0004_0013" 8778
"../../../Engine/Content/EngineMaterials/Substrate/Glints2/dict_0004_0007.uasset" 8779
"../../../Engine/Content/EngineMaterials/Substrate/Glints2/dict_0004_0010.uasset" 8780
"/Engine/EngineMaterials/Substrate/Glints2/dict_0004_0014" 8781
"/Engine/EngineMaterials/Substrate/Glints2/dict_0004_0015" 8782
"/Engine/EngineMaterials/Substrate/Glints2/dict_0004_0022" 8783
"/Engine/EngineMaterials/Substrate/Glints2/dict_0004_0007" 8784
"/Engine/EngineMaterials/Substrate/Glints2/dict_0004_0020" 8785
"/Engine/EngineMaterials/Substrate/Glints2/dict_0004_0010" 8786
"../../../Engine/Content/EngineMaterials/Substrate/Glints2/dict_0004_0006.uasset" 8787
"../../../Engine/Content/EngineMaterials/Substrate/Glints2/dict_0004_0004.uasset" 8788
"../../../Engine/Content/EngineMaterials/Substrate/Glints2/dict_0004_0008.uasset" 8789
"../../../Engine/Content/EngineMaterials/Substrate/Glints2/dict_0004_0002.uasset" 8790
"../../../Engine/Content/EngineMaterials/Substrate/Glints2/dict_0004_0009.uasset" 8791
"../../../Engine/Content/EngineMaterials/Substrate/Glints2/dict_0004_0001.uasset" 8792
"/Engine/EngineMaterials/Substrate/Glints2/dict_0004_0004" 8793
"/Engine/EngineMaterials/Substrate/Glints2/dict_0004_0006" 8794
"/Engine/EngineMaterials/Substrate/Glints2/dict_0004_0008" 8795
"../../../Engine/Content/EngineMaterials/Substrate/Glints2/dict_0003_0254.uasset" 8796
"../../../Engine/Content/EngineMaterials/Substrate/Glints2/dict_0004_0005.uasset" 8797
"/Engine/EngineMaterials/Substrate/Glints2/dict_0004_0009" 8798
"../../../Engine/Content/EngineMaterials/Substrate/Glints2/dict_0003_0255.uasset" 8799
"/Engine/EngineMaterials/Substrate/Glints2/dict_0004_0001" 8800
"/Engine/EngineMaterials/Substrate/Glints2/dict_0004_0011" 8801
"/Engine/EngineMaterials/Substrate/Glints2/dict_0004_0002" 8802
"../../../Engine/Content/EngineMaterials/Substrate/Glints2/dict_0004_0000.uasset" 8803
"/Engine/EngineMaterials/Substrate/Glints2/dict_0004_0005" 8804
"/Engine/EngineMaterials/Substrate/Glints2/dict_0003_0254" 8805
"/Engine/EngineMaterials/Substrate/Glints2/dict_0003_0255" 8806
"/Engine/EngineMaterials/Substrate/Glints2/dict_0004_0000" 8807
"../../../Engine/Content/EngineMaterials/Substrate/Glints2/dict_0003_0252.uasset" 8808
"../../../Engine/Content/EngineMaterials/Substrate/Glints2/dict_0003_0247.uasset" 8809
"../../../Engine/Content/EngineMaterials/Substrate/Glints2/dict_0003_0246.uasset" 8810
"/Engine/EngineMaterials/Substrate/Glints2/dict_0003_0246" 8811
"../../../Engine/Content/EngineMaterials/Substrate/Glints2/dict_0003_0249.uasset" 8812
"../../../Engine/Content/EngineMaterials/Substrate/Glints2/dict_0003_0251.uasset" 8813
"/Engine/EngineMaterials/Substrate/Glints2/dict_0003_0247" 8814
"/Engine/EngineMaterials/Substrate/Glints2/dict_0003_0252" 8815
"/Engine/EngineMaterials/Substrate/Glints2/dict_0003_0249" 8816
"/Engine/EngineMaterials/Substrate/Glints2/dict_0003_0251" 8817
"../../../Engine/Content/EngineMaterials/Substrate/Glints2/dict_0003_0244.uasset" 8818
"../../../Engine/Content/EngineMaterials/Substrate/Glints2/dict_0003_0248.uasset" 8819
"../../../Engine/Content/EngineMaterials/Substrate/Glints2/dict_0003_0253.uasset" 8820
"../../../Engine/Content/EngineMaterials/Substrate/Glints2/dict_0003_0241.uasset" 8821
"../../../Engine/Content/EngineMaterials/Substrate/Glints2/dict_0003_0250.uasset" 8822
"../../../Engine/Content/EngineMaterials/Substrate/Glints2/dict_0003_0242.uasset" 8823
"/Engine/EngineMaterials/Substrate/Glints2/dict_0003_0253" 8824
"../../../Engine/Content/EngineMaterials/Substrate/Glints2/dict_0003_0245.uasset" 8825
"/Engine/EngineMaterials/Substrate/Glints2/dict_0003_0250" 8826
"../../../Engine/Content/EngineMaterials/Substrate/Glints2/dict_0003_0243.uasset" 8827
"/Engine/EngineMaterials/Substrate/Glints2/dict_0003_0241" 8828
"../../../Engine/Content/EngineMaterials/Substrate/Glints2/dict_0003_0240.uasset" 8829
"/Engine/EngineMaterials/Substrate/Glints2/dict_0003_0242" 8830
"/Engine/EngineMaterials/Substrate/Glints2/dict_0003_0248" 8831
"../../../Engine/Content/EngineMaterials/Substrate/Glints2/dict_0003_0237.uasset" 8832
"../../../Engine/Content/EngineMaterials/Substrate/Glints2/dict_0003_0236.uasset" 8833
"../../../Engine/Content/EngineMaterials/Substrate/Glints2/dict_0003_0235.uasset" 8834
"/Engine/EngineMaterials/Substrate/Glints2/dict_0003_0244" 8835
"../../../Engine/Content/EngineMaterials/Substrate/Glints2/dict_0003_0238.uasset" 8836
"/Engine/EngineMaterials/Substrate/Glints2/dict_0003_0245" 8837
"/Engine/EngineMaterials/Substrate/Glints2/dict_0003_0237" 8838
"/Engine/EngineMaterials/Substrate/Glints2/dict_0003_0238" 8839
"/Engine/EngineMaterials/Substrate/Glints2/dict_0003_0235" 8840
"../../../Engine/Content/EngineMaterials/Substrate/Glints2/dict_0003_0232.uasset" 8841
"/Engine/EngineMaterials/Substrate/Glints2/dict_0003_0240" 8842
"/Engine/EngineMaterials/Substrate/Glints2/dict_0003_0236" 8843
"/Engine/EngineMaterials/Substrate/Glints2/dict_0003_0243" 8844
"/Engine/EngineMaterials/Substrate/Glints2/dict_0003_0232" 8845
"../../../Engine/Content/EngineMaterials/Substrate/Glints2/dict_0003_0231.uasset" 8846
"../../../Engine/Content/EngineMaterials/Substrate/Glints2/dict_0003_0229.uasset" 8847
"../../../Engine/Content/EngineMaterials/Substrate/Glints2/dict_0003_0233.uasset" 8848
"../../../Engine/Content/EngineMaterials/Substrate/Glints2/dict_0003_0228.uasset" 8849
"../../../Engine/Content/EngineMaterials/Substrate/Glints2/dict_0003_0227.uasset" 8850
"/Engine/EngineMaterials/Substrate/Glints2/dict_0003_0228" 8851
"../../../Engine/Content/EngineMaterials/Substrate/Glints2/dict_0003_0230.uasset" 8852
"/Engine/EngineMaterials/Substrate/Glints2/dict_0003_0229" 8853
"../../../Engine/Content/EngineMaterials/Substrate/Glints2/dict_0003_0225.uasset" 8854
"../../../Engine/Content/EngineMaterials/Substrate/Glints2/dict_0003_0226.uasset" 8855
"/Engine/EngineMaterials/Substrate/Glints2/dict_0003_0231" 8856
"/Engine/EngineMaterials/Substrate/Glints2/dict_0003_0233" 8857
"../../../Engine/Content/EngineMaterials/Substrate/Glints2/dict_0003_0223.uasset" 8858
"../../../Engine/Content/EngineMaterials/Substrate/Glints2/dict_0003_0224.uasset" 8859
"/Engine/EngineMaterials/Substrate/Glints2/dict_0003_0227" 8860
"/Engine/EngineMaterials/Substrate/Glints2/dict_0003_0230" 8861
"/Engine/EngineMaterials/Substrate/Glints2/dict_0003_0225" 8862
"/Engine/EngineMaterials/Substrate/Glints2/dict_0003_0226" 8863
"/Engine/EngineMaterials/Substrate/Glints2/dict_0003_0223" 8864
"../../../Engine/Content/EngineMaterials/Substrate/Glints2/dict_0003_0222.uasset" 8865
"/Engine/EngineMaterials/Substrate/Glints2/dict_0003_0224" 8866
"/Engine/EngineMaterials/Substrate/Glints2/dict_0003_0222" 8867
"../../../Engine/Content/EngineMaterials/Substrate/Glints2/dict_0003_0219.uasset" 8868
"../../../Engine/Content/EngineMaterials/Substrate/Glints2/dict_0003_0220.uasset" 8869
"../../../Engine/Content/EngineMaterials/Substrate/Glints2/dict_0003_0218.uasset" 8870
"../../../Engine/Content/EngineMaterials/Substrate/Glints2/dict_0004_0003.uasset" 8871
"../../../Engine/Content/EngineMaterials/Substrate/Glints2/dict_0003_0217.uasset" 8872
"/Engine/EngineMaterials/Substrate/Glints2/dict_0004_0003" 8873
"../../../Engine/Content/EngineMaterials/Substrate/Glints2/dict_0003_0234.uasset" 8874
"/Engine/EngineMaterials/Substrate/Glints2/dict_0003_0220" 8875
"../../../Engine/Content/EngineMaterials/Substrate/Glints2/dict_0003_0239.uasset" 8876
"/Engine/EngineMaterials/Substrate/Glints2/dict_0003_0218" 8877
"../../../Engine/Content/EngineMaterials/Substrate/Glints2/dict_0003_0214.uasset" 8878
"../../../Engine/Content/EngineMaterials/Substrate/Glints2/dict_0003_0215.uasset" 8879
"/Engine/EngineMaterials/Substrate/Glints2/dict_0003_0219" 8880
"/Engine/EngineMaterials/Substrate/Glints2/dict_0003_0217" 8881
"/Engine/EngineMaterials/Substrate/Glints2/dict_0003_0234" 8882
"../../../Engine/Content/EngineMaterials/Substrate/Glints2/dict_0003_0216.uasset" 8883
"/Engine/EngineMaterials/Substrate/Glints2/dict_0003_0239" 8884
"/Engine/EngineMaterials/Substrate/Glints2/dict_0003_0214" 8885
"../../../Engine/Content/EngineMaterials/Substrate/Glints2/dict_0003_0213.uasset" 8886
"/Engine/EngineMaterials/Substrate/Glints2/dict_0003_0215" 8887
"../../../Engine/Content/EngineMaterials/Substrate/Glints2/dict_0003_0211.uasset" 8888
"/Engine/EngineMaterials/Substrate/Glints2/dict_0003_0213" 8889
"/Engine/EngineMaterials/Substrate/Glints2/dict_0003_0211" 8890
"/Engine/EngineMaterials/Substrate/Glints2/dict_0003_0216" 8891
"../../../Engine/Content/EngineMaterials/Substrate/Glints2/dict_0003_0221.uasset" 8892
"../../../Engine/Content/EngineMaterials/Substrate/Glints2/dict_0003_0204.uasset" 8893
"../../../Engine/Content/EngineMaterials/Substrate/Glints2/dict_0003_0208.uasset" 8894
"../../../Engine/Content/EngineMaterials/Substrate/Glints2/dict_0003_0207.uasset" 8895
"../../../Engine/Content/EngineMaterials/Substrate/Glints2/dict_0003_0206.uasset" 8896
"/Engine/EngineMaterials/Substrate/Glints2/dict_0003_0207" 8897
"../../../Engine/Content/EngineMaterials/Substrate/Glints2/dict_0003_0212.uasset" 8898
"../../../Engine/Content/EngineMaterials/Substrate/Glints2/dict_0003_0209.uasset" 8899
"../../../Engine/Content/EngineMaterials/Substrate/Glints2/dict_0003_0205.uasset" 8900
"/Engine/EngineMaterials/Substrate/Glints2/dict_0003_0221" 8901
"/Engine/EngineMaterials/Substrate/Glints2/dict_0003_0208" 8902
"/Engine/EngineMaterials/Substrate/Glints2/dict_0003_0204" 8903
"/Engine/EngineMaterials/Substrate/Glints2/dict_0003_0205" 8904
"/Engine/EngineMaterials/Substrate/Glints2/dict_0003_0212" 8905
"../../../Engine/Content/EngineMaterials/Substrate/Glints2/dict_0003_0201.uasset" 8906
"../../../Engine/Content/EngineMaterials/Substrate/Glints2/dict_0003_0202.uasset" 8907
"../../../Engine/Content/EngineMaterials/Substrate/Glints2/dict_0003_0203.uasset" 8908
"../../../Engine/Content/EngineMaterials/Substrate/Glints2/dict_0003_0200.uasset" 8909
"/Engine/EngineMaterials/Substrate/Glints2/dict_0003_0206" 8910
"../../../Engine/Content/EngineMaterials/Substrate/Glints2/dict_0003_0197.uasset" 8911
"../../../Engine/Content/EngineMaterials/Substrate/Glints2/dict_0003_0199.uasset" 8912
"/Engine/EngineMaterials/Substrate/Glints2/dict_0003_0209" 8913
"../../../Engine/Content/EngineMaterials/Substrate/Glints2/dict_0003_0196.uasset" 8914
"/Engine/EngineMaterials/Substrate/Glints2/dict_0003_0200" 8915
"/Engine/EngineMaterials/Substrate/Glints2/dict_0003_0197" 8916
"/Engine/EngineMaterials/Substrate/Glints2/dict_0003_0199" 8917
"../../../Engine/Content/EngineMaterials/Substrate/Glints2/dict_0003_0210.uasset" 8918
"/Engine/EngineMaterials/Substrate/Glints2/dict_0003_0202" 8919
"/Engine/EngineMaterials/Substrate/Glints2/dict_0003_0203" 8920
"../../../Engine/Content/EngineMaterials/Substrate/Glints2/dict_0003_0195.uasset" 8921
"../../../Engine/Content/EngineMaterials/Substrate/Glints2/dict_0003_0194.uasset" 8922
"../../../Engine/Content/EngineMaterials/Substrate/Glints2/dict_0003_0193.uasset" 8923
"../../../Engine/Content/EngineMaterials/Substrate/Glints2/dict_0003_0192.uasset" 8924
"/Engine/EngineMaterials/Substrate/Glints2/dict_0003_0196" 8925
"../../../Engine/Content/EngineMaterials/Substrate/Glints2/dict_0003_0190.uasset" 8926
"/Engine/EngineMaterials/Substrate/Glints2/dict_0003_0194" 8927
"/Engine/EngineMaterials/Substrate/Glints2/dict_0003_0201" 8928
"/Engine/EngineMaterials/Substrate/Glints2/dict_0003_0195" 8929
"/Engine/EngineMaterials/Substrate/Glints2/dict_0003_0193" 8930
"../../../Engine/Content/EngineMaterials/Substrate/Glints2/dict_0003_0189.uasset" 8931
"/Engine/EngineMaterials/Substrate/Glints2/dict_0003_0210" 8932
"/Engine/EngineMaterials/Substrate/Glints2/dict_0003_0192" 8933
"../../../Engine/Content/EngineMaterials/Substrate/Glints2/dict_0003_0191.uasset" 8934
"/Engine/EngineMaterials/Substrate/Glints2/dict_0003_0189" 8935
"/Engine/EngineMaterials/Substrate/Glints2/dict_0003_0190" 8936
"/Engine/EngineMaterials/Substrate/Glints2/dict_0003_0191" 8937
"../../../Engine/Content/EngineMaterials/Substrate/Glints2/dict_0003_0188.uasset" 8938
"../../../Engine/Content/EngineMaterials/Substrate/Glints2/dict_0003_0185.uasset" 8939
"../../../Engine/Content/EngineMaterials/Substrate/Glints2/dict_0003_0186.uasset" 8940
"/Engine/EngineMaterials/Substrate/Glints2/dict_0003_0188" 8941
"../../../Engine/Content/EngineMaterials/Substrate/Glints2/dict_0003_0183.uasset" 8942
"/Engine/EngineMaterials/Substrate/Glints2/dict_0003_0185" 8943
"../../../Engine/Content/EngineMaterials/Substrate/Glints2/dict_0003_0187.uasset" 8944
"/Engine/EngineMaterials/Substrate/Glints2/dict_0003_0186" 8945
"../../../Engine/Content/EngineMaterials/Substrate/Glints2/dict_0003_0184.uasset" 8946
"/Engine/EngineMaterials/Substrate/Glints2/dict_0003_0184" 8947
"/Engine/EngineMaterials/Substrate/Glints2/dict_0003_0187" 8948
"../../../Engine/Content/EngineMaterials/Substrate/Glints2/dict_0003_0181.uasset" 8949
"../../../Engine/Content/EngineMaterials/Substrate/Glints2/dict_0003_0182.uasset" 8950
"../../../Engine/Content/EngineMaterials/Substrate/Glints2/dict_0003_0180.uasset" 8951
"/Engine/EngineMaterials/Substrate/Glints2/dict_0003_0183" 8952
"/Engine/EngineMaterials/Substrate/Glints2/dict_0003_0181" 8953
"../../../Engine/Content/EngineMaterials/Substrate/Glints2/dict_0003_0176.uasset" 8954
"/Engine/EngineMaterials/Substrate/Glints2/dict_0003_0180" 8955
"../../../Engine/Content/EngineMaterials/Substrate/Glints2/dict_0003_0177.uasset" 8956
"/Engine/EngineMaterials/Substrate/Glints2/dict_0003_0182" 8957
"../../../Engine/Content/EngineMaterials/Substrate/Glints2/dict_0003_0198.uasset" 8958
"/Engine/EngineMaterials/Substrate/Glints2/dict_0003_0177" 8959
"../../../Engine/Content/EngineMaterials/Substrate/Glints2/dict_0003_0178.uasset" 8960
"/Engine/EngineMaterials/Substrate/Glints2/dict_0003_0176" 8961
"/Engine/EngineMaterials/Substrate/Glints2/dict_0003_0178" 8962
"../../../Engine/Content/EngineMaterials/Substrate/Glints2/dict_0003_0179.uasset" 8963
"../../../Engine/Content/EngineMaterials/Substrate/Glints2/dict_0003_0170.uasset" 8964
"../../../Engine/Content/EngineMaterials/Substrate/Glints2/dict_0003_0172.uasset" 8965
"/Engine/EngineMaterials/Substrate/Glints2/dict_0003_0198" 8966
"../../../Engine/Content/EngineMaterials/Substrate/Glints2/dict_0003_0169.uasset" 8967
"/Engine/EngineMaterials/Substrate/Glints2/dict_0003_0179" 8968
"../../../Engine/Content/EngineMaterials/Substrate/Glints2/dict_0003_0175.uasset" 8969
"/Engine/EngineMaterials/Substrate/Glints2/dict_0003_0170" 8970
"/Engine/EngineMaterials/Substrate/Glints2/dict_0003_0172" 8971
"../../../Engine/Content/EngineMaterials/Substrate/Glints2/dict_0003_0173.uasset" 8972
"../../../Engine/Content/EngineMaterials/Substrate/Glints2/dict_0003_0171.uasset" 8973
"/Engine/EngineMaterials/Substrate/Glints2/dict_0003_0173" 8974
"/Engine/EngineMaterials/Substrate/Glints2/dict_0003_0175" 8975
"/Engine/EngineMaterials/Substrate/Glints2/dict_0003_0169" 8976
"/Engine/EngineMaterials/Substrate/Glints2/dict_0003_0171" 8977
"../../../Engine/Content/EngineMaterials/Substrate/Glints2/dict_0003_0167.uasset" 8978
"../../../Engine/Content/EngineMaterials/Substrate/Glints2/dict_0003_0168.uasset" 8979
"../../../Engine/Content/EngineMaterials/Substrate/Glints2/dict_0003_0165.uasset" 8980
"../../../Engine/Content/EngineMaterials/Substrate/Glints2/dict_0003_0166.uasset" 8981
"../../../Engine/Content/EngineMaterials/Substrate/Glints2/dict_0003_0164.uasset" 8982
"/Engine/EngineMaterials/Substrate/Glints2/dict_0003_0168" 8983
"/Engine/EngineMaterials/Substrate/Glints2/dict_0003_0164" 8984
"/Engine/EngineMaterials/Substrate/Glints2/dict_0003_0165" 8985
"../../../Engine/Content/EngineMaterials/Substrate/Glints2/dict_0003_0162.uasset" 8986
"/Engine/EngineMaterials/Substrate/Glints2/dict_0003_0166" 8987
"../../../Engine/Content/EngineMaterials/Substrate/Glints2/dict_0003_0160.uasset" 8988
"/Engine/EngineMaterials/Substrate/Glints2/dict_0003_0167" 8989
"../../../Engine/Content/EngineMaterials/Substrate/Glints2/dict_0003_0158.uasset" 8990
"/Engine/EngineMaterials/Substrate/Glints2/dict_0003_0162" 8991
"../../../Engine/Content/EngineMaterials/Substrate/Glints2/dict_0003_0174.uasset" 8992
"../../../Engine/Content/EngineMaterials/Substrate/Glints2/dict_0003_0161.uasset" 8993
"/Engine/EngineMaterials/Substrate/Glints2/dict_0003_0160" 8994
"../../../Engine/Content/EngineMaterials/Substrate/Glints2/dict_0003_0159.uasset" 8995
"/Engine/EngineMaterials/Substrate/Glints2/dict_0003_0174" 8996
"/Engine/EngineMaterials/Substrate/Glints2/dict_0003_0161" 8997
"/Engine/EngineMaterials/Substrate/Glints2/dict_0003_0158" 8998
"/Engine/EngineMaterials/Substrate/Glints2/dict_0003_0159" 8999
"../../../Engine/Content/EngineMaterials/Substrate/Glints2/dict_0003_0156.uasset" 9000
"../../../Engine/Content/EngineMaterials/Substrate/Glints2/dict_0003_0163.uasset" 9001
"../../../Engine/Content/EngineMaterials/Substrate/Glints2/dict_0003_0157.uasset" 9002
"../../../Engine/Content/EngineMaterials/Substrate/Glints2/dict_0003_0155.uasset" 9003
"../../../Engine/Content/EngineMaterials/Substrate/Glints2/dict_0003_0152.uasset" 9004
"/Engine/EngineMaterials/Substrate/Glints2/dict_0003_0155" 9005
"../../../Engine/Content/EngineMaterials/Substrate/Glints2/dict_0003_0153.uasset" 9006
"../../../Engine/Content/EngineMaterials/Substrate/Glints2/dict_0003_0150.uasset" 9007
"/Engine/EngineMaterials/Substrate/Glints2/dict_0003_0152" 9008
"../../../Engine/Content/EngineMaterials/Substrate/Glints2/dict_0003_0154.uasset" 9009
"/Engine/EngineMaterials/Substrate/Glints2/dict_0003_0163" 9010
"../../../Engine/Content/EngineMaterials/Substrate/Glints2/dict_0003_0149.uasset" 9011
"/Engine/EngineMaterials/Substrate/Glints2/dict_0003_0156" 9012
"/Engine/EngineMaterials/Substrate/Glints2/dict_0003_0157" 9013
"../../../Engine/Content/EngineMaterials/Substrate/Glints2/dict_0003_0151.uasset" 9014
"/Engine/EngineMaterials/Substrate/Glints2/dict_0003_0149" 9015
"/Engine/EngineMaterials/Substrate/Glints2/dict_0003_0150" 9016
"/Engine/EngineMaterials/Substrate/Glints2/dict_0003_0153" 9017
"/Engine/EngineMaterials/Substrate/Glints2/dict_0003_0154" 9018
"/Engine/EngineMaterials/Substrate/Glints2/dict_0003_0151" 9019
"../../../Engine/Content/EngineMaterials/Substrate/Glints2/dict_0003_0148.uasset" 9020
"/Engine/EngineMaterials/Substrate/Glints2/dict_0003_0148" 9021
"../../../Engine/Content/EngineMaterials/Substrate/Glints2/dict_0003_0146.uasset" 9022
"../../../Engine/Content/EngineMaterials/Substrate/Glints2/dict_0003_0145.uasset" 9023
"../../../Engine/Content/EngineMaterials/Substrate/Glints2/dict_0003_0143.uasset" 9024
"../../../Engine/Content/EngineMaterials/Substrate/Glints2/dict_0003_0144.uasset" 9025
"../../../Engine/Content/EngineMaterials/Substrate/Glints2/dict_0003_0142.uasset" 9026
"../../../Engine/Content/EngineMaterials/Substrate/Glints2/dict_0003_0141.uasset" 9027
"/Engine/EngineMaterials/Substrate/Glints2/dict_0003_0146" 9028
"/Engine/EngineMaterials/Substrate/Glints2/dict_0003_0141" 9029
"/Engine/EngineMaterials/Substrate/Glints2/dict_0003_0142" 9030
"../../../Engine/Content/EngineMaterials/Substrate/Glints2/dict_0003_0140.uasset" 9031
"../../../Engine/Content/EngineMaterials/Substrate/Glints2/dict_0003_0138.uasset" 9032
"../../../Engine/Content/EngineMaterials/Substrate/Glints2/dict_0003_0139.uasset" 9033
"/Engine/EngineMaterials/Substrate/Glints2/dict_0003_0143" 9034
"../../../Engine/Content/EngineMaterials/Substrate/Glints2/dict_0003_0137.uasset" 9035
"/Engine/EngineMaterials/Substrate/Glints2/dict_0003_0144" 9036
"/Engine/EngineMaterials/Substrate/Glints2/dict_0003_0145" 9037
"../../../Engine/Content/EngineMaterials/Substrate/Glints2/dict_0003_0136.uasset" 9038
"/Engine/EngineMaterials/Substrate/Glints2/dict_0003_0139" 9039
"/Engine/EngineMaterials/Substrate/Glints2/dict_0003_0140" 9040
"/Engine/EngineMaterials/Substrate/Glints2/dict_0003_0136" 9041
"/Engine/EngineMaterials/Substrate/Glints2/dict_0003_0138" 9042
"/Engine/EngineMaterials/Substrate/Glints2/dict_0003_0137" 9043
"../../../Engine/Content/EngineMaterials/Substrate/Glints2/dict_0003_0133.uasset" 9044
"../../../Engine/Content/EngineMaterials/Substrate/Glints2/dict_0003_0134.uasset" 9045
"../../../Engine/Content/EngineMaterials/Substrate/Glints2/dict_0003_0130.uasset" 9046
"../../../Engine/Content/EngineMaterials/Substrate/Glints2/dict_0003_0129.uasset" 9047
"../../../Engine/Content/EngineMaterials/Substrate/Glints2/dict_0003_0132.uasset" 9048
"../../../Engine/Content/EngineMaterials/Substrate/Glints2/dict_0003_0135.uasset" 9049
"/Engine/EngineMaterials/Substrate/Glints2/dict_0003_0133" 9050
"../../../Engine/Content/EngineMaterials/Substrate/Glints2/dict_0003_0131.uasset" 9051
"/Engine/EngineMaterials/Substrate/Glints2/dict_0003_0129" 9052
"../../../Engine/Content/EngineMaterials/Substrate/Glints2/dict_0003_0147.uasset" 9053
"/Engine/EngineMaterials/Substrate/Glints2/dict_0003_0130" 9054
"../../../Engine/Content/EngineMaterials/Substrate/Glints2/dict_0003_0128.uasset" 9055
"/Engine/EngineMaterials/Substrate/Glints2/dict_0003_0134" 9056
"/Engine/EngineMaterials/Substrate/Glints2/dict_0003_0132" 9057
"/Engine/EngineMaterials/Substrate/Glints2/dict_0003_0135" 9058
"/Engine/EngineMaterials/Substrate/Glints2/dict_0003_0128" 9059
"/Engine/EngineMaterials/Substrate/Glints2/dict_0003_0131" 9060
"../../../Engine/Content/EngineMaterials/Substrate/Glints2/dict_0003_0127.uasset" 9061
"/Engine/EngineMaterials/Substrate/Glints2/dict_0003_0147" 9062
"/Engine/EngineMaterials/Substrate/Glints2/dict_0003_0127" 9063
"../../../Engine/Content/EngineMaterials/Substrate/Glints2/dict_0003_0122.uasset" 9064
"../../../Engine/Content/EngineMaterials/Substrate/Glints2/dict_0003_0126.uasset" 9065
"../../../Engine/Content/EngineMaterials/Substrate/Glints2/dict_0003_0124.uasset" 9066
"../../../Engine/Content/EngineMaterials/Substrate/Glints2/dict_0003_0125.uasset" 9067
"../../../Engine/Content/EngineMaterials/Substrate/Glints2/dict_0003_0121.uasset" 9068
"/Engine/EngineMaterials/Substrate/Glints2/dict_0003_0122" 9069
"../../../Engine/Content/EngineMaterials/Substrate/Glints2/dict_0003_0118.uasset" 9070
"../../../Engine/Content/EngineMaterials/Substrate/Glints2/dict_0003_0123.uasset" 9071
"../../../Engine/Content/EngineMaterials/Substrate/Glints2/dict_0003_0119.uasset" 9072
"/Engine/EngineMaterials/Substrate/Glints2/dict_0003_0124" 9073
"../../../Engine/Content/EngineMaterials/Substrate/Glints2/dict_0003_0116.uasset" 9074
"/Engine/EngineMaterials/Substrate/Glints2/dict_0003_0125" 9075
"/Engine/EngineMaterials/Substrate/Glints2/dict_0003_0126" 9076
"../../../Engine/Content/EngineMaterials/Substrate/Glints2/dict_0003_0117.uasset" 9077
"/Engine/EngineMaterials/Substrate/Glints2/dict_0003_0121" 9078
"../../../Engine/Content/EngineMaterials/Substrate/Glints2/dict_0003_0114.uasset" 9079
"/Engine/EngineMaterials/Substrate/Glints2/dict_0003_0123" 9080
"/Engine/EngineMaterials/Substrate/Glints2/dict_0003_0118" 9081
"../../../Engine/Content/EngineMaterials/Substrate/Glints2/dict_0003_0115.uasset" 9082
"/Engine/EngineMaterials/Substrate/Glints2/dict_0003_0116" 9083
"../../../Engine/Content/EngineMaterials/Substrate/Glints2/dict_0003_0112.uasset" 9084
"/Engine/EngineMaterials/Substrate/Glints2/dict_0003_0114" 9085
"../../../Engine/Content/EngineMaterials/Substrate/Glints2/dict_0003_0110.uasset" 9086
"../../../Engine/Content/EngineMaterials/Substrate/Glints2/dict_0003_0113.uasset" 9087
"../../../Engine/Content/EngineMaterials/Substrate/Glints2/dict_0003_0120.uasset" 9088
"/Engine/EngineMaterials/Substrate/Glints2/dict_0003_0119" 9089
"/Engine/EngineMaterials/Substrate/Glints2/dict_0003_0117" 9090
"/Engine/EngineMaterials/Substrate/Glints2/dict_0003_0110" 9091
"../../../Engine/Content/EngineMaterials/Substrate/Glints2/dict_0003_0109.uasset" 9092
"/Engine/EngineMaterials/Substrate/Glints2/dict_0003_0112" 9093
"/Engine/EngineMaterials/Substrate/Glints2/dict_0003_0113" 9094
"/Engine/EngineMaterials/Substrate/Glints2/dict_0003_0115" 9095
"/Engine/EngineMaterials/Substrate/Glints2/dict_0003_0120" 9096
"/Engine/EngineMaterials/Substrate/Glints2/dict_0003_0109" 9097
"../../../Engine/Content/EngineMaterials/Substrate/Glints2/dict_0003_0108.uasset" 9098
"../../../Engine/Content/EngineMaterials/Substrate/Glints2/dict_0003_0111.uasset" 9099
"../../../Engine/Content/EngineMaterials/Substrate/Glints2/dict_0003_0107.uasset" 9100
"../../../Engine/Content/EngineMaterials/Substrate/Glints2/dict_0003_0104.uasset" 9101
"../../../Engine/Content/EngineMaterials/Substrate/Glints2/dict_0003_0105.uasset" 9102
"../../../Engine/Content/EngineMaterials/Substrate/Glints2/dict_0003_0102.uasset" 9103
"/Engine/EngineMaterials/Substrate/Glints2/dict_0003_0105" 9104
"../../../Engine/Content/EngineMaterials/Substrate/Glints2/dict_0003_0101.uasset" 9105
"../../../Engine/Content/EngineMaterials/Substrate/Glints2/dict_0003_0103.uasset" 9106
"/Engine/EngineMaterials/Substrate/Glints2/dict_0003_0111" 9107
"/Engine/EngineMaterials/Substrate/Glints2/dict_0003_0102" 9108
"../../../Engine/Content/EngineMaterials/Substrate/Glints2/dict_0003_0100.uasset" 9109
"/Engine/EngineMaterials/Substrate/Glints2/dict_0003_0104" 9110
"/Engine/EngineMaterials/Substrate/Glints2/dict_0003_0107" 9111
"../../../Engine/Content/EngineMaterials/Substrate/Glints2/dict_0003_0097.uasset" 9112
"/Engine/EngineMaterials/Substrate/Glints2/dict_0003_0108" 9113
"/Engine/EngineMaterials/Substrate/Glints2/dict_0003_0097" 9114
"../../../Engine/Content/EngineMaterials/Substrate/Glints2/dict_0003_0095.uasset" 9115
"/Engine/EngineMaterials/Substrate/Glints2/dict_0003_0100" 9116
"../../../Engine/Content/EngineMaterials/Substrate/Glints2/dict_0003_0096.uasset" 9117
"/Engine/EngineMaterials/Substrate/Glints2/dict_0003_0101" 9118
"/Engine/EngineMaterials/Substrate/Glints2/dict_0003_0103" 9119
"/Engine/EngineMaterials/Substrate/Glints2/dict_0003_0095" 9120
"../../../Engine/Content/EngineMaterials/Substrate/Glints2/dict_0003_0098.uasset" 9121
"../../../Engine/Content/EngineMaterials/Substrate/Glints2/dict_0003_0093.uasset" 9122
"../../../Engine/Content/EngineMaterials/Substrate/Glints2/dict_0003_0094.uasset" 9123
"../../../Engine/Content/EngineMaterials/Substrate/Glints2/dict_0003_0099.uasset" 9124
"../../../Engine/Content/EngineMaterials/Substrate/Glints2/dict_0003_0106.uasset" 9125
"../../../Engine/Content/EngineMaterials/Substrate/Glints2/dict_0003_0092.uasset" 9126
"../../../Engine/Content/EngineMaterials/Substrate/Glints2/dict_0003_0089.uasset" 9127
"../../../Engine/Content/EngineMaterials/Substrate/Glints2/dict_0003_0090.uasset" 9128
"/Engine/EngineMaterials/Substrate/Glints2/dict_0003_0096" 9129
"/Engine/EngineMaterials/Substrate/Glints2/dict_0003_0106" 9130
"/Engine/EngineMaterials/Substrate/Glints2/dict_0003_0099" 9131
"../../../Engine/Content/EngineMaterials/Substrate/Glints2/dict_0003_0091.uasset" 9132
"/Engine/EngineMaterials/Substrate/Glints2/dict_0003_0098" 9133
"../../../Engine/Content/EngineMaterials/Substrate/Glints2/dict_0003_0085.uasset" 9134
"/Engine/EngineMaterials/Substrate/Glints2/dict_0003_0092" 9135
"../../../Engine/Content/EngineMaterials/Substrate/Glints2/dict_0003_0086.uasset" 9136
"../../../Engine/Content/EngineMaterials/Substrate/Glints2/dict_0003_0087.uasset" 9137
"/Engine/EngineMaterials/Substrate/Glints2/dict_0003_0093" 9138
"/Engine/EngineMaterials/Substrate/Glints2/dict_0003_0089" 9139
"../../../Engine/Content/EngineMaterials/Substrate/Glints2/dict_0003_0088.uasset" 9140
"/Engine/EngineMaterials/Substrate/Glints2/dict_0003_0094" 9141
"/Engine/EngineMaterials/Substrate/Glints2/dict_0003_0090" 9142
"../../../Engine/Content/EngineMaterials/Substrate/Glints2/dict_0003_0083.uasset" 9143
"../../../Engine/Content/EngineMaterials/Substrate/Glints2/dict_0003_0081.uasset" 9144
"../../../Engine/Content/EngineMaterials/Substrate/Glints2/dict_0003_0078.uasset" 9145
"../../../Engine/Content/EngineMaterials/Substrate/Glints2/dict_0003_0080.uasset" 9146
"/Engine/EngineMaterials/Substrate/Glints2/dict_0003_0091" 9147
"../../../Engine/Content/EngineMaterials/Substrate/Glints2/dict_0003_0082.uasset" 9148
"/Engine/EngineMaterials/Substrate/Glints2/dict_0003_0085" 9149
"../../../Engine/Content/EngineMaterials/Substrate/Glints2/dict_0003_0079.uasset" 9150
"/Engine/EngineMaterials/Substrate/Glints2/dict_0003_0086" 9151
"/Engine/EngineMaterials/Substrate/Glints2/dict_0003_0087" 9152
"/Engine/EngineMaterials/Substrate/Glints2/dict_0003_0088" 9153
"/Engine/EngineMaterials/Substrate/Glints2/dict_0003_0079" 9154
"/Engine/EngineMaterials/Substrate/Glints2/dict_0003_0080" 9155
"/Engine/EngineMaterials/Substrate/Glints2/dict_0003_0081" 9156
"../../../Engine/Content/EngineMaterials/Substrate/Glints2/dict_0003_0084.uasset" 9157
"/Engine/EngineMaterials/Substrate/Glints2/dict_0003_0082" 9158
"/Engine/EngineMaterials/Substrate/Glints2/dict_0003_0083" 9159
"/Engine/EngineMaterials/Substrate/Glints2/dict_0003_0078" 9160
"../../../Engine/Content/EngineMaterials/Substrate/Glints2/dict_0003_0077.uasset" 9161
"/Engine/EngineMaterials/Substrate/Glints2/dict_0003_0084" 9162
"/Engine/EngineMaterials/Substrate/Glints2/dict_0003_0077" 9163
"../../../Engine/Content/EngineMaterials/Substrate/Glints2/dict_0003_0071.uasset" 9164
"../../../Engine/Content/EngineMaterials/Substrate/Glints2/dict_0003_0074.uasset" 9165
"../../../Engine/Content/EngineMaterials/Substrate/Glints2/dict_0003_0072.uasset" 9166
"../../../Engine/Content/EngineMaterials/Substrate/Glints2/dict_0003_0073.uasset" 9167
"../../../Engine/Content/EngineMaterials/Substrate/Glints2/dict_0003_0075.uasset" 9168
"../../../Engine/Content/EngineMaterials/Substrate/Glints2/dict_0003_0076.uasset" 9169
"../../../Engine/Content/EngineMaterials/Substrate/Glints2/dict_0003_0070.uasset" 9170
"/Engine/EngineMaterials/Substrate/Glints2/dict_0003_0072" 9171
"/Engine/EngineMaterials/Substrate/Glints2/dict_0003_0070" 9172
"/Engine/EngineMaterials/Substrate/Glints2/dict_0003_0073" 9173
"../../../Engine/Content/EngineMaterials/Substrate/Glints2/dict_0003_0069.uasset" 9174
"/Engine/EngineMaterials/Substrate/Glints2/dict_0003_0074" 9175
"/Engine/EngineMaterials/Substrate/Glints2/dict_0003_0071" 9176
"../../../Engine/Content/EngineMaterials/Substrate/Glints2/dict_0003_0068.uasset" 9177
"/Engine/EngineMaterials/Substrate/Glints2/dict_0003_0075" 9178
"/Engine/EngineMaterials/Substrate/Glints2/dict_0003_0076" 9179
"../../../Engine/Content/EngineMaterials/Substrate/Glints2/dict_0003_0063.uasset" 9180
"/Engine/EngineMaterials/Substrate/Glints2/dict_0003_0068" 9181
"../../../Engine/Content/EngineMaterials/Substrate/Glints2/dict_0003_0067.uasset" 9182
"/Engine/EngineMaterials/Substrate/Glints2/dict_0003_0069" 9183
"/Engine/EngineMaterials/Substrate/Glints2/dict_0003_0063" 9184
"../../../Engine/Content/EngineMaterials/Substrate/Glints2/dict_0003_0061.uasset" 9185
"/Engine/EngineMaterials/Substrate/Glints2/dict_0003_0067" 9186
"/Engine/EngineMaterials/Substrate/Glints2/dict_0003_0061" 9187
"../../../Engine/Content/EngineMaterials/Substrate/Glints2/dict_0003_0065.uasset" 9188
"../../../Engine/Content/EngineMaterials/Substrate/Glints2/dict_0003_0059.uasset" 9189
"../../../Engine/Content/EngineMaterials/Substrate/Glints2/dict_0003_0062.uasset" 9190
"../../../Engine/Content/EngineMaterials/Substrate/Glints2/dict_0003_0060.uasset" 9191
"../../../Engine/Content/EngineMaterials/Substrate/Glints2/dict_0003_0066.uasset" 9192
"../../../Engine/Content/EngineMaterials/Substrate/Glints2/dict_0003_0064.uasset" 9193
"/Engine/EngineMaterials/Substrate/Glints2/dict_0003_0059" 9194
"/Engine/EngineMaterials/Substrate/Glints2/dict_0003_0060" 9195
"../../../Engine/Content/EngineMaterials/Substrate/Glints2/dict_0003_0055.uasset" 9196
"/Engine/EngineMaterials/Substrate/Glints2/dict_0003_0062" 9197
"../../../Engine/Content/EngineMaterials/Substrate/Glints2/dict_0003_0056.uasset" 9198
"/Engine/EngineMaterials/Substrate/Glints2/dict_0003_0064" 9199
"/Engine/EngineMaterials/Substrate/Glints2/dict_0003_0065" 9200
"/Engine/EngineMaterials/Substrate/Glints2/dict_0003_0066" 9201
"/Engine/EngineMaterials/Substrate/Glints2/dict_0003_0055" 9202
"/Engine/EngineMaterials/Substrate/Glints2/dict_0003_0056" 9203
"../../../Engine/Content/EngineMaterials/Substrate/Glints2/dict_0003_0057.uasset" 9204
"../../../Engine/Content/EngineMaterials/Substrate/Glints2/dict_0003_0058.uasset" 9205
"../../../Engine/Content/EngineMaterials/Substrate/Glints2/dict_0003_0054.uasset" 9206
"../../../Engine/Content/EngineMaterials/Substrate/Glints2/dict_0003_0052.uasset" 9207
"../../../Engine/Content/EngineMaterials/Substrate/Glints2/dict_0003_0048.uasset" 9208
"../../../Engine/Content/EngineMaterials/Substrate/Glints2/dict_0003_0049.uasset" 9209
"/Engine/EngineMaterials/Substrate/Glints2/dict_0003_0054" 9210
"../../../Engine/Content/EngineMaterials/Substrate/Glints2/dict_0003_0053.uasset" 9211
"../../../Engine/Content/EngineMaterials/Substrate/Glints2/dict_0003_0051.uasset" 9212
"/Engine/EngineMaterials/Substrate/Glints2/dict_0003_0057" 9213
"/Engine/EngineMaterials/Substrate/Glints2/dict_0003_0058" 9214
"/Engine/EngineMaterials/Substrate/Glints2/dict_0003_0052" 9215
"/Engine/EngineMaterials/Substrate/Glints2/dict_0003_0053" 9216
"/Engine/EngineMaterials/Substrate/Glints2/dict_0003_0048" 9217
"/Engine/EngineMaterials/Substrate/Glints2/dict_0003_0049" 9218
"/Engine/EngineMaterials/Substrate/Glints2/dict_0003_0051" 9219
"../../../Engine/Content/EngineMaterials/Substrate/Glints2/dict_0003_0046.uasset" 9220
"../../../Engine/Content/EngineMaterials/Substrate/Glints2/dict_0003_0050.uasset" 9221
"../../../Engine/Content/EngineMaterials/Substrate/Glints2/dict_0003_0041.uasset" 9222
"../../../Engine/Content/EngineMaterials/Substrate/Glints2/dict_0003_0040.uasset" 9223
"../../../Engine/Content/EngineMaterials/Substrate/Glints2/dict_0003_0044.uasset" 9224
"/Engine/EngineMaterials/Substrate/Glints2/dict_0003_0040" 9225
"../../../Engine/Content/EngineMaterials/Substrate/Glints2/dict_0003_0042.uasset" 9226
"/Engine/EngineMaterials/Substrate/Glints2/dict_0003_0041" 9227
"/Engine/EngineMaterials/Substrate/Glints2/dict_0003_0044" 9228
"../../../Engine/Content/EngineMaterials/Substrate/Glints2/dict_0003_0045.uasset" 9229
"/Engine/EngineMaterials/Substrate/Glints2/dict_0003_0046" 9230
"/Engine/EngineMaterials/Substrate/Glints2/dict_0003_0050" 9231
"/Engine/EngineMaterials/Substrate/Glints2/dict_0003_0045" 9232
"../../../Engine/Content/EngineMaterials/Substrate/Glints2/dict_0003_0047.uasset" 9233
"/Engine/EngineMaterials/Substrate/Glints2/dict_0003_0042" 9234
"../../../Engine/Content/EngineMaterials/Substrate/Glints2/dict_0003_0038.uasset" 9235
"/Engine/EngineMaterials/Substrate/Glints2/dict_0003_0047" 9236
"../../../Engine/Content/EngineMaterials/Substrate/Glints2/dict_0003_0039.uasset" 9237
"/Engine/EngineMaterials/Substrate/Glints2/dict_0003_0038" 9238
"../../../Engine/Content/EngineMaterials/Substrate/Glints2/dict_0003_0043.uasset" 9239
"../../../Engine/Content/EngineMaterials/Substrate/Glints2/dict_0003_0036.uasset" 9240
"../../../Engine/Content/EngineMaterials/Substrate/Glints2/dict_0003_0037.uasset" 9241
"../../../Engine/Content/EngineMaterials/Substrate/Glints2/dict_0003_0035.uasset" 9242
"../../../Engine/Content/EngineMaterials/Substrate/Glints2/dict_0003_0032.uasset" 9243
"../../../Engine/Content/EngineMaterials/Substrate/Glints2/dict_0003_0027.uasset" 9244
"../../../Engine/Content/EngineMaterials/Substrate/Glints2/dict_0003_0034.uasset" 9245
"/Engine/EngineMaterials/Substrate/Glints2/dict_0003_0027" 9246
"../../../Engine/Content/EngineMaterials/Substrate/Glints2/dict_0003_0026.uasset" 9247
"../../../Engine/Content/EngineMaterials/Substrate/Glints2/dict_0003_0028.uasset" 9248
"/Engine/EngineMaterials/Substrate/Glints2/dict_0003_0035" 9249
"../../../Engine/Content/EngineMaterials/Substrate/Glints2/dict_0003_0031.uasset" 9250
"/Engine/EngineMaterials/Substrate/Glints2/dict_0003_0036" 9251
"/Engine/EngineMaterials/Substrate/Glints2/dict_0003_0039" 9252
"/Engine/EngineMaterials/Substrate/Glints2/dict_0003_0043" 9253
"../../../Engine/Content/EngineMaterials/Substrate/Glints2/dict_0003_0030.uasset" 9254
"/Engine/EngineMaterials/Substrate/Glints2/dict_0003_0037" 9255
"/Engine/EngineMaterials/Substrate/Glints2/dict_0003_0032" 9256
"../../../Engine/Content/EngineMaterials/Substrate/Glints2/dict_0003_0029.uasset" 9257
"/Engine/EngineMaterials/Substrate/Glints2/dict_0003_0034" 9258
"/Engine/EngineMaterials/Substrate/Glints2/dict_0003_0028" 9259
"/Engine/EngineMaterials/Substrate/Glints2/dict_0003_0029" 9260
"/Engine/EngineMaterials/Substrate/Glints2/dict_0003_0026" 9261
"/Engine/EngineMaterials/Substrate/Glints2/dict_0003_0031" 9262
"/Engine/EngineMaterials/Substrate/Glints2/dict_0003_0030" 9263
"../../../Engine/Content/EngineMaterials/Substrate/Glints2/dict_0003_0024.uasset" 9264
"../../../Engine/Content/EngineMaterials/Substrate/Glints2/dict_0003_0025.uasset" 9265
"../../../Engine/Content/EngineMaterials/Substrate/Glints2/dict_0003_0033.uasset" 9266
"../../../Engine/Content/EngineMaterials/Substrate/Glints2/dict_0003_0023.uasset" 9267
"../../../Engine/Content/EngineMaterials/Substrate/Glints2/dict_0003_0021.uasset" 9268
"../../../Engine/Content/EngineMaterials/Substrate/Glints2/dict_0003_0020.uasset" 9269
"/Engine/EngineMaterials/Substrate/Glints2/dict_0003_0033" 9270
"/Engine/EngineMaterials/Substrate/Glints2/dict_0003_0021" 9271
"../../../Engine/Content/EngineMaterials/Substrate/Glints2/dict_0003_0022.uasset" 9272
"../../../Engine/Content/EngineMaterials/Substrate/Glints2/dict_0003_0016.uasset" 9273
"../../../Engine/Content/EngineMaterials/Substrate/Glints2/dict_0003_0018.uasset" 9274
"../../../Engine/Content/EngineMaterials/Substrate/Glints2/dict_0003_0017.uasset" 9275
"/Engine/EngineMaterials/Substrate/Glints2/dict_0003_0025" 9276
"/Engine/EngineMaterials/Substrate/Glints2/dict_0003_0023" 9277
"/Engine/EngineMaterials/Substrate/Glints2/dict_0003_0020" 9278
"/Engine/EngineMaterials/Substrate/Glints2/dict_0003_0024" 9279
"/Engine/EngineMaterials/Substrate/Glints2/dict_0003_0017" 9280
"../../../Engine/Content/EngineMaterials/Substrate/Glints2/dict_0003_0010.uasset" 9281
"/Engine/EngineMaterials/Substrate/Glints2/dict_0003_0018" 9282
"/Engine/EngineMaterials/Substrate/Glints2/dict_0003_0022" 9283
"../../../Engine/Content/EngineMaterials/Substrate/Glints2/dict_0003_0019.uasset" 9284
"../../../Engine/Content/EngineMaterials/Substrate/Glints2/dict_0003_0008.uasset" 9285
"/Engine/EngineMaterials/Substrate/Glints2/dict_0003_0016" 9286
"/Engine/EngineMaterials/Substrate/Glints2/dict_0003_0008" 9287
"/Engine/EngineMaterials/Substrate/Glints2/dict_0003_0010" 9288
"/Engine/EngineMaterials/Substrate/Glints2/dict_0003_0019" 9289
"../../../Engine/Content/EngineMaterials/Substrate/Glints2/dict_0003_0012.uasset" 9290
"../../../Engine/Content/EngineMaterials/Substrate/Glints2/dict_0003_0009.uasset" 9291
"../../../Engine/Content/EngineMaterials/Substrate/Glints2/dict_0003_0006.uasset" 9292
"../../../Engine/Content/EngineMaterials/Substrate/Glints2/dict_0003_0013.uasset" 9293
"../../../Engine/Content/EngineMaterials/Substrate/Glints2/dict_0003_0004.uasset" 9294
"/Engine/EngineMaterials/Substrate/Glints2/dict_0003_0009" 9295
"../../../Engine/Content/EngineMaterials/Substrate/Glints2/dict_0002_0255.uasset" 9296
"../../../Engine/Content/EngineMaterials/Substrate/Glints2/dict_0003_0015.uasset" 9297
"../../../Engine/Content/EngineMaterials/Substrate/Glints2/dict_0003_0001.uasset" 9298
"../../../Engine/Content/EngineMaterials/Substrate/Glints2/dict_0003_0007.uasset" 9299
"../../../Engine/Content/EngineMaterials/Substrate/Glints2/dict_0003_0002.uasset" 9300
"/Engine/EngineMaterials/Substrate/Glints2/dict_0003_0004" 9301
"/Engine/EngineMaterials/Substrate/Glints2/dict_0003_0012" 9302
"/Engine/EngineMaterials/Substrate/Glints2/dict_0003_0013" 9303
"/Engine/EngineMaterials/Substrate/Glints2/dict_0003_0006" 9304
"/Engine/EngineMaterials/Substrate/Glints2/dict_0003_0001" 9305
"../../../Engine/Content/EngineMaterials/Substrate/Glints2/dict_0003_0005.uasset" 9306
"/Engine/EngineMaterials/Substrate/Glints2/dict_0003_0002" 9307
"../../../Engine/Content/EngineMaterials/Substrate/Glints2/dict_0003_0003.uasset" 9308
"/Engine/EngineMaterials/Substrate/Glints2/dict_0002_0255" 9309
"/Engine/EngineMaterials/Substrate/Glints2/dict_0003_0015" 9310
"../../../Engine/Content/EngineMaterials/Substrate/Glints2/dict_0002_0254.uasset" 9311
"/Engine/EngineMaterials/Substrate/Glints2/dict_0003_0007" 9312
"/Engine/EngineMaterials/Substrate/Glints2/dict_0003_0003" 9313
"../../../Engine/Content/EngineMaterials/Substrate/Glints2/dict_0002_0253.uasset" 9314
"/Engine/EngineMaterials/Substrate/Glints2/dict_0002_0254" 9315
"/Engine/EngineMaterials/Substrate/Glints2/dict_0003_0005" 9316
"/Engine/EngineMaterials/Substrate/Glints2/dict_0002_0253" 9317
"../../../Engine/Content/EngineMaterials/Substrate/Glints2/dict_0002_0250.uasset" 9318
"../../../Engine/Content/EngineMaterials/Substrate/Glints2/dict_0002_0251.uasset" 9319
"../../../Engine/Content/EngineMaterials/Substrate/Glints2/dict_0002_0249.uasset" 9320
"../../../Engine/Content/EngineMaterials/Substrate/Glints2/dict_0003_0014.uasset" 9321
"../../../Engine/Content/EngineMaterials/Substrate/Glints2/dict_0002_0252.uasset" 9322
"../../../Engine/Content/EngineMaterials/Substrate/Glints2/dict_0002_0246.uasset" 9323
"../../../Engine/Content/EngineMaterials/Substrate/Glints2/dict_0002_0247.uasset" 9324
"../../../Engine/Content/EngineMaterials/Substrate/Glints2/dict_0003_0000.uasset" 9325
"/Engine/EngineMaterials/Substrate/Glints2/dict_0002_0252" 9326
"/Engine/EngineMaterials/Substrate/Glints2/dict_0002_0246" 9327
"../../../Engine/Content/EngineMaterials/Substrate/Glints2/dict_0002_0243.uasset" 9328
"../../../Engine/Content/EngineMaterials/Substrate/Glints2/dict_0002_0248.uasset" 9329
"/Engine/EngineMaterials/Substrate/Glints2/dict_0002_0247" 9330
"/Engine/EngineMaterials/Substrate/Glints2/dict_0003_0014" 9331
"../../../Engine/Content/EngineMaterials/Substrate/Glints2/dict_0002_0244.uasset" 9332
"/Engine/EngineMaterials/Substrate/Glints2/dict_0002_0251" 9333
"/Engine/EngineMaterials/Substrate/Glints2/dict_0002_0249" 9334
"/Engine/EngineMaterials/Substrate/Glints2/dict_0003_0000" 9335
"/Engine/EngineMaterials/Substrate/Glints2/dict_0002_0250" 9336
"../../../Engine/Content/EngineMaterials/Substrate/Glints2/dict_0002_0239.uasset" 9337
"/Engine/EngineMaterials/Substrate/Glints2/dict_0002_0239" 9338
"../../../Engine/Content/EngineMaterials/Substrate/Glints2/dict_0002_0245.uasset" 9339
"/Engine/EngineMaterials/Substrate/Glints2/dict_0002_0243" 9340
"/Engine/EngineMaterials/Substrate/Glints2/dict_0002_0248" 9341
"/Engine/EngineMaterials/Substrate/Glints2/dict_0002_0244" 9342
"/Engine/EngineMaterials/Substrate/Glints2/dict_0002_0245" 9343
"../../../Engine/Content/EngineMaterials/Substrate/Glints2/dict_0002_0241.uasset" 9344
"../../../Engine/Content/EngineMaterials/Substrate/Glints2/dict_0002_0240.uasset" 9345
"../../../Engine/Content/EngineMaterials/Substrate/Glints2/dict_0002_0238.uasset" 9346
"../../../Engine/Content/EngineMaterials/Substrate/Glints2/dict_0002_0235.uasset" 9347
"../../../Engine/Content/EngineMaterials/Substrate/Glints2/dict_0002_0237.uasset" 9348
"../../../Engine/Content/EngineMaterials/Substrate/Glints2/dict_0002_0236.uasset" 9349
"../../../Engine/Content/EngineMaterials/Substrate/Glints2/dict_0003_0011.uasset" 9350
"/Engine/EngineMaterials/Substrate/Glints2/dict_0002_0238" 9351
"/Engine/EngineMaterials/Substrate/Glints2/dict_0002_0241" 9352
"/Engine/EngineMaterials/Substrate/Glints2/dict_0002_0235" 9353
"../../../Engine/Content/EngineMaterials/Substrate/Glints2/dict_0002_0234.uasset" 9354
"/Engine/EngineMaterials/Substrate/Glints2/dict_0002_0236" 9355
"../../../Engine/Content/EngineMaterials/Substrate/Glints2/dict_0002_0231.uasset" 9356
"../../../Engine/Content/EngineMaterials/Substrate/Glints2/dict_0002_0242.uasset" 9357
"/Engine/EngineMaterials/Substrate/Glints2/dict_0003_0011" 9358
"/Engine/EngineMaterials/Substrate/Glints2/dict_0002_0237" 9359
"/Engine/EngineMaterials/Substrate/Glints2/dict_0002_0240" 9360
"../../../Engine/Content/EngineMaterials/Substrate/Glints2/dict_0002_0232.uasset" 9361
"/Engine/EngineMaterials/Substrate/Glints2/dict_0002_0234" 9362
"/Engine/EngineMaterials/Substrate/Glints2/dict_0002_0242" 9363
"/Engine/EngineMaterials/Substrate/Glints2/dict_0002_0231" 9364
"/Engine/EngineMaterials/Substrate/Glints2/dict_0002_0232" 9365
"../../../Engine/Content/EngineMaterials/Substrate/Glints2/dict_0002_0228.uasset" 9366
"../../../Engine/Content/EngineMaterials/Substrate/Glints2/dict_0002_0233.uasset" 9367
"../../../Engine/Content/EngineMaterials/Substrate/Glints2/dict_0002_0230.uasset" 9368
"../../../Engine/Content/EngineMaterials/Substrate/Glints2/dict_0002_0229.uasset" 9369
"../../../Engine/Content/EngineMaterials/Substrate/Glints2/dict_0002_0225.uasset" 9370
"../../../Engine/Content/EngineMaterials/Substrate/Glints2/dict_0002_0226.uasset" 9371
"/Engine/EngineMaterials/Substrate/Glints2/dict_0002_0228" 9372
"/Engine/EngineMaterials/Substrate/Glints2/dict_0002_0229" 9373
"/Engine/EngineMaterials/Substrate/Glints2/dict_0002_0225" 9374
"/Engine/EngineMaterials/Substrate/Glints2/dict_0002_0226" 9375
"../../../Engine/Content/EngineMaterials/Substrate/Glints2/dict_0002_0223.uasset" 9376
"/Engine/EngineMaterials/Substrate/Glints2/dict_0002_0233" 9377
"/Engine/EngineMaterials/Substrate/Glints2/dict_0002_0230" 9378
"../../../Engine/Content/EngineMaterials/Substrate/Glints2/dict_0002_0219.uasset" 9379
"/Engine/EngineMaterials/Substrate/Glints2/dict_0002_0223" 9380
"../../../Engine/Content/EngineMaterials/Substrate/Glints2/dict_0002_0218.uasset" 9381
"/Engine/EngineMaterials/Substrate/Glints2/dict_0002_0218" 9382
"../../../Engine/Content/EngineMaterials/Substrate/Glints2/dict_0002_0216.uasset" 9383
"../../../Engine/Content/EngineMaterials/Substrate/Glints2/dict_0002_0217.uasset" 9384
"/Engine/EngineMaterials/Substrate/Glints2/dict_0002_0219" 9385
"/Engine/EngineMaterials/Substrate/Glints2/dict_0002_0216" 9386
"../../../Engine/Content/EngineMaterials/Substrate/Glints2/dict_0002_0227.uasset" 9387
"/Engine/EngineMaterials/Substrate/Glints2/dict_0002_0217" 9388
"../../../Engine/Content/EngineMaterials/Substrate/Glints2/dict_0002_0222.uasset" 9389
"/Engine/EngineMaterials/Substrate/Glints2/dict_0002_0227" 9390
"/Engine/EngineMaterials/Substrate/Glints2/dict_0002_0222" 9391
"../../../Engine/Content/EngineMaterials/Substrate/Glints2/dict_0002_0215.uasset" 9392
"../../../Engine/Content/EngineMaterials/Substrate/Glints2/dict_0002_0213.uasset" 9393
"../../../Engine/Content/EngineMaterials/Substrate/Glints2/dict_0002_0214.uasset" 9394
"../../../Engine/Content/EngineMaterials/Substrate/Glints2/dict_0002_0212.uasset" 9395
"../../../Engine/Content/EngineMaterials/Substrate/Glints2/dict_0002_0220.uasset" 9396
"../../../Engine/Content/EngineMaterials/Substrate/Glints2/dict_0002_0211.uasset" 9397
"/Engine/EngineMaterials/Substrate/Glints2/dict_0002_0212" 9398
"/Engine/EngineMaterials/Substrate/Glints2/dict_0002_0213" 9399
"/Engine/EngineMaterials/Substrate/Glints2/dict_0002_0220" 9400
"/Engine/EngineMaterials/Substrate/Glints2/dict_0002_0214" 9401
"/Engine/EngineMaterials/Substrate/Glints2/dict_0002_0215" 9402
"/Engine/EngineMaterials/Substrate/Glints2/dict_0002_0211" 9403
"../../../Engine/Content/EngineMaterials/Substrate/Glints2/dict_0002_0206.uasset" 9404
"../../../Engine/Content/EngineMaterials/Substrate/Glints2/dict_0002_0204.uasset" 9405
"/Engine/EngineMaterials/Substrate/Glints2/dict_0002_0204" 9406
"/Engine/EngineMaterials/Substrate/Glints2/dict_0002_0206" 9407
"../../../Engine/Content/EngineMaterials/Substrate/Glints2/dict_0002_0210.uasset" 9408
"../../../Engine/Content/EngineMaterials/Substrate/Glints2/dict_0002_0224.uasset" 9409
"../../../Engine/Content/EngineMaterials/Substrate/Glints2/dict_0002_0205.uasset" 9410
"../../../Engine/Content/EngineMaterials/Substrate/Glints2/dict_0002_0207.uasset" 9411
"../../../Engine/Content/EngineMaterials/Substrate/Glints2/dict_0002_0203.uasset" 9412
"../../../Engine/Content/EngineMaterials/Substrate/Glints2/dict_0002_0209.uasset" 9413
"../../../Engine/Content/EngineMaterials/Substrate/Glints2/dict_0002_0201.uasset" 9414
"/Engine/EngineMaterials/Substrate/Glints2/dict_0002_0205" 9415
"../../../Engine/Content/EngineMaterials/Substrate/Glints2/dict_0002_0208.uasset" 9416
"/Engine/EngineMaterials/Substrate/Glints2/dict_0002_0224" 9417
"../../../Engine/Content/EngineMaterials/Substrate/Glints2/dict_0002_0200.uasset" 9418
"../../../Engine/Content/EngineMaterials/Substrate/Glints2/dict_0002_0199.uasset" 9419
"/Engine/EngineMaterials/Substrate/Glints2/dict_0002_0201" 9420
"../../../Engine/Content/EngineMaterials/Substrate/Glints2/dict_0002_0198.uasset" 9421
"/Engine/EngineMaterials/Substrate/Glints2/dict_0002_0207" 9422
"../../../Engine/Content/EngineMaterials/Substrate/Glints2/dict_0002_0195.uasset" 9423
"/Engine/EngineMaterials/Substrate/Glints2/dict_0002_0209" 9424
"/Engine/EngineMaterials/Substrate/Glints2/dict_0002_0210" 9425
"/Engine/EngineMaterials/Substrate/Glints2/dict_0002_0203" 9426
"../../../Engine/Content/EngineMaterials/Substrate/Glints2/dict_0002_0202.uasset" 9427
"/Engine/EngineMaterials/Substrate/Glints2/dict_0002_0195" 9428
"/Engine/EngineMaterials/Substrate/Glints2/dict_0002_0198" 9429
"../../../Engine/Content/EngineMaterials/Substrate/Glints2/dict_0002_0197.uasset" 9430
"../../../Engine/Content/EngineMaterials/Substrate/Glints2/dict_0002_0194.uasset" 9431
"/Engine/EngineMaterials/Substrate/Glints2/dict_0002_0202" 9432
"/Engine/EngineMaterials/Substrate/Glints2/dict_0002_0208" 9433
"../../../Engine/Content/EngineMaterials/Substrate/Glints2/dict_0002_0191.uasset" 9434
"/Engine/EngineMaterials/Substrate/Glints2/dict_0002_0199" 9435
"../../../Engine/Content/EngineMaterials/Substrate/Glints2/dict_0002_0192.uasset" 9436
"/Engine/EngineMaterials/Substrate/Glints2/dict_0002_0200" 9437
"/Engine/EngineMaterials/Substrate/Glints2/dict_0002_0194" 9438
"/Engine/EngineMaterials/Substrate/Glints2/dict_0002_0197" 9439
"/Engine/EngineMaterials/Substrate/Glints2/dict_0002_0191" 9440
"/Engine/EngineMaterials/Substrate/Glints2/dict_0002_0192" 9441
"../../../Engine/Content/EngineMaterials/Substrate/Glints2/dict_0002_0193.uasset" 9442
"../../../Engine/Content/EngineMaterials/Substrate/Glints2/dict_0002_0190.uasset" 9443
"/Engine/EngineMaterials/Substrate/Glints2/dict_0002_0190" 9444
"/Engine/EngineMaterials/Substrate/Glints2/dict_0002_0193" 9445
"../../../Engine/Content/EngineMaterials/Substrate/Glints2/dict_0002_0189.uasset" 9446
"../../../Engine/Content/EngineMaterials/Substrate/Glints2/dict_0002_0196.uasset" 9447
"/Engine/EngineMaterials/Substrate/Glints2/dict_0002_0189" 9448
"../../../Engine/Content/EngineMaterials/Substrate/Glints2/dict_0002_0182.uasset" 9449
"../../../Engine/Content/EngineMaterials/Substrate/Glints2/dict_0002_0186.uasset" 9450
"../../../Engine/Content/EngineMaterials/Substrate/Glints2/dict_0002_0185.uasset" 9451
"/Engine/EngineMaterials/Substrate/Glints2/dict_0002_0196" 9452
"/Engine/EngineMaterials/Substrate/Glints2/dict_0002_0182" 9453
"../../../Engine/Content/EngineMaterials/Substrate/Glints2/dict_0002_0183.uasset" 9454
"../../../Engine/Content/EngineMaterials/Substrate/Glints2/dict_0002_0187.uasset" 9455
"/Engine/EngineMaterials/Substrate/Glints2/dict_0002_0185" 9456
"/Engine/EngineMaterials/Substrate/Glints2/dict_0002_0186" 9457
"/Engine/EngineMaterials/Substrate/Glints2/dict_0002_0187" 9458
"/Engine/EngineMaterials/Substrate/Glints2/dict_0002_0183" 9459
"../../../Engine/Content/EngineMaterials/Substrate/Glints2/dict_0002_0184.uasset" 9460
"../../../Engine/Content/EngineMaterials/Substrate/Glints2/dict_0002_0181.uasset" 9461
"../../../Engine/Content/EngineMaterials/Substrate/Glints2/dict_0002_0221.uasset" 9462
"../../../Engine/Content/EngineMaterials/Substrate/Glints2/dict_0002_0178.uasset" 9463
"../../../Engine/Content/EngineMaterials/Substrate/Glints2/dict_0002_0180.uasset" 9464
"/Engine/EngineMaterials/Substrate/Glints2/dict_0002_0181" 9465
"../../../Engine/Content/EngineMaterials/Substrate/Glints2/dict_0002_0176.uasset" 9466
"/Engine/EngineMaterials/Substrate/Glints2/dict_0002_0180" 9467
"../../../Engine/Content/EngineMaterials/Substrate/Glints2/dict_0002_0179.uasset" 9468
"/Engine/EngineMaterials/Substrate/Glints2/dict_0002_0184" 9469
"/Engine/EngineMaterials/Substrate/Glints2/dict_0002_0178" 9470
"/Engine/EngineMaterials/Substrate/Glints2/dict_0002_0221" 9471
"../../../Engine/Content/EngineMaterials/Substrate/Glints2/dict_0002_0177.uasset" 9472
"/Engine/EngineMaterials/Substrate/Glints2/dict_0002_0179" 9473
"../../../Engine/Content/EngineMaterials/Substrate/Glints2/dict_0002_0170.uasset" 9474
"/Engine/EngineMaterials/Substrate/Glints2/dict_0002_0176" 9475
"/Engine/EngineMaterials/Substrate/Glints2/dict_0002_0177" 9476
"../../../Engine/Content/EngineMaterials/Substrate/Glints2/dict_0002_0174.uasset" 9477
"/Engine/EngineMaterials/Substrate/Glints2/dict_0002_0170" 9478
"../../../Engine/Content/EngineMaterials/Substrate/Glints2/dict_0002_0173.uasset" 9479
"../../../Engine/Content/EngineMaterials/Substrate/Glints2/dict_0002_0175.uasset" 9480
"../../../Engine/Content/EngineMaterials/Substrate/Glints2/dict_0002_0169.uasset" 9481
"../../../Engine/Content/EngineMaterials/Substrate/Glints2/dict_0002_0172.uasset" 9482
"/Engine/EngineMaterials/Substrate/Glints2/dict_0002_0173" 9483
"/Engine/EngineMaterials/Substrate/Glints2/dict_0002_0174" 9484
"/Engine/EngineMaterials/Substrate/Glints2/dict_0002_0175" 9485
"../../../Engine/Content/EngineMaterials/Substrate/Glints2/dict_0002_0171.uasset" 9486
"/Engine/EngineMaterials/Substrate/Glints2/dict_0002_0169" 9487
"/Engine/EngineMaterials/Substrate/Glints2/dict_0002_0172" 9488
"/Engine/EngineMaterials/Substrate/Glints2/dict_0002_0171" 9489
"../../../Engine/Content/EngineMaterials/Substrate/Glints2/dict_0002_0167.uasset" 9490
"../../../Engine/Content/EngineMaterials/Substrate/Glints2/dict_0002_0188.uasset" 9491
"../../../Engine/Content/EngineMaterials/Substrate/Glints2/dict_0002_0165.uasset" 9492
"../../../Engine/Content/EngineMaterials/Substrate/Glints2/dict_0002_0168.uasset" 9493
"../../../Engine/Content/EngineMaterials/Substrate/Glints2/dict_0002_0166.uasset" 9494
"../../../Engine/Content/EngineMaterials/Substrate/Glints2/dict_0002_0164.uasset" 9495
"/Engine/EngineMaterials/Substrate/Glints2/dict_0002_0166" 9496
"/Engine/EngineMaterials/Substrate/Glints2/dict_0002_0167" 9497
"/Engine/EngineMaterials/Substrate/Glints2/dict_0002_0164" 9498
"/Engine/EngineMaterials/Substrate/Glints2/dict_0002_0168" 9499
"../../../Engine/Content/EngineMaterials/Substrate/Glints2/dict_0002_0163.uasset" 9500
"/Engine/EngineMaterials/Substrate/Glints2/dict_0002_0165" 9501
"../../../Engine/Content/EngineMaterials/Substrate/Glints2/dict_0002_0156.uasset" 9502
"../../../Engine/Content/EngineMaterials/Substrate/Glints2/dict_0002_0159.uasset" 9503
"/Engine/EngineMaterials/Substrate/Glints2/dict_0002_0188" 9504
"../../../Engine/Content/EngineMaterials/Substrate/Glints2/dict_0002_0160.uasset" 9505
"../../../Engine/Content/EngineMaterials/Substrate/Glints2/dict_0002_0155.uasset" 9506
"../../../Engine/Content/EngineMaterials/Substrate/Glints2/dict_0002_0162.uasset" 9507
"/Engine/EngineMaterials/Substrate/Glints2/dict_0002_0159" 9508
"/Engine/EngineMaterials/Substrate/Glints2/dict_0002_0163" 9509
"/Engine/EngineMaterials/Substrate/Glints2/dict_0002_0156" 9510
"/Engine/EngineMaterials/Substrate/Glints2/dict_0002_0162" 9511
"/Engine/EngineMaterials/Substrate/Glints2/dict_0002_0155" 9512
"/Engine/EngineMaterials/Substrate/Glints2/dict_0002_0160" 9513
"../../../Engine/Content/EngineMaterials/Substrate/Glints2/dict_0002_0161.uasset" 9514
"../../../Engine/Content/EngineMaterials/Substrate/Glints2/dict_0002_0158.uasset" 9515
"../../../Engine/Content/EngineMaterials/Substrate/Glints2/dict_0002_0151.uasset" 9516
"../../../Engine/Content/EngineMaterials/Substrate/Glints2/dict_0002_0154.uasset" 9517
"../../../Engine/Content/EngineMaterials/Substrate/Glints2/dict_0002_0153.uasset" 9518
"../../../Engine/Content/EngineMaterials/Substrate/Glints2/dict_0002_0149.uasset" 9519
"../../../Engine/Content/EngineMaterials/Substrate/Glints2/dict_0002_0152.uasset" 9520
"/Engine/EngineMaterials/Substrate/Glints2/dict_0002_0158" 9521
"/Engine/EngineMaterials/Substrate/Glints2/dict_0002_0153" 9522
"/Engine/EngineMaterials/Substrate/Glints2/dict_0002_0154" 9523
"/Engine/EngineMaterials/Substrate/Glints2/dict_0002_0151" 9524
"../../../Engine/Content/EngineMaterials/Substrate/Glints2/dict_0002_0148.uasset" 9525
"../../../Engine/Content/EngineMaterials/Substrate/Glints2/dict_0002_0145.uasset" 9526
"/Engine/EngineMaterials/Substrate/Glints2/dict_0002_0161" 9527
"/Engine/EngineMaterials/Substrate/Glints2/dict_0002_0148" 9528
"/Engine/EngineMaterials/Substrate/Glints2/dict_0002_0149" 9529
"/Engine/EngineMaterials/Substrate/Glints2/dict_0002_0145" 9530
"../../../Engine/Content/EngineMaterials/Substrate/Glints2/dict_0002_0143.uasset" 9531
"/Engine/EngineMaterials/Substrate/Glints2/dict_0002_0152" 9532
"/Engine/EngineMaterials/Substrate/Glints2/dict_0002_0143" 9533
"../../../Engine/Content/EngineMaterials/Substrate/Glints2/dict_0002_0146.uasset" 9534
"../../../Engine/Content/EngineMaterials/Substrate/Glints2/dict_0002_0140.uasset" 9535
"../../../Engine/Content/EngineMaterials/Substrate/Glints2/dict_0002_0141.uasset" 9536
"/Engine/EngineMaterials/Substrate/Glints2/dict_0002_0140" 9537
"/Engine/EngineMaterials/Substrate/Glints2/dict_0002_0141" 9538
"/Engine/EngineMaterials/Substrate/Glints2/dict_0002_0146" 9539
"../../../Engine/Content/EngineMaterials/Substrate/Glints2/dict_0002_0142.uasset" 9540
"/Engine/EngineMaterials/Substrate/Glints2/dict_0002_0142" 9541
"../../../Engine/Content/EngineMaterials/Substrate/Glints2/dict_0002_0139.uasset" 9542
"../../../Engine/Content/EngineMaterials/Substrate/Glints2/dict_0002_0137.uasset" 9543
"../../../Engine/Content/EngineMaterials/Substrate/Glints2/dict_0002_0136.uasset" 9544
"../../../Engine/Content/EngineMaterials/Substrate/Glints2/dict_0002_0150.uasset" 9545
"../../../Engine/Content/EngineMaterials/Substrate/Glints2/dict_0002_0135.uasset" 9546
"/Engine/EngineMaterials/Substrate/Glints2/dict_0002_0136" 9547
"/Engine/EngineMaterials/Substrate/Glints2/dict_0002_0137" 9548
"../../../Engine/Content/EngineMaterials/Substrate/Glints2/dict_0002_0138.uasset" 9549
"/Engine/EngineMaterials/Substrate/Glints2/dict_0002_0139" 9550
"../../../Engine/Content/EngineMaterials/Substrate/Glints2/dict_0002_0144.uasset" 9551
"/Engine/EngineMaterials/Substrate/Glints2/dict_0002_0138" 9552
"/Engine/EngineMaterials/Substrate/Glints2/dict_0002_0135" 9553
"/Engine/EngineMaterials/Substrate/Glints2/dict_0002_0150" 9554
"../../../Engine/Content/EngineMaterials/Substrate/Glints2/dict_0002_0132.uasset" 9555
"../../../Engine/Content/EngineMaterials/Substrate/Glints2/dict_0002_0133.uasset" 9556
"../../../Engine/Content/EngineMaterials/Substrate/Glints2/dict_0002_0131.uasset" 9557
"../../../Engine/Content/EngineMaterials/Substrate/Glints2/dict_0002_0129.uasset" 9558
"../../../Engine/Content/EngineMaterials/Substrate/Glints2/dict_0002_0128.uasset" 9559
"../../../Engine/Content/EngineMaterials/Substrate/Glints2/dict_0002_0157.uasset" 9560
"../../../Engine/Content/EngineMaterials/Substrate/Glints2/dict_0002_0134.uasset" 9561
"/Engine/EngineMaterials/Substrate/Glints2/dict_0002_0132" 9562
"/Engine/EngineMaterials/Substrate/Glints2/dict_0002_0129" 9563
"/Engine/EngineMaterials/Substrate/Glints2/dict_0002_0128" 9564
"/Engine/EngineMaterials/Substrate/Glints2/dict_0002_0133" 9565
"../../../Engine/Content/EngineMaterials/Substrate/Glints2/dict_0002_0130.uasset" 9566
"../../../Engine/Content/EngineMaterials/Substrate/Glints2/dict_0002_0125.uasset" 9567
"/Engine/EngineMaterials/Substrate/Glints2/dict_0002_0134" 9568
"/Engine/EngineMaterials/Substrate/Glints2/dict_0002_0144" 9569
"../../../Engine/Content/EngineMaterials/Substrate/Glints2/dict_0002_0127.uasset" 9570
"/Engine/EngineMaterials/Substrate/Glints2/dict_0002_0131" 9571
"/Engine/EngineMaterials/Substrate/Glints2/dict_0002_0157" 9572
"/Engine/EngineMaterials/Substrate/Glints2/dict_0002_0127" 9573
"/Engine/EngineMaterials/Substrate/Glints2/dict_0002_0130" 9574
"/Engine/EngineMaterials/Substrate/Glints2/dict_0002_0125" 9575
"../../../Engine/Content/EngineMaterials/Substrate/Glints2/dict_0002_0126.uasset" 9576
"/Engine/EngineMaterials/Substrate/Glints2/dict_0002_0126" 9577
"../../../Engine/Content/EngineMaterials/Substrate/Glints2/dict_0002_0124.uasset" 9578
"../../../Engine/Content/EngineMaterials/Substrate/Glints2/dict_0002_0123.uasset" 9579
"../../../Engine/Content/EngineMaterials/Substrate/Glints2/dict_0002_0147.uasset" 9580
"../../../Engine/Content/EngineMaterials/Substrate/Glints2/dict_0002_0120.uasset" 9581
"../../../Engine/Content/EngineMaterials/Substrate/Glints2/dict_0002_0122.uasset" 9582
"../../../Engine/Content/EngineMaterials/Substrate/Glints2/dict_0002_0119.uasset" 9583
"../../../Engine/Content/EngineMaterials/Substrate/Glints2/dict_0002_0116.uasset" 9584
"../../../Engine/Content/EngineMaterials/Substrate/Glints2/dict_0002_0117.uasset" 9585
"/Engine/EngineMaterials/Substrate/Glints2/dict_0002_0116" 9586
"/Engine/EngineMaterials/Substrate/Glints2/dict_0002_0122" 9587
"../../../Engine/Content/EngineMaterials/Substrate/Glints2/dict_0002_0115.uasset" 9588
"../../../Engine/Content/EngineMaterials/Substrate/Glints2/dict_0002_0118.uasset" 9589
"/Engine/EngineMaterials/Substrate/Glints2/dict_0002_0147" 9590
"../../../Engine/Content/EngineMaterials/Substrate/Glints2/dict_0002_0114.uasset" 9591
"/Engine/EngineMaterials/Substrate/Glints2/dict_0002_0119" 9592
"../../../Engine/Content/EngineMaterials/Substrate/Glints2/dict_0002_0111.uasset" 9593
"../../../Engine/Content/EngineMaterials/Substrate/Glints2/dict_0002_0112.uasset" 9594
"/Engine/EngineMaterials/Substrate/Glints2/dict_0002_0123" 9595
"/Engine/EngineMaterials/Substrate/Glints2/dict_0002_0124" 9596
"../../../Engine/Content/EngineMaterials/Substrate/Glints2/dict_0002_0110.uasset" 9597
"/Engine/EngineMaterials/Substrate/Glints2/dict_0002_0120" 9598
"/Engine/EngineMaterials/Substrate/Glints2/dict_0002_0114" 9599
"/Engine/EngineMaterials/Substrate/Glints2/dict_0002_0117" 9600
"/Engine/EngineMaterials/Substrate/Glints2/dict_0002_0115" 9601
"/Engine/EngineMaterials/Substrate/Glints2/dict_0002_0118" 9602
"/Engine/EngineMaterials/Substrate/Glints2/dict_0002_0112" 9603
"/Engine/EngineMaterials/Substrate/Glints2/dict_0002_0110" 9604
"../../../Engine/Content/EngineMaterials/Substrate/Glints2/dict_0002_0108.uasset" 9605
"../../../Engine/Content/EngineMaterials/Substrate/Glints2/dict_0002_0109.uasset" 9606
"../../../Engine/Content/EngineMaterials/Substrate/Glints2/dict_0002_0107.uasset" 9607
"/Engine/EngineMaterials/Substrate/Glints2/dict_0002_0111" 9608
"/Engine/EngineMaterials/Substrate/Glints2/dict_0002_0107" 9609
"/Engine/EngineMaterials/Substrate/Glints2/dict_0002_0109" 9610
"/Engine/EngineMaterials/Substrate/Glints2/dict_0002_0108" 9611
"../../../Engine/Content/EngineMaterials/Substrate/Glints2/dict_0002_0105.uasset" 9612
"../../../Engine/Content/EngineMaterials/Substrate/Glints2/dict_0002_0106.uasset" 9613
"../../../Engine/Content/EngineMaterials/Substrate/Glints2/dict_0002_0102.uasset" 9614
"../../../Engine/Content/EngineMaterials/Substrate/Glints2/dict_0002_0103.uasset" 9615
"../../../Engine/Content/EngineMaterials/Substrate/Glints2/dict_0002_0104.uasset" 9616
"/Engine/EngineMaterials/Substrate/Glints2/dict_0002_0106" 9617
"../../../Engine/Content/EngineMaterials/Substrate/Glints2/dict_0002_0101.uasset" 9618
"../../../Engine/Content/EngineMaterials/Substrate/Glints2/dict_0002_0100.uasset" 9619
"/Engine/EngineMaterials/Substrate/Glints2/dict_0002_0102" 9620
"../../../Engine/Content/EngineMaterials/Substrate/Glints2/dict_0002_0098.uasset" 9621
"../../../Engine/Content/EngineMaterials/Substrate/Glints2/dict_0002_0099.uasset" 9622
"/Engine/EngineMaterials/Substrate/Glints2/dict_0002_0103" 9623
"/Engine/EngineMaterials/Substrate/Glints2/dict_0002_0104" 9624
"../../../Engine/Content/EngineMaterials/Substrate/Glints2/dict_0002_0097.uasset" 9625
"../../../Engine/Content/EngineMaterials/Substrate/Glints2/dict_0002_0113.uasset" 9626
"/Engine/EngineMaterials/Substrate/Glints2/dict_0002_0105" 9627
"/Engine/EngineMaterials/Substrate/Glints2/dict_0002_0113" 9628
"/Engine/EngineMaterials/Substrate/Glints2/dict_0002_0098" 9629
"../../../Engine/Content/EngineMaterials/Substrate/Glints2/dict_0002_0095.uasset" 9630
"../../../Engine/Content/EngineMaterials/Substrate/Glints2/dict_0002_0092.uasset" 9631
"/Engine/EngineMaterials/Substrate/Glints2/dict_0002_0099" 9632
"/Engine/EngineMaterials/Substrate/Glints2/dict_0002_0100" 9633
"../../../Engine/Content/EngineMaterials/Substrate/Glints2/dict_0002_0096.uasset" 9634
"/Engine/EngineMaterials/Substrate/Glints2/dict_0002_0101" 9635
"/Engine/EngineMaterials/Substrate/Glints2/dict_0002_0097" 9636
"../../../Engine/Content/EngineMaterials/Substrate/Glints2/dict_0002_0094.uasset" 9637
"../../../Engine/Content/EngineMaterials/Substrate/Glints2/dict_0002_0091.uasset" 9638
"/Engine/EngineMaterials/Substrate/Glints2/dict_0002_0094" 9639
"/Engine/EngineMaterials/Substrate/Glints2/dict_0002_0095" 9640
"/Engine/EngineMaterials/Substrate/Glints2/dict_0002_0096" 9641
"/Engine/EngineMaterials/Substrate/Glints2/dict_0002_0091" 9642
"/Engine/EngineMaterials/Substrate/Glints2/dict_0002_0092" 9643
"../../../Engine/Content/EngineMaterials/Substrate/Glints2/dict_0002_0093.uasset" 9644
"/Engine/EngineMaterials/Substrate/Glints2/dict_0002_0093" 9645
"../../../Engine/Content/EngineMaterials/Substrate/Glints2/dict_0002_0090.uasset" 9646
"../../../Engine/Content/EngineMaterials/Substrate/Glints2/dict_0002_0086.uasset" 9647
"../../../Engine/Content/EngineMaterials/Substrate/Glints2/dict_0002_0087.uasset" 9648
"../../../Engine/Content/EngineMaterials/Substrate/Glints2/dict_0002_0084.uasset" 9649
"../../../Engine/Content/EngineMaterials/Substrate/Glints2/dict_0002_0085.uasset" 9650
"/Engine/EngineMaterials/Substrate/Glints2/dict_0002_0084" 9651
"../../../Engine/Content/EngineMaterials/Substrate/Glints2/dict_0002_0089.uasset" 9652
"../../../Engine/Content/EngineMaterials/Substrate/Glints2/dict_0002_0083.uasset" 9653
"/Engine/EngineMaterials/Substrate/Glints2/dict_0002_0087" 9654
"/Engine/EngineMaterials/Substrate/Glints2/dict_0002_0090" 9655
"/Engine/EngineMaterials/Substrate/Glints2/dict_0002_0085" 9656
"/Engine/EngineMaterials/Substrate/Glints2/dict_0002_0086" 9657
"../../../Engine/Content/EngineMaterials/Substrate/Glints2/dict_0002_0081.uasset" 9658
"/Engine/EngineMaterials/Substrate/Glints2/dict_0002_0081" 9659
"../../../Engine/Content/EngineMaterials/Substrate/Glints2/dict_0002_0079.uasset" 9660
"/Engine/EngineMaterials/Substrate/Glints2/dict_0002_0083" 9661
"/Engine/EngineMaterials/Substrate/Glints2/dict_0002_0089" 9662
"/Engine/EngineMaterials/Substrate/Glints2/dict_0002_0079" 9663
"../../../Engine/Content/EngineMaterials/Substrate/Glints2/dict_0002_0077.uasset" 9664
"../../../Engine/Content/EngineMaterials/Substrate/Glints2/dict_0002_0078.uasset" 9665
"../../../Engine/Content/EngineMaterials/Substrate/Glints2/dict_0002_0121.uasset" 9666
"../../../Engine/Content/EngineMaterials/Substrate/Glints2/dict_0002_0080.uasset" 9667
"../../../Engine/Content/EngineMaterials/Substrate/Glints2/dict_0002_0088.uasset" 9668
"../../../Engine/Content/EngineMaterials/Substrate/Glints2/dict_0002_0074.uasset" 9669
"../../../Engine/Content/EngineMaterials/Substrate/Glints2/dict_0002_0073.uasset" 9670
"/Engine/EngineMaterials/Substrate/Glints2/dict_0002_0121" 9671
"../../../Engine/Content/EngineMaterials/Substrate/Glints2/dict_0002_0075.uasset" 9672
"/Engine/EngineMaterials/Substrate/Glints2/dict_0002_0080" 9673
"../../../Engine/Content/EngineMaterials/Substrate/Glints2/dict_0002_0071.uasset" 9674
"../../../Engine/Content/EngineMaterials/Substrate/Glints2/dict_0002_0068.uasset" 9675
"/Engine/EngineMaterials/Substrate/Glints2/dict_0002_0073" 9676
"../../../Engine/Content/EngineMaterials/Substrate/Glints2/dict_0002_0069.uasset" 9677
"/Engine/EngineMaterials/Substrate/Glints2/dict_0002_0077" 9678
"/Engine/EngineMaterials/Substrate/Glints2/dict_0002_0088" 9679
"/Engine/EngineMaterials/Substrate/Glints2/dict_0002_0074" 9680
"../../../Engine/Content/EngineMaterials/Substrate/Glints2/dict_0002_0067.uasset" 9681
"/Engine/EngineMaterials/Substrate/Glints2/dict_0002_0078" 9682
"../../../Engine/Content/EngineMaterials/Substrate/Glints2/dict_0002_0072.uasset" 9683
"../../../Engine/Content/EngineMaterials/Substrate/Glints2/dict_0002_0082.uasset" 9684
"/Engine/EngineMaterials/Substrate/Glints2/dict_0002_0072" 9685
"/Engine/EngineMaterials/Substrate/Glints2/dict_0002_0067" 9686
"/Engine/EngineMaterials/Substrate/Glints2/dict_0002_0068" 9687
"../../../Engine/Content/EngineMaterials/Substrate/Glints2/dict_0002_0064.uasset" 9688
"../../../Engine/Content/EngineMaterials/Substrate/Glints2/dict_0002_0066.uasset" 9689
"../../../Engine/Content/EngineMaterials/Substrate/Glints2/dict_0002_0065.uasset" 9690
"/Engine/EngineMaterials/Substrate/Glints2/dict_0002_0069" 9691
"/Engine/EngineMaterials/Substrate/Glints2/dict_0002_0082" 9692
"/Engine/EngineMaterials/Substrate/Glints2/dict_0002_0075" 9693
"../../../Engine/Content/EngineMaterials/Substrate/Glints2/dict_0002_0062.uasset" 9694
"/Engine/EngineMaterials/Substrate/Glints2/dict_0002_0071" 9695
"/Engine/EngineMaterials/Substrate/Glints2/dict_0002_0066" 9696
"/Engine/EngineMaterials/Substrate/Glints2/dict_0002_0062" 9697
"../../../Engine/Content/EngineMaterials/Substrate/Glints2/dict_0002_0063.uasset" 9698
"../../../Engine/Content/EngineMaterials/Substrate/Glints2/dict_0002_0060.uasset" 9699
"/Engine/EngineMaterials/Substrate/Glints2/dict_0002_0064" 9700
"../../../Engine/Content/EngineMaterials/Substrate/Glints2/dict_0002_0059.uasset" 9701
"../../../Engine/Content/EngineMaterials/Substrate/Glints2/dict_0002_0070.uasset" 9702
"/Engine/EngineMaterials/Substrate/Glints2/dict_0002_0065" 9703
"../../../Engine/Content/EngineMaterials/Substrate/Glints2/dict_0002_0057.uasset" 9704
"/Engine/EngineMaterials/Substrate/Glints2/dict_0002_0063" 9705
"/Engine/EngineMaterials/Substrate/Glints2/dict_0002_0070" 9706
"../../../Engine/Content/EngineMaterials/Substrate/Glints2/dict_0002_0056.uasset" 9707
"/Engine/EngineMaterials/Substrate/Glints2/dict_0002_0057" 9708
"/Engine/EngineMaterials/Substrate/Glints2/dict_0002_0060" 9709
"/Engine/EngineMaterials/Substrate/Glints2/dict_0002_0059" 9710
"/Engine/EngineMaterials/Substrate/Glints2/dict_0002_0056" 9711
"../../../Engine/Content/EngineMaterials/Substrate/Glints2/dict_0002_0058.uasset" 9712
"../../../Engine/Content/EngineMaterials/Substrate/Glints2/dict_0002_0061.uasset" 9713
"../../../Engine/Content/EngineMaterials/Substrate/Glints2/dict_0002_0053.uasset" 9714
"../../../Engine/Content/EngineMaterials/Substrate/Glints2/dict_0002_0055.uasset" 9715
"../../../Engine/Content/EngineMaterials/Substrate/Glints2/dict_0002_0054.uasset" 9716
"../../../Engine/Content/EngineMaterials/Substrate/Glints2/dict_0002_0050.uasset" 9717
"/Engine/EngineMaterials/Substrate/Glints2/dict_0002_0061" 9718
"/Engine/EngineMaterials/Substrate/Glints2/dict_0002_0053" 9719
"/Engine/EngineMaterials/Substrate/Glints2/dict_0002_0055" 9720
"../../../Engine/Content/EngineMaterials/Substrate/Glints2/dict_0002_0049.uasset" 9721
"../../../Engine/Content/EngineMaterials/Substrate/Glints2/dict_0002_0076.uasset" 9722
"../../../Engine/Content/EngineMaterials/Substrate/Glints2/dict_0002_0048.uasset" 9723
"../../../Engine/Content/EngineMaterials/Substrate/Glints2/dict_0002_0051.uasset" 9724
"/Engine/EngineMaterials/Substrate/Glints2/dict_0002_0054" 9725
"../../../Engine/Content/EngineMaterials/Substrate/Glints2/dict_0002_0046.uasset" 9726
"/Engine/EngineMaterials/Substrate/Glints2/dict_0002_0050" 9727
"/Engine/EngineMaterials/Substrate/Glints2/dict_0002_0058" 9728
"/Engine/EngineMaterials/Substrate/Glints2/dict_0002_0046" 9729
"/Engine/EngineMaterials/Substrate/Glints2/dict_0002_0048" 9730
"/Engine/EngineMaterials/Substrate/Glints2/dict_0002_0049" 9731
"../../../Engine/Content/EngineMaterials/Substrate/Glints2/dict_0002_0043.uasset" 9732
"/Engine/EngineMaterials/Substrate/Glints2/dict_0002_0051" 9733
"../../../Engine/Content/EngineMaterials/Substrate/Glints2/dict_0002_0044.uasset" 9734
"/Engine/EngineMaterials/Substrate/Glints2/dict_0002_0076" 9735
"/Engine/EngineMaterials/Substrate/Glints2/dict_0002_0044" 9736
"/Engine/EngineMaterials/Substrate/Glints2/dict_0002_0043" 9737
"../../../Engine/Content/EngineMaterials/Substrate/Glints2/dict_0002_0047.uasset" 9738
"../../../Engine/Content/EngineMaterials/Substrate/Glints2/dict_0002_0039.uasset" 9739
"../../../Engine/Content/EngineMaterials/Substrate/Glints2/dict_0002_0042.uasset" 9740
"../../../Engine/Content/EngineMaterials/Substrate/Glints2/dict_0002_0040.uasset" 9741
"../../../Engine/Content/EngineMaterials/Substrate/Glints2/dict_0002_0041.uasset" 9742
"../../../Engine/Content/EngineMaterials/Substrate/Glints2/dict_0002_0038.uasset" 9743
"/Engine/EngineMaterials/Substrate/Glints2/dict_0002_0039" 9744
"/Engine/EngineMaterials/Substrate/Glints2/dict_0002_0040" 9745
"/Engine/EngineMaterials/Substrate/Glints2/dict_0002_0041" 9746
"../../../Engine/Content/EngineMaterials/Substrate/Glints2/dict_0002_0036.uasset" 9747
"../../../Engine/Content/EngineMaterials/Substrate/Glints2/dict_0002_0037.uasset" 9748
"../../../Engine/Content/EngineMaterials/Substrate/Glints2/dict_0002_0034.uasset" 9749
"/Engine/EngineMaterials/Substrate/Glints2/dict_0002_0047" 9750
"/Engine/EngineMaterials/Substrate/Glints2/dict_0002_0042" 9751
"../../../Engine/Content/EngineMaterials/Substrate/Glints2/dict_0002_0052.uasset" 9752
"/Engine/EngineMaterials/Substrate/Glints2/dict_0002_0037" 9753
"/Engine/EngineMaterials/Substrate/Glints2/dict_0002_0038" 9754
"/Engine/EngineMaterials/Substrate/Glints2/dict_0002_0034" 9755
"../../../Engine/Content/EngineMaterials/Substrate/Glints2/dict_0002_0035.uasset" 9756
"/Engine/EngineMaterials/Substrate/Glints2/dict_0002_0036" 9757
"/Engine/EngineMaterials/Substrate/Glints2/dict_0002_0052" 9758
"/Engine/EngineMaterials/Substrate/Glints2/dict_0002_0035" 9759
"../../../Engine/Content/EngineMaterials/Substrate/Glints2/dict_0002_0033.uasset" 9760
"../../../Engine/Content/EngineMaterials/Substrate/Glints2/dict_0002_0027.uasset" 9761
"../../../Engine/Content/EngineMaterials/Substrate/Glints2/dict_0002_0028.uasset" 9762
"../../../Engine/Content/EngineMaterials/Substrate/Glints2/dict_0002_0026.uasset" 9763
"../../../Engine/Content/EngineMaterials/Substrate/Glints2/dict_0002_0030.uasset" 9764
"/Engine/EngineMaterials/Substrate/Glints2/dict_0002_0033" 9765
"/Engine/EngineMaterials/Substrate/Glints2/dict_0002_0028" 9766
"../../../Engine/Content/EngineMaterials/Substrate/Glints2/dict_0002_0025.uasset" 9767
"/Engine/EngineMaterials/Substrate/Glints2/dict_0002_0027" 9768
"../../../Engine/Content/EngineMaterials/Substrate/Glints2/dict_0002_0032.uasset" 9769
"../../../Engine/Content/EngineMaterials/Substrate/Glints2/dict_0002_0029.uasset" 9770
"/Engine/EngineMaterials/Substrate/Glints2/dict_0002_0030" 9771
"../../../Engine/Content/EngineMaterials/Substrate/Glints2/dict_0002_0031.uasset" 9772
"/Engine/EngineMaterials/Substrate/Glints2/dict_0002_0026" 9773
"../../../Engine/Content/EngineMaterials/Substrate/Glints2/dict_0002_0045.uasset" 9774
"/Engine/EngineMaterials/Substrate/Glints2/dict_0002_0045" 9775
"/Engine/EngineMaterials/Substrate/Glints2/dict_0002_0029" 9776
"/Engine/EngineMaterials/Substrate/Glints2/dict_0002_0025" 9777
"../../../Engine/Content/EngineMaterials/Substrate/Glints2/dict_0002_0024.uasset" 9778
"/Engine/EngineMaterials/Substrate/Glints2/dict_0002_0031" 9779
"/Engine/EngineMaterials/Substrate/Glints2/dict_0002_0032" 9780
"/Engine/EngineMaterials/Substrate/Glints2/dict_0002_0024" 9781
"../../../Engine/Content/EngineMaterials/Substrate/Glints2/dict_0002_0022.uasset" 9782
"../../../Engine/Content/EngineMaterials/Substrate/Glints2/dict_0002_0019.uasset" 9783
"../../../Engine/Content/EngineMaterials/Substrate/Glints2/dict_0002_0023.uasset" 9784
"../../../Engine/Content/EngineMaterials/Substrate/Glints2/dict_0002_0021.uasset" 9785
"../../../Engine/Content/EngineMaterials/Substrate/Glints2/dict_0002_0020.uasset" 9786
"../../../Engine/Content/EngineMaterials/Substrate/Glints2/dict_0002_0017.uasset" 9787
"/Engine/EngineMaterials/Substrate/Glints2/dict_0002_0021" 9788
"../../../Engine/Content/EngineMaterials/Substrate/Glints2/dict_0002_0014.uasset" 9789
"/Engine/EngineMaterials/Substrate/Glints2/dict_0002_0022" 9790
"../../../Engine/Content/EngineMaterials/Substrate/Glints2/dict_0002_0016.uasset" 9791
"../../../Engine/Content/EngineMaterials/Substrate/Glints2/dict_0002_0013.uasset" 9792
"../../../Engine/Content/EngineMaterials/Substrate/Glints2/dict_0002_0012.uasset" 9793
"/Engine/EngineMaterials/Substrate/Glints2/dict_0002_0023" 9794
"/Engine/EngineMaterials/Substrate/Glints2/dict_0002_0017" 9795
"/Engine/EngineMaterials/Substrate/Glints2/dict_0002_0019" 9796
"/Engine/EngineMaterials/Substrate/Glints2/dict_0002_0020" 9797
"../../../Engine/Content/EngineMaterials/Substrate/Glints2/dict_0002_0009.uasset" 9798
"../../../Engine/Content/EngineMaterials/Substrate/Glints2/dict_0002_0015.uasset" 9799
"/Engine/EngineMaterials/Substrate/Glints2/dict_0002_0014" 9800
"../../../Engine/Content/EngineMaterials/Substrate/Glints2/dict_0002_0010.uasset" 9801
"/Engine/EngineMaterials/Substrate/Glints2/dict_0002_0009" 9802
"/Engine/EngineMaterials/Substrate/Glints2/dict_0002_0016" 9803
"/Engine/EngineMaterials/Substrate/Glints2/dict_0002_0012" 9804
"../../../Engine/Content/EngineMaterials/Substrate/Glints2/dict_0002_0007.uasset" 9805
"/Engine/EngineMaterials/Substrate/Glints2/dict_0002_0013" 9806
"/Engine/EngineMaterials/Substrate/Glints2/dict_0002_0007" 9807
"../../../Engine/Content/EngineMaterials/Substrate/Glints2/dict_0002_0008.uasset" 9808
"/Engine/EngineMaterials/Substrate/Glints2/dict_0002_0010" 9809
"/Engine/EngineMaterials/Substrate/Glints2/dict_0002_0015" 9810
"/Engine/EngineMaterials/Substrate/Glints2/dict_0002_0008" 9811
"../../../Engine/Content/EngineMaterials/Substrate/Glints2/dict_0002_0006.uasset" 9812
"../../../Engine/Content/EngineMaterials/Substrate/Glints2/dict_0002_0005.uasset" 9813
"/Engine/EngineMaterials/Substrate/Glints2/dict_0002_0005" 9814
"/Engine/EngineMaterials/Substrate/Glints2/dict_0002_0006" 9815
"../../../Engine/Content/EngineMaterials/Substrate/Glints2/dict_0002_0004.uasset" 9816
"../../../Engine/Content/EngineMaterials/Substrate/Glints2/dict_0002_0003.uasset" 9817
"../../../Engine/Content/EngineMaterials/Substrate/Glints2/dict_0001_0255.uasset" 9818
"../../../Engine/Content/EngineMaterials/Substrate/Glints2/dict_0002_0001.uasset" 9819
"../../../Engine/Content/EngineMaterials/Substrate/Glints2/dict_0002_0002.uasset" 9820
"/Engine/EngineMaterials/Substrate/Glints2/dict_0002_0003" 9821
"/Engine/EngineMaterials/Substrate/Glints2/dict_0001_0255" 9822
"../../../Engine/Content/EngineMaterials/Substrate/Glints2/dict_0001_0253.uasset" 9823
"../../../Engine/Content/EngineMaterials/Substrate/Glints2/dict_0002_0000.uasset" 9824
"/Engine/EngineMaterials/Substrate/Glints2/dict_0002_0001" 9825
"/Engine/EngineMaterials/Substrate/Glints2/dict_0002_0004" 9826
"/Engine/EngineMaterials/Substrate/Glints2/dict_0002_0002" 9827
"../../../Engine/Content/EngineMaterials/Substrate/Glints2/dict_0002_0011.uasset" 9828
"/Engine/EngineMaterials/Substrate/Glints2/dict_0002_0011" 9829
"../../../Engine/Content/EngineMaterials/Substrate/Glints2/dict_0001_0252.uasset" 9830
"../../../Engine/Content/EngineMaterials/Substrate/Glints2/dict_0001_0254.uasset" 9831
"/Engine/EngineMaterials/Substrate/Glints2/dict_0002_0000" 9832
"/Engine/EngineMaterials/Substrate/Glints2/dict_0001_0253" 9833
"../../../Engine/Content/EngineMaterials/Substrate/Glints2/dict_0001_0251.uasset" 9834
"/Engine/EngineMaterials/Substrate/Glints2/dict_0001_0254" 9835
"/Engine/EngineMaterials/Substrate/Glints2/dict_0001_0251" 9836
"/Engine/EngineMaterials/Substrate/Glints2/dict_0001_0252" 9837
"../../../Engine/Content/EngineMaterials/Substrate/Glints2/dict_0001_0248.uasset" 9838
"../../../Engine/Content/EngineMaterials/Substrate/Glints2/dict_0001_0250.uasset" 9839
"../../../Engine/Content/EngineMaterials/Substrate/Glints2/dict_0001_0249.uasset" 9840
"../../../Engine/Content/EngineMaterials/Substrate/Glints2/dict_0001_0245.uasset" 9841
"../../../Engine/Content/EngineMaterials/Substrate/Glints2/dict_0001_0247.uasset" 9842
"../../../Engine/Content/EngineMaterials/Substrate/Glints2/dict_0001_0246.uasset" 9843
"../../../Engine/Content/EngineMaterials/Substrate/Glints2/dict_0001_0243.uasset" 9844
"/Engine/EngineMaterials/Substrate/Glints2/dict_0001_0249" 9845
"/Engine/EngineMaterials/Substrate/Glints2/dict_0001_0250" 9846
"/Engine/EngineMaterials/Substrate/Glints2/dict_0001_0245" 9847
"../../../Engine/Content/EngineMaterials/Substrate/Glints2/dict_0001_0242.uasset" 9848
"/Engine/EngineMaterials/Substrate/Glints2/dict_0001_0248" 9849
"/Engine/EngineMaterials/Substrate/Glints2/dict_0001_0246" 9850
"/Engine/EngineMaterials/Substrate/Glints2/dict_0001_0247" 9851
"../../../Engine/Content/EngineMaterials/Substrate/Glints2/dict_0001_0238.uasset" 9852
"../../../Engine/Content/EngineMaterials/Substrate/Glints2/dict_0001_0237.uasset" 9853
"/Engine/EngineMaterials/Substrate/Glints2/dict_0001_0237" 9854
"../../../Engine/Content/EngineMaterials/Substrate/Glints2/dict_0001_0244.uasset" 9855
"../../../Engine/Content/EngineMaterials/Substrate/Glints2/dict_0001_0239.uasset" 9856
"/Engine/EngineMaterials/Substrate/Glints2/dict_0001_0242" 9857
"../../../Engine/Content/EngineMaterials/Substrate/Glints2/dict_0001_0241.uasset" 9858
"/Engine/EngineMaterials/Substrate/Glints2/dict_0001_0238" 9859
"../../../Engine/Content/EngineMaterials/Substrate/Glints2/dict_0002_0018.uasset" 9860
"/Engine/EngineMaterials/Substrate/Glints2/dict_0001_0243" 9861
"/Engine/EngineMaterials/Substrate/Glints2/dict_0001_0239" 9862
"/Engine/EngineMaterials/Substrate/Glints2/dict_0001_0244" 9863
"/Engine/EngineMaterials/Substrate/Glints2/dict_0002_0018" 9864
"/Engine/EngineMaterials/Substrate/Glints2/dict_0001_0241" 9865
"../../../Engine/Content/EngineMaterials/Substrate/Glints2/dict_0001_0234.uasset" 9866
"../../../Engine/Content/EngineMaterials/Substrate/Glints2/dict_0001_0236.uasset" 9867
"../../../Engine/Content/EngineMaterials/Substrate/Glints2/dict_0001_0240.uasset" 9868
"../../../Engine/Content/EngineMaterials/Substrate/Glints2/dict_0001_0235.uasset" 9869
"../../../Engine/Content/EngineMaterials/Substrate/Glints2/dict_0001_0233.uasset" 9870
"/Engine/EngineMaterials/Substrate/Glints2/dict_0001_0234" 9871
"../../../Engine/Content/EngineMaterials/Substrate/Glints2/dict_0001_0230.uasset" 9872
"/Engine/EngineMaterials/Substrate/Glints2/dict_0001_0235" 9873
"/Engine/EngineMaterials/Substrate/Glints2/dict_0001_0240" 9874
"/Engine/EngineMaterials/Substrate/Glints2/dict_0001_0233" 9875
"/Engine/EngineMaterials/Substrate/Glints2/dict_0001_0236" 9876
"../../../Engine/Content/EngineMaterials/Substrate/Glints2/dict_0001_0224.uasset" 9877
"../../../Engine/Content/EngineMaterials/Substrate/Glints2/dict_0001_0225.uasset" 9878
"../../../Engine/Content/EngineMaterials/Substrate/Glints2/dict_0001_0227.uasset" 9879
"../../../Engine/Content/EngineMaterials/Substrate/Glints2/dict_0001_0232.uasset" 9880
"/Engine/EngineMaterials/Substrate/Glints2/dict_0001_0224" 9881
"/Engine/EngineMaterials/Substrate/Glints2/dict_0001_0230" 9882
"/Engine/EngineMaterials/Substrate/Glints2/dict_0001_0225" 9883
"../../../Engine/Content/EngineMaterials/Substrate/Glints2/dict_0001_0229.uasset" 9884
"/Engine/EngineMaterials/Substrate/Glints2/dict_0001_0232" 9885
"/Engine/EngineMaterials/Substrate/Glints2/dict_0001_0227" 9886
"/Engine/EngineMaterials/Substrate/Glints2/dict_0001_0229" 9887
"../../../Engine/Content/EngineMaterials/Substrate/Glints2/dict_0001_0226.uasset" 9888
"../../../Engine/Content/EngineMaterials/Substrate/Glints2/dict_0001_0223.uasset" 9889
"../../../Engine/Content/EngineMaterials/Substrate/Glints2/dict_0001_0219.uasset" 9890
"../../../Engine/Content/EngineMaterials/Substrate/Glints2/dict_0001_0222.uasset" 9891
"../../../Engine/Content/EngineMaterials/Substrate/Glints2/dict_0001_0221.uasset" 9892
"../../../Engine/Content/EngineMaterials/Substrate/Glints2/dict_0001_0228.uasset" 9893
"../../../Engine/Content/EngineMaterials/Substrate/Glints2/dict_0001_0220.uasset" 9894
"../../../Engine/Content/EngineMaterials/Substrate/Glints2/dict_0001_0217.uasset" 9895
"/Engine/EngineMaterials/Substrate/Glints2/dict_0001_0220" 9896
"/Engine/EngineMaterials/Substrate/Glints2/dict_0001_0226" 9897
"../../../Engine/Content/EngineMaterials/Substrate/Glints2/dict_0001_0218.uasset" 9898
"/Engine/EngineMaterials/Substrate/Glints2/dict_0001_0223" 9899
"/Engine/EngineMaterials/Substrate/Glints2/dict_0001_0228" 9900
"/Engine/EngineMaterials/Substrate/Glints2/dict_0001_0221" 9901
"/Engine/EngineMaterials/Substrate/Glints2/dict_0001_0219" 9902
"/Engine/EngineMaterials/Substrate/Glints2/dict_0001_0222" 9903
"../../../Engine/Content/EngineMaterials/Substrate/Glints2/dict_0001_0215.uasset" 9904
"../../../Engine/Content/EngineMaterials/Substrate/Glints2/dict_0001_0216.uasset" 9905
"/Engine/EngineMaterials/Substrate/Glints2/dict_0001_0217" 9906
"/Engine/EngineMaterials/Substrate/Glints2/dict_0001_0218" 9907
"/Engine/EngineMaterials/Substrate/Glints2/dict_0001_0215" 9908
"/Engine/EngineMaterials/Substrate/Glints2/dict_0001_0216" 9909
"../../../Engine/Content/EngineMaterials/Substrate/Glints2/dict_0001_0231.uasset" 9910
"../../../Engine/Content/EngineMaterials/Substrate/Glints2/dict_0001_0208.uasset" 9911
"../../../Engine/Content/EngineMaterials/Substrate/Glints2/dict_0001_0209.uasset" 9912
"../../../Engine/Content/EngineMaterials/Substrate/Glints2/dict_0001_0213.uasset" 9913
"../../../Engine/Content/EngineMaterials/Substrate/Glints2/dict_0001_0210.uasset" 9914
"../../../Engine/Content/EngineMaterials/Substrate/Glints2/dict_0001_0214.uasset" 9915
"/Engine/EngineMaterials/Substrate/Glints2/dict_0001_0231" 9916
"../../../Engine/Content/EngineMaterials/Substrate/Glints2/dict_0001_0206.uasset" 9917
"../../../Engine/Content/EngineMaterials/Substrate/Glints2/dict_0001_0207.uasset" 9918
"/Engine/EngineMaterials/Substrate/Glints2/dict_0001_0210" 9919
"/Engine/EngineMaterials/Substrate/Glints2/dict_0001_0214" 9920
"/Engine/EngineMaterials/Substrate/Glints2/dict_0001_0213" 9921
"../../../Engine/Content/EngineMaterials/Substrate/Glints2/dict_0001_0212.uasset" 9922
"/Engine/EngineMaterials/Substrate/Glints2/dict_0001_0208" 9923
"/Engine/EngineMaterials/Substrate/Glints2/dict_0001_0209" 9924
"/Engine/EngineMaterials/Substrate/Glints2/dict_0001_0212" 9925
"/Engine/EngineMaterials/Substrate/Glints2/dict_0001_0206" 9926
"/Engine/EngineMaterials/Substrate/Glints2/dict_0001_0207" 9927
"../../../Engine/Content/EngineMaterials/Substrate/Glints2/dict_0001_0201.uasset" 9928
"../../../Engine/Content/EngineMaterials/Substrate/Glints2/dict_0001_0203.uasset" 9929
"../../../Engine/Content/EngineMaterials/Substrate/Glints2/dict_0001_0205.uasset" 9930
"../../../Engine/Content/EngineMaterials/Substrate/Glints2/dict_0001_0211.uasset" 9931
"../../../Engine/Content/EngineMaterials/Substrate/Glints2/dict_0001_0204.uasset" 9932
"../../../Engine/Content/EngineMaterials/Substrate/Glints2/dict_0001_0199.uasset" 9933
"../../../Engine/Content/EngineMaterials/Substrate/Glints2/dict_0001_0198.uasset" 9934
"../../../Engine/Content/EngineMaterials/Substrate/Glints2/dict_0001_0200.uasset" 9935
"/Engine/EngineMaterials/Substrate/Glints2/dict_0001_0211" 9936
"../../../Engine/Content/EngineMaterials/Substrate/Glints2/dict_0001_0196.uasset" 9937
"/Engine/EngineMaterials/Substrate/Glints2/dict_0001_0201" 9938
"../../../Engine/Content/EngineMaterials/Substrate/Glints2/dict_0001_0197.uasset" 9939
"../../../Engine/Content/EngineMaterials/Substrate/Glints2/dict_0001_0202.uasset" 9940
"/Engine/EngineMaterials/Substrate/Glints2/dict_0001_0203" 9941
"/Engine/EngineMaterials/Substrate/Glints2/dict_0001_0198" 9942
"../../../Engine/Content/EngineMaterials/Substrate/Glints2/dict_0001_0191.uasset" 9943
"/Engine/EngineMaterials/Substrate/Glints2/dict_0001_0204" 9944
"../../../Engine/Content/EngineMaterials/Substrate/Glints2/dict_0001_0192.uasset" 9945
"/Engine/EngineMaterials/Substrate/Glints2/dict_0001_0199" 9946
"../../../Engine/Content/EngineMaterials/Substrate/Glints2/dict_0001_0194.uasset" 9947
"/Engine/EngineMaterials/Substrate/Glints2/dict_0001_0200" 9948
"/Engine/EngineMaterials/Substrate/Glints2/dict_0001_0205" 9949
"../../../Engine/Content/EngineMaterials/Substrate/Glints2/dict_0001_0195.uasset" 9950
"/Engine/EngineMaterials/Substrate/Glints2/dict_0001_0196" 9951
"../../../Engine/Content/EngineMaterials/Substrate/Glints2/dict_0001_0190.uasset" 9952
"/Engine/EngineMaterials/Substrate/Glints2/dict_0001_0202" 9953
"../../../Engine/Content/EngineMaterials/Substrate/Glints2/dict_0001_0189.uasset" 9954
"/Engine/EngineMaterials/Substrate/Glints2/dict_0001_0197" 9955
"/Engine/EngineMaterials/Substrate/Glints2/dict_0001_0191" 9956
"/Engine/EngineMaterials/Substrate/Glints2/dict_0001_0192" 9957
"/Engine/EngineMaterials/Substrate/Glints2/dict_0001_0195" 9958
"/Engine/EngineMaterials/Substrate/Glints2/dict_0001_0194" 9959
"/Engine/EngineMaterials/Substrate/Glints2/dict_0001_0189" 9960
"/Engine/EngineMaterials/Substrate/Glints2/dict_0001_0190" 9961
"../../../Engine/Content/EngineMaterials/Substrate/Glints2/dict_0001_0187.uasset" 9962
"../../../Engine/Content/EngineMaterials/Substrate/Glints2/dict_0001_0188.uasset" 9963
"../../../Engine/Content/EngineMaterials/Substrate/Glints2/dict_0001_0186.uasset" 9964
"../../../Engine/Content/EngineMaterials/Substrate/Glints2/dict_0001_0183.uasset" 9965
"../../../Engine/Content/EngineMaterials/Substrate/Glints2/dict_0001_0184.uasset" 9966
"/Engine/EngineMaterials/Substrate/Glints2/dict_0001_0188" 9967
"../../../Engine/Content/EngineMaterials/Substrate/Glints2/dict_0001_0185.uasset" 9968
"../../../Engine/Content/EngineMaterials/Substrate/Glints2/dict_0001_0182.uasset" 9969
"/Engine/EngineMaterials/Substrate/Glints2/dict_0001_0186" 9970
"../../../Engine/Content/EngineMaterials/Substrate/Glints2/dict_0001_0193.uasset" 9971
"../../../Engine/Content/EngineMaterials/Substrate/Glints2/dict_0001_0180.uasset" 9972
"/Engine/EngineMaterials/Substrate/Glints2/dict_0001_0187" 9973
"/Engine/EngineMaterials/Substrate/Glints2/dict_0001_0183" 9974
"../../../Engine/Content/EngineMaterials/Substrate/Glints2/dict_0001_0179.uasset" 9975
"/Engine/EngineMaterials/Substrate/Glints2/dict_0001_0180" 9976
"/Engine/EngineMaterials/Substrate/Glints2/dict_0001_0184" 9977
"../../../Engine/Content/EngineMaterials/Substrate/Glints2/dict_0001_0174.uasset" 9978
"/Engine/EngineMaterials/Substrate/Glints2/dict_0001_0185" 9979
"../../../Engine/Content/EngineMaterials/Substrate/Glints2/dict_0001_0177.uasset" 9980
"../../../Engine/Content/EngineMaterials/Substrate/Glints2/dict_0001_0173.uasset" 9981
"/Engine/EngineMaterials/Substrate/Glints2/dict_0001_0182" 9982
"/Engine/EngineMaterials/Substrate/Glints2/dict_0001_0193" 9983
"/Engine/EngineMaterials/Substrate/Glints2/dict_0001_0179" 9984
"/Engine/EngineMaterials/Substrate/Glints2/dict_0001_0177" 9985
"../../../Engine/Content/EngineMaterials/Substrate/Glints2/dict_0001_0176.uasset" 9986
"/Engine/EngineMaterials/Substrate/Glints2/dict_0001_0173" 9987
"/Engine/EngineMaterials/Substrate/Glints2/dict_0001_0174" 9988
"/Engine/EngineMaterials/Substrate/Glints2/dict_0001_0176" 9989
"../../../Engine/Content/EngineMaterials/Substrate/Glints2/dict_0001_0178.uasset" 9990
"../../../Engine/Content/EngineMaterials/Substrate/Glints2/dict_0001_0171.uasset" 9991
"../../../Engine/Content/EngineMaterials/Substrate/Glints2/dict_0001_0170.uasset" 9992
"../../../Engine/Content/EngineMaterials/Substrate/Glints2/dict_0001_0181.uasset" 9993
"../../../Engine/Content/EngineMaterials/Substrate/Glints2/dict_0001_0169.uasset" 9994
"../../../Engine/Content/EngineMaterials/Substrate/Glints2/dict_0001_0175.uasset" 9995
"../../../Engine/Content/EngineMaterials/Substrate/Glints2/dict_0001_0167.uasset" 9996
"../../../Engine/Content/EngineMaterials/Substrate/Glints2/dict_0001_0172.uasset" 9997
"../../../Engine/Content/EngineMaterials/Substrate/Glints2/dict_0001_0168.uasset" 9998
"/Engine/EngineMaterials/Substrate/Glints2/dict_0001_0178" 9999
"/Engine/EngineMaterials/Substrate/Glints2/dict_0001_0167" 10000
"/Engine/EngineMaterials/Substrate/Glints2/dict_0001_0168" 10001
"/Engine/EngineMaterials/Substrate/Glints2/dict_0001_0175" 10002
"/Engine/EngineMaterials/Substrate/Glints2/dict_0001_0181" 10003
"/Engine/EngineMaterials/Substrate/Glints2/dict_0001_0169" 10004
"/Engine/EngineMaterials/Substrate/Glints2/dict_0001_0170" 10005
"/Engine/EngineMaterials/Substrate/Glints2/dict_0001_0171" 10006
"/Engine/EngineMaterials/Substrate/Glints2/dict_0001_0172" 10007
"../../../Engine/Content/EngineMaterials/Substrate/Glints2/dict_0001_0163.uasset" 10008
"../../../Engine/Content/EngineMaterials/Substrate/Glints2/dict_0001_0165.uasset" 10009
"../../../Engine/Content/EngineMaterials/Substrate/Glints2/dict_0001_0161.uasset" 10010
"../../../Engine/Content/EngineMaterials/Substrate/Glints2/dict_0001_0162.uasset" 10011
"../../../Engine/Content/EngineMaterials/Substrate/Glints2/dict_0001_0158.uasset" 10012
"../../../Engine/Content/EngineMaterials/Substrate/Glints2/dict_0001_0160.uasset" 10013
"../../../Engine/Content/EngineMaterials/Substrate/Glints2/dict_0001_0166.uasset" 10014
"../../../Engine/Content/EngineMaterials/Substrate/Glints2/dict_0001_0155.uasset" 10015
"../../../Engine/Content/EngineMaterials/Substrate/Glints2/dict_0001_0164.uasset" 10016
"/Engine/EngineMaterials/Substrate/Glints2/dict_0001_0160" 10017
"../../../Engine/Content/EngineMaterials/Substrate/Glints2/dict_0001_0156.uasset" 10018
"../../../Engine/Content/EngineMaterials/Substrate/Glints2/dict_0001_0157.uasset" 10019
"/Engine/EngineMaterials/Substrate/Glints2/dict_0001_0158" 10020
"../../../Engine/Content/EngineMaterials/Substrate/Glints2/dict_0001_0154.uasset" 10021
"/Engine/EngineMaterials/Substrate/Glints2/dict_0001_0161" 10022
"/Engine/EngineMaterials/Substrate/Glints2/dict_0001_0162" 10023
"/Engine/EngineMaterials/Substrate/Glints2/dict_0001_0155" 10024
"../../../Engine/Content/EngineMaterials/Substrate/Glints2/dict_0001_0153.uasset" 10025
"/Engine/EngineMaterials/Substrate/Glints2/dict_0001_0163" 10026
"../../../Engine/Content/EngineMaterials/Substrate/Glints2/dict_0001_0151.uasset" 10027
"/Engine/EngineMaterials/Substrate/Glints2/dict_0001_0165" 10028
"/Engine/EngineMaterials/Substrate/Glints2/dict_0001_0166" 10029
"../../../Engine/Content/EngineMaterials/Substrate/Glints2/dict_0001_0159.uasset" 10030
"../../../Engine/Content/EngineMaterials/Substrate/Glints2/dict_0001_0152.uasset" 10031
"/Engine/EngineMaterials/Substrate/Glints2/dict_0001_0154" 10032
"/Engine/EngineMaterials/Substrate/Glints2/dict_0001_0159" 10033
"/Engine/EngineMaterials/Substrate/Glints2/dict_0001_0151" 10034
"/Engine/EngineMaterials/Substrate/Glints2/dict_0001_0164" 10035
"/Engine/EngineMaterials/Substrate/Glints2/dict_0001_0156" 10036
"/Engine/EngineMaterials/Substrate/Glints2/dict_0001_0157" 10037
"/Engine/EngineMaterials/Substrate/Glints2/dict_0001_0153" 10038
"/Engine/EngineMaterials/Substrate/Glints2/dict_0001_0152" 10039
"../../../Engine/Content/EngineMaterials/Substrate/Glints2/dict_0001_0147.uasset" 10040
"../../../Engine/Content/EngineMaterials/Substrate/Glints2/dict_0001_0146.uasset" 10041
"../../../Engine/Content/EngineMaterials/Substrate/Glints2/dict_0001_0149.uasset" 10042
"/Engine/EngineMaterials/Substrate/Glints2/dict_0001_0149" 10043
"/Engine/EngineMaterials/Substrate/Glints2/dict_0001_0146" 10044
"/Engine/EngineMaterials/Substrate/Glints2/dict_0001_0147" 10045
"../../../Engine/Content/EngineMaterials/Substrate/Glints2/dict_0001_0144.uasset" 10046
"../../../Engine/Content/EngineMaterials/Substrate/Glints2/dict_0001_0143.uasset" 10047
"../../../Engine/Content/EngineMaterials/Substrate/Glints2/dict_0001_0148.uasset" 10048
"../../../Engine/Content/EngineMaterials/Substrate/Glints2/dict_0001_0145.uasset" 10049
"/Engine/EngineMaterials/Substrate/Glints2/dict_0001_0145" 10050
"../../../Engine/Content/EngineMaterials/Substrate/Glints2/dict_0001_0142.uasset" 10051
"/Engine/EngineMaterials/Substrate/Glints2/dict_0001_0144" 10052
"../../../Engine/Content/EngineMaterials/Substrate/Glints2/dict_0001_0140.uasset" 10053
"../../../Engine/Content/EngineMaterials/Substrate/Glints2/dict_0001_0139.uasset" 10054
"../../../Engine/Content/EngineMaterials/Substrate/Glints2/dict_0001_0138.uasset" 10055
"../../../Engine/Content/EngineMaterials/Substrate/Glints2/dict_0001_0137.uasset" 10056
"/Engine/EngineMaterials/Substrate/Glints2/dict_0001_0143" 10057
"/Engine/EngineMaterials/Substrate/Glints2/dict_0001_0148" 10058
"/Engine/EngineMaterials/Substrate/Glints2/dict_0001_0137" 10059
"../../../Engine/Content/EngineMaterials/Substrate/Glints2/dict_0001_0136.uasset" 10060
"../../../Engine/Content/EngineMaterials/Substrate/Glints2/dict_0001_0135.uasset" 10061
"/Engine/EngineMaterials/Substrate/Glints2/dict_0001_0138" 10062
"../../../Engine/Content/EngineMaterials/Substrate/Glints2/dict_0001_0134.uasset" 10063
"/Engine/EngineMaterials/Substrate/Glints2/dict_0001_0139" 10064
"/Engine/EngineMaterials/Substrate/Glints2/dict_0001_0140" 10065
"/Engine/EngineMaterials/Substrate/Glints2/dict_0001_0142" 10066
"/Engine/EngineMaterials/Substrate/Glints2/dict_0001_0135" 10067
"/Engine/EngineMaterials/Substrate/Glints2/dict_0001_0136" 10068
"/Engine/EngineMaterials/Substrate/Glints2/dict_0001_0134" 10069
"../../../Engine/Content/EngineMaterials/Substrate/Glints2/dict_0001_0133.uasset" 10070
"../../../Engine/Content/EngineMaterials/Substrate/Glints2/dict_0001_0132.uasset" 10071
"../../../Engine/Content/EngineMaterials/Substrate/Glints2/dict_0001_0131.uasset" 10072
"../../../Engine/Content/EngineMaterials/Substrate/Glints2/dict_0001_0130.uasset" 10073
"../../../Engine/Content/EngineMaterials/Substrate/Glints2/dict_0001_0141.uasset" 10074
"../../../Engine/Content/EngineMaterials/Substrate/Glints2/dict_0001_0125.uasset" 10075
"../../../Engine/Content/EngineMaterials/Substrate/Glints2/dict_0001_0127.uasset" 10076
"../../../Engine/Content/EngineMaterials/Substrate/Glints2/dict_0001_0129.uasset" 10077
"../../../Engine/Content/EngineMaterials/Substrate/Glints2/dict_0001_0150.uasset" 10078
"/Engine/EngineMaterials/Substrate/Glints2/dict_0001_0127" 10079
"../../../Engine/Content/EngineMaterials/Substrate/Glints2/dict_0001_0124.uasset" 10080
"../../../Engine/Content/EngineMaterials/Substrate/Glints2/dict_0001_0123.uasset" 10081
"../../../Engine/Content/EngineMaterials/Substrate/Glints2/dict_0001_0126.uasset" 10082
"/Engine/EngineMaterials/Substrate/Glints2/dict_0001_0129" 10083
"../../../Engine/Content/EngineMaterials/Substrate/Glints2/dict_0001_0122.uasset" 10084
"/Engine/EngineMaterials/Substrate/Glints2/dict_0001_0130" 10085
"/Engine/EngineMaterials/Substrate/Glints2/dict_0001_0150" 10086
"/Engine/EngineMaterials/Substrate/Glints2/dict_0001_0141" 10087
"/Engine/EngineMaterials/Substrate/Glints2/dict_0001_0131" 10088
"/Engine/EngineMaterials/Substrate/Glints2/dict_0001_0132" 10089
"/Engine/EngineMaterials/Substrate/Glints2/dict_0001_0133" 10090
"/Engine/EngineMaterials/Substrate/Glints2/dict_0001_0125" 10091
"/Engine/EngineMaterials/Substrate/Glints2/dict_0001_0122" 10092
"/Engine/EngineMaterials/Substrate/Glints2/dict_0001_0123" 10093
"/Engine/EngineMaterials/Substrate/Glints2/dict_0001_0124" 10094
"../../../Engine/Content/EngineMaterials/Substrate/Glints2/dict_0001_0118.uasset" 10095
"../../../Engine/Content/EngineMaterials/Substrate/Glints2/dict_0001_0120.uasset" 10096
"/Engine/EngineMaterials/Substrate/Glints2/dict_0001_0126" 10097
"../../../Engine/Content/EngineMaterials/Substrate/Glints2/dict_0001_0116.uasset" 10098
"../../../Engine/Content/EngineMaterials/Substrate/Glints2/dict_0001_0119.uasset" 10099
"../../../Engine/Content/EngineMaterials/Substrate/Glints2/dict_0001_0117.uasset" 10100
"/Engine/EngineMaterials/Substrate/Glints2/dict_0001_0120" 10101
"/Engine/EngineMaterials/Substrate/Glints2/dict_0001_0116" 10102
"/Engine/EngineMaterials/Substrate/Glints2/dict_0001_0117" 10103
"../../../Engine/Content/EngineMaterials/Substrate/Glints2/dict_0001_0113.uasset" 10104
"../../../Engine/Content/EngineMaterials/Substrate/Glints2/dict_0001_0115.uasset" 10105
"/Engine/EngineMaterials/Substrate/Glints2/dict_0001_0119" 10106
"/Engine/EngineMaterials/Substrate/Glints2/dict_0001_0118" 10107
"../../../Engine/Content/EngineMaterials/Substrate/Glints2/dict_0001_0128.uasset" 10108
"/Engine/EngineMaterials/Substrate/Glints2/dict_0001_0128" 10109
"/Engine/EngineMaterials/Substrate/Glints2/dict_0001_0113" 10110
"../../../Engine/Content/EngineMaterials/Substrate/Glints2/dict_0001_0108.uasset" 10111
"../../../Engine/Content/EngineMaterials/Substrate/Glints2/dict_0001_0112.uasset" 10112
"../../../Engine/Content/EngineMaterials/Substrate/Glints2/dict_0001_0109.uasset" 10113
"../../../Engine/Content/EngineMaterials/Substrate/Glints2/dict_0001_0111.uasset" 10114
"/Engine/EngineMaterials/Substrate/Glints2/dict_0001_0115" 10115
"../../../Engine/Content/EngineMaterials/Substrate/Glints2/dict_0001_0110.uasset" 10116
"/Engine/EngineMaterials/Substrate/Glints2/dict_0001_0112" 10117
"/Engine/EngineMaterials/Substrate/Glints2/dict_0001_0108" 10118
"/Engine/EngineMaterials/Substrate/Glints2/dict_0001_0109" 10119
"/Engine/EngineMaterials/Substrate/Glints2/dict_0001_0111" 10120
"../../../Engine/Content/EngineMaterials/Substrate/Glints2/dict_0001_0107.uasset" 10121
"/Engine/EngineMaterials/Substrate/Glints2/dict_0001_0107" 10122
"/Engine/EngineMaterials/Substrate/Glints2/dict_0001_0110" 10123
"../../../Engine/Content/EngineMaterials/Substrate/Glints2/dict_0001_0106.uasset" 10124
"../../../Engine/Content/EngineMaterials/Substrate/Glints2/dict_0001_0101.uasset" 10125
"../../../Engine/Content/EngineMaterials/Substrate/Glints2/dict_0001_0105.uasset" 10126
"../../../Engine/Content/EngineMaterials/Substrate/Glints2/dict_0001_0103.uasset" 10127
"/Engine/EngineMaterials/Substrate/Glints2/dict_0001_0105" 10128
"../../../Engine/Content/EngineMaterials/Substrate/Glints2/dict_0001_0100.uasset" 10129
"../../../Engine/Content/EngineMaterials/Substrate/Glints2/dict_0001_0102.uasset" 10130
"../../../Engine/Content/EngineMaterials/Substrate/Glints2/dict_0001_0114.uasset" 10131
"/Engine/EngineMaterials/Substrate/Glints2/dict_0001_0101" 10132
"/Engine/EngineMaterials/Substrate/Glints2/dict_0001_0106" 10133
"../../../Engine/Content/EngineMaterials/Substrate/Glints2/dict_0001_0099.uasset" 10134
"/Engine/EngineMaterials/Substrate/Glints2/dict_0001_0099" 10135
"/Engine/EngineMaterials/Substrate/Glints2/dict_0001_0100" 10136
"/Engine/EngineMaterials/Substrate/Glints2/dict_0001_0102" 10137
"../../../Engine/Content/EngineMaterials/Substrate/Glints2/dict_0001_0104.uasset" 10138
"../../../Engine/Content/EngineMaterials/Substrate/Glints2/dict_0001_0098.uasset" 10139
"/Engine/EngineMaterials/Substrate/Glints2/dict_0001_0103" 10140
"/Engine/EngineMaterials/Substrate/Glints2/dict_0001_0114" 10141
"/Engine/EngineMaterials/Substrate/Glints2/dict_0001_0104" 10142
"/Engine/EngineMaterials/Substrate/Glints2/dict_0001_0098" 10143
"../../../Engine/Content/EngineMaterials/Substrate/Glints2/dict_0001_0094.uasset" 10144
"../../../Engine/Content/EngineMaterials/Substrate/Glints2/dict_0001_0093.uasset" 10145
"../../../Engine/Content/EngineMaterials/Substrate/Glints2/dict_0001_0095.uasset" 10146
"../../../Engine/Content/EngineMaterials/Substrate/Glints2/dict_0001_0097.uasset" 10147
"../../../Engine/Content/EngineMaterials/Substrate/Glints2/dict_0001_0096.uasset" 10148
"../../../Engine/Content/EngineMaterials/Substrate/Glints2/dict_0001_0121.uasset" 10149
"../../../Engine/Content/EngineMaterials/Substrate/Glints2/dict_0001_0091.uasset" 10150
"../../../Engine/Content/EngineMaterials/Substrate/Glints2/dict_0001_0089.uasset" 10151
"../../../Engine/Content/EngineMaterials/Substrate/Glints2/dict_0001_0086.uasset" 10152
"../../../Engine/Content/EngineMaterials/Substrate/Glints2/dict_0001_0087.uasset" 10153
"../../../Engine/Content/EngineMaterials/Substrate/Glints2/dict_0001_0085.uasset" 10154
"../../../Engine/Content/EngineMaterials/Substrate/Glints2/dict_0001_0084.uasset" 10155
"/Engine/EngineMaterials/Substrate/Glints2/dict_0001_0086" 10156
"../../../Engine/Content/EngineMaterials/Substrate/Glints2/dict_0001_0088.uasset" 10157
"../../../Engine/Content/EngineMaterials/Substrate/Glints2/dict_0001_0090.uasset" 10158
"/Engine/EngineMaterials/Substrate/Glints2/dict_0001_0087" 10159
"/Engine/EngineMaterials/Substrate/Glints2/dict_0001_0095" 10160
"../../../Engine/Content/EngineMaterials/Substrate/Glints2/dict_0001_0092.uasset" 10161
"/Engine/EngineMaterials/Substrate/Glints2/dict_0001_0096" 10162
"/Engine/EngineMaterials/Substrate/Glints2/dict_0001_0097" 10163
"../../../Engine/Content/EngineMaterials/Substrate/Glints2/dict_0001_0082.uasset" 10164
"/Engine/EngineMaterials/Substrate/Glints2/dict_0001_0121" 10165
"/Engine/EngineMaterials/Substrate/Glints2/dict_0001_0091" 10166
"/Engine/EngineMaterials/Substrate/Glints2/dict_0001_0089" 10167
"../../../Engine/Content/EngineMaterials/Substrate/Glints2/dict_0001_0081.uasset" 10168
"/Engine/EngineMaterials/Substrate/Glints2/dict_0001_0093" 10169
"../../../Engine/Content/EngineMaterials/Substrate/Glints2/dict_0001_0078.uasset" 10170
"../../../Engine/Content/EngineMaterials/Substrate/Glints2/dict_0001_0079.uasset" 10171
"../../../Engine/Content/EngineMaterials/Substrate/Glints2/dict_0001_0080.uasset" 10172
"../../../Engine/Content/EngineMaterials/Substrate/Glints2/dict_0001_0076.uasset" 10173
"/Engine/EngineMaterials/Substrate/Glints2/dict_0001_0094" 10174
"/Engine/EngineMaterials/Substrate/Glints2/dict_0001_0085" 10175
"../../../Engine/Content/EngineMaterials/Substrate/Glints2/dict_0001_0075.uasset" 10176
"/Engine/EngineMaterials/Substrate/Glints2/dict_0001_0079" 10177
"../../../Engine/Content/EngineMaterials/Substrate/Glints2/dict_0001_0073.uasset" 10178
"/Engine/EngineMaterials/Substrate/Glints2/dict_0001_0080" 10179
"../../../Engine/Content/EngineMaterials/Substrate/Glints2/dict_0001_0074.uasset" 10180
"/Engine/EngineMaterials/Substrate/Glints2/dict_0001_0081" 10181
"/Engine/EngineMaterials/Substrate/Glints2/dict_0001_0084" 10182
"/Engine/EngineMaterials/Substrate/Glints2/dict_0001_0088" 10183
"/Engine/EngineMaterials/Substrate/Glints2/dict_0001_0078" 10184
"/Engine/EngineMaterials/Substrate/Glints2/dict_0001_0075" 10185
"../../../Engine/Content/EngineMaterials/Substrate/Glints2/dict_0001_0071.uasset" 10186
"/Engine/EngineMaterials/Substrate/Glints2/dict_0001_0092" 10187
"/Engine/EngineMaterials/Substrate/Glints2/dict_0001_0082" 10188
"/Engine/EngineMaterials/Substrate/Glints2/dict_0001_0076" 10189
"../../../Engine/Content/EngineMaterials/Substrate/Glints2/dict_0001_0070.uasset" 10190
"/Engine/EngineMaterials/Substrate/Glints2/dict_0001_0090" 10191
"/Engine/EngineMaterials/Substrate/Glints2/dict_0001_0074" 10192
"../../../Engine/Content/EngineMaterials/Substrate/Glints2/dict_0001_0072.uasset" 10193
"/Engine/EngineMaterials/Substrate/Glints2/dict_0001_0070" 10194
"../../../Engine/Content/EngineMaterials/Substrate/Glints2/dict_0001_0067.uasset" 10195
"/Engine/EngineMaterials/Substrate/Glints2/dict_0001_0071" 10196
"/Engine/EngineMaterials/Substrate/Glints2/dict_0001_0073" 10197
"../../../Engine/Content/EngineMaterials/Substrate/Glints2/dict_0001_0066.uasset" 10198
"/Engine/EngineMaterials/Substrate/Glints2/dict_0001_0067" 10199
"/Engine/EngineMaterials/Substrate/Glints2/dict_0001_0072" 10200
"/Engine/EngineMaterials/Substrate/Glints2/dict_0001_0066" 10201
"../../../Engine/Content/EngineMaterials/Substrate/Glints2/dict_0001_0065.uasset" 10202
"../../../Engine/Content/EngineMaterials/Substrate/Glints2/dict_0001_0063.uasset" 10203
"../../../Engine/Content/EngineMaterials/Substrate/Glints2/dict_0001_0069.uasset" 10204
"../../../Engine/Content/EngineMaterials/Substrate/Glints2/dict_0001_0077.uasset" 10205
"../../../Engine/Content/EngineMaterials/Substrate/Glints2/dict_0001_0083.uasset" 10206
"../../../Engine/Content/EngineMaterials/Substrate/Glints2/dict_0001_0064.uasset" 10207
"/Engine/EngineMaterials/Substrate/Glints2/dict_0001_0083" 10208
"../../../Engine/Content/EngineMaterials/Substrate/Glints2/dict_0001_0062.uasset" 10209
"../../../Engine/Content/EngineMaterials/Substrate/Glints2/dict_0001_0060.uasset" 10210
"../../../Engine/Content/EngineMaterials/Substrate/Glints2/dict_0001_0058.uasset" 10211
"/Engine/EngineMaterials/Substrate/Glints2/dict_0001_0077" 10212
"/Engine/EngineMaterials/Substrate/Glints2/dict_0001_0069" 10213
"/Engine/EngineMaterials/Substrate/Glints2/dict_0001_0063" 10214
"/Engine/EngineMaterials/Substrate/Glints2/dict_0001_0064" 10215
"/Engine/EngineMaterials/Substrate/Glints2/dict_0001_0065" 10216
"../../../Engine/Content/EngineMaterials/Substrate/Glints2/dict_0001_0055.uasset" 10217
"../../../Engine/Content/EngineMaterials/Substrate/Glints2/dict_0001_0061.uasset" 10218
"/Engine/EngineMaterials/Substrate/Glints2/dict_0001_0058" 10219
"../../../Engine/Content/EngineMaterials/Substrate/Glints2/dict_0001_0056.uasset" 10220
"/Engine/EngineMaterials/Substrate/Glints2/dict_0001_0060" 10221
"/Engine/EngineMaterials/Substrate/Glints2/dict_0001_0062" 10222
"/Engine/EngineMaterials/Substrate/Glints2/dict_0001_0055" 10223
"../../../Engine/Content/EngineMaterials/Substrate/Glints2/dict_0001_0052.uasset" 10224
"../../../Engine/Content/EngineMaterials/Substrate/Glints2/dict_0001_0053.uasset" 10225
"../../../Engine/Content/EngineMaterials/Substrate/Glints2/dict_0001_0051.uasset" 10226
"/Engine/EngineMaterials/Substrate/Glints2/dict_0001_0056" 10227
"/Engine/EngineMaterials/Substrate/Glints2/dict_0001_0061" 10228
"../../../Engine/Content/EngineMaterials/Substrate/Glints2/dict_0001_0059.uasset" 10229
"/Engine/EngineMaterials/Substrate/Glints2/dict_0001_0051" 10230
"/Engine/EngineMaterials/Substrate/Glints2/dict_0001_0052" 10231
"../../../Engine/Content/EngineMaterials/Substrate/Glints2/dict_0001_0068.uasset" 10232
"/Engine/EngineMaterials/Substrate/Glints2/dict_0001_0053" 10233
"../../../Engine/Content/EngineMaterials/Substrate/Glints2/dict_0001_0054.uasset" 10234
"../../../Engine/Content/EngineMaterials/Substrate/Glints2/dict_0001_0050.uasset" 10235
"/Engine/EngineMaterials/Substrate/Glints2/dict_0001_0059" 10236
"/Engine/EngineMaterials/Substrate/Glints2/dict_0001_0068" 10237
"/Engine/EngineMaterials/Substrate/Glints2/dict_0001_0050" 10238
"/Engine/EngineMaterials/Substrate/Glints2/dict_0001_0054" 10239
"../../../Engine/Content/EngineMaterials/Substrate/Glints2/dict_0001_0047.uasset" 10240
"../../../Engine/Content/EngineMaterials/Substrate/Glints2/dict_0001_0045.uasset" 10241
"../../../Engine/Content/EngineMaterials/Substrate/Glints2/dict_0001_0046.uasset" 10242
"../../../Engine/Content/EngineMaterials/Substrate/Glints2/dict_0001_0048.uasset" 10243
"../../../Engine/Content/EngineMaterials/Substrate/Glints2/dict_0001_0043.uasset" 10244
"/Engine/EngineMaterials/Substrate/Glints2/dict_0001_0045" 10245
"../../../Engine/Content/EngineMaterials/Substrate/Glints2/dict_0001_0041.uasset" 10246
"../../../Engine/Content/EngineMaterials/Substrate/Glints2/dict_0001_0040.uasset" 10247
"../../../Engine/Content/EngineMaterials/Substrate/Glints2/dict_0001_0039.uasset" 10248
"/Engine/EngineMaterials/Substrate/Glints2/dict_0001_0046" 10249
"../../../Engine/Content/EngineMaterials/Substrate/Glints2/dict_0001_0049.uasset" 10250
"../../../Engine/Content/EngineMaterials/Substrate/Glints2/dict_0001_0042.uasset" 10251
"/Engine/EngineMaterials/Substrate/Glints2/dict_0001_0047" 10252
"../../../Engine/Content/EngineMaterials/Substrate/Glints2/dict_0001_0036.uasset" 10253
"../../../Engine/Content/EngineMaterials/Substrate/Glints2/dict_0001_0037.uasset" 10254
"../../../Engine/Content/EngineMaterials/Substrate/Glints2/dict_0001_0044.uasset" 10255
"/Engine/EngineMaterials/Substrate/Glints2/dict_0001_0048" 10256
"../../../Engine/Content/EngineMaterials/Substrate/Glints2/dict_0001_0038.uasset" 10257
"../../../Engine/Content/EngineMaterials/Substrate/Glints2/dict_0001_0035.uasset" 10258
"/Engine/EngineMaterials/Substrate/Glints2/dict_0001_0043" 10259
"/Engine/EngineMaterials/Substrate/Glints2/dict_0001_0038" 10260
"../../../Engine/Content/EngineMaterials/Substrate/Glints2/dict_0001_0034.uasset" 10261
"/Engine/EngineMaterials/Substrate/Glints2/dict_0001_0041" 10262
"/Engine/EngineMaterials/Substrate/Glints2/dict_0001_0049" 10263
"../../../Engine/Content/EngineMaterials/Substrate/Glints2/dict_0001_0033.uasset" 10264
"/Engine/EngineMaterials/Substrate/Glints2/dict_0001_0042" 10265
"/Engine/EngineMaterials/Substrate/Glints2/dict_0001_0035" 10266
"/Engine/EngineMaterials/Substrate/Glints2/dict_0001_0036" 10267
"/Engine/EngineMaterials/Substrate/Glints2/dict_0001_0039" 10268
"/Engine/EngineMaterials/Substrate/Glints2/dict_0001_0037" 10269
"../../../Engine/Content/EngineMaterials/Substrate/Glints2/dict_0001_0026.uasset" 10270
"/Engine/EngineMaterials/Substrate/Glints2/dict_0001_0044" 10271
"../../../Engine/Content/EngineMaterials/Substrate/Glints2/dict_0001_0030.uasset" 10272
"/Engine/EngineMaterials/Substrate/Glints2/dict_0001_0040" 10273
"../../../Engine/Content/EngineMaterials/Substrate/Glints2/dict_0001_0031.uasset" 10274
"/Engine/EngineMaterials/Substrate/Glints2/dict_0001_0033" 10275
"/Engine/EngineMaterials/Substrate/Glints2/dict_0001_0034" 10276
"/Engine/EngineMaterials/Substrate/Glints2/dict_0001_0030" 10277
"/Engine/EngineMaterials/Substrate/Glints2/dict_0001_0026" 10278
"/Engine/EngineMaterials/Substrate/Glints2/dict_0001_0031" 10279
"../../../Engine/Content/EngineMaterials/Substrate/Glints2/dict_0001_0027.uasset" 10280
"../../../Engine/Content/EngineMaterials/Substrate/Glints2/dict_0001_0025.uasset" 10281
"../../../Engine/Content/EngineMaterials/Substrate/Glints2/dict_0001_0029.uasset" 10282
"../../../Engine/Content/EngineMaterials/Substrate/Glints2/dict_0001_0024.uasset" 10283
"../../../Engine/Content/EngineMaterials/Substrate/Glints2/dict_0001_0023.uasset" 10284
"../../../Engine/Content/EngineMaterials/Substrate/Glints2/dict_0001_0028.uasset" 10285
"/Engine/EngineMaterials/Substrate/Glints2/dict_0001_0023" 10286
"../../../Engine/Content/EngineMaterials/Substrate/Glints2/dict_0001_0022.uasset" 10287
"../../../Engine/Content/EngineMaterials/Substrate/Glints2/dict_0001_0021.uasset" 10288
"/Engine/EngineMaterials/Substrate/Glints2/dict_0001_0028" 10289
"/Engine/EngineMaterials/Substrate/Glints2/dict_0001_0029" 10290
"/Engine/EngineMaterials/Substrate/Glints2/dict_0001_0024" 10291
"../../../Engine/Content/EngineMaterials/Substrate/Glints2/dict_0001_0032.uasset" 10292
"/Engine/EngineMaterials/Substrate/Glints2/dict_0001_0025" 10293
"/Engine/EngineMaterials/Substrate/Glints2/dict_0001_0027" 10294
"/Engine/EngineMaterials/Substrate/Glints2/dict_0001_0032" 10295
"../../../Engine/Content/EngineMaterials/Substrate/Glints2/dict_0001_0019.uasset" 10296
"../../../Engine/Content/EngineMaterials/Substrate/Glints2/dict_0001_0017.uasset" 10297
"/Engine/EngineMaterials/Substrate/Glints2/dict_0001_0021" 10298
"../../../Engine/Content/EngineMaterials/Substrate/Glints2/dict_0001_0018.uasset" 10299
"/Engine/EngineMaterials/Substrate/Glints2/dict_0001_0022" 10300
"../../../Engine/Content/EngineMaterials/Substrate/Glints2/dict_0001_0015.uasset" 10301
"/Engine/EngineMaterials/Substrate/Glints2/dict_0001_0015" 10302
"/Engine/EngineMaterials/Substrate/Glints2/dict_0001_0019" 10303
"/Engine/EngineMaterials/Substrate/Glints2/dict_0001_0017" 10304
"../../../Engine/Content/EngineMaterials/Substrate/Glints2/dict_0001_0016.uasset" 10305
"/Engine/EngineMaterials/Substrate/Glints2/dict_0001_0018" 10306
"/Engine/EngineMaterials/Substrate/Glints2/dict_0001_0016" 10307
"../../../Engine/Content/EngineMaterials/Substrate/Glints2/dict_0001_0020.uasset" 10308
"../../../Engine/Content/EngineMaterials/Substrate/Glints2/dict_0001_0013.uasset" 10309
"/Engine/EngineMaterials/Substrate/Glints2/dict_0001_0020" 10310
"../../../Engine/Content/EngineMaterials/Substrate/Glints2/dict_0001_0014.uasset" 10311
"../../../Engine/Content/EngineMaterials/Substrate/Glints2/dict_0001_0010.uasset" 10312
"../../../Engine/Content/EngineMaterials/Substrate/Glints2/dict_0001_0009.uasset" 10313
"../../../Engine/Content/EngineMaterials/Substrate/Glints2/dict_0001_0008.uasset" 10314
"/Engine/EngineMaterials/Substrate/Glints2/dict_0001_0013" 10315
"../../../Engine/Content/EngineMaterials/Substrate/Glints2/dict_0001_0011.uasset" 10316
"/Engine/EngineMaterials/Substrate/Glints2/dict_0001_0014" 10317
"/Engine/EngineMaterials/Substrate/Glints2/dict_0001_0008" 10318
"/Engine/EngineMaterials/Substrate/Glints2/dict_0001_0009" 10319
"/Engine/EngineMaterials/Substrate/Glints2/dict_0001_0010" 10320
"/Engine/EngineMaterials/Substrate/Glints2/dict_0001_0011" 10321
"../../../Engine/Content/EngineMaterials/Substrate/Glints2/dict_0001_0007.uasset" 10322
"../../../Engine/Content/EngineMaterials/Substrate/Glints2/dict_0001_0004.uasset" 10323
"../../../Engine/Content/EngineMaterials/Substrate/Glints2/dict_0001_0002.uasset" 10324
"../../../Engine/Content/EngineMaterials/Substrate/Glints2/dict_0001_0003.uasset" 10325
"../../../Engine/Content/EngineMaterials/Substrate/Glints2/dict_0001_0006.uasset" 10326
"/Engine/EngineMaterials/Substrate/Glints2/dict_0001_0004" 10327
"../../../Engine/Content/EngineMaterials/Substrate/Glints2/dict_0001_0012.uasset" 10328
"/Engine/EngineMaterials/Substrate/Glints2/dict_0001_0006" 10329
"/Engine/EngineMaterials/Substrate/Glints2/dict_0001_0002" 10330
"../../../Engine/Content/EngineMaterials/Substrate/Glints2/dict_0001_0005.uasset" 10331
"../../../Engine/Content/EngineMaterials/Substrate/Glints2/dict_0001_0000.uasset" 10332
"/Engine/EngineMaterials/Substrate/Glints2/dict_0001_0007" 10333
"../../../Engine/Content/EngineMaterials/Substrate/Glints2/dict_0001_0001.uasset" 10334
"/Engine/EngineMaterials/Substrate/Glints2/dict_0001_0003" 10335
"/Engine/EngineMaterials/Substrate/Glints2/dict_0001_0005" 10336
"/Engine/EngineMaterials/Substrate/Glints2/dict_0001_0000" 10337
"/Engine/EngineMaterials/Substrate/Glints2/dict_0001_0001" 10338
"../../../Engine/Content/EngineMaterials/Substrate/Glints2/dict_0000_0253.uasset" 10339
"../../../Engine/Content/EngineMaterials/Substrate/Glints2/dict_0000_0252.uasset" 10340
"../../../Engine/Content/EngineMaterials/Substrate/Glints2/dict_0000_0254.uasset" 10341
"/Engine/EngineMaterials/Substrate/Glints2/dict_0001_0012" 10342
"/Engine/EngineMaterials/Substrate/Glints2/dict_0000_0252" 10343
"/Engine/EngineMaterials/Substrate/Glints2/dict_0000_0253" 10344
"/Engine/EngineMaterials/Substrate/Glints2/dict_0000_0254" 10345
"../../../Engine/Content/EngineMaterials/Substrate/Glints2/dict_0000_0247.uasset" 10346
"../../../Engine/Content/EngineMaterials/Substrate/Glints2/dict_0000_0251.uasset" 10347
"/Engine/EngineMaterials/Substrate/Glints2/dict_0000_0251" 10348
"/Engine/EngineMaterials/Substrate/Glints2/dict_0000_0247" 10349
"../../../Engine/Content/EngineMaterials/Substrate/Glints2/dict_0000_0249.uasset" 10350
"../../../Engine/Content/EngineMaterials/Substrate/Glints2/dict_0000_0246.uasset" 10351
"../../../Engine/Content/EngineMaterials/Substrate/Glints2/dict_0000_0248.uasset" 10352
"../../../Engine/Content/EngineMaterials/Substrate/Glints2/dict_0000_0245.uasset" 10353
"../../../Engine/Content/EngineMaterials/Substrate/Glints2/dict_0000_0244.uasset" 10354
"/Engine/EngineMaterials/Substrate/Glints2/dict_0000_0249" 10355
"/Engine/EngineMaterials/Substrate/Glints2/dict_0000_0246" 10356
"../../../Engine/Content/EngineMaterials/Substrate/Glints2/dict_0000_0242.uasset" 10357
"../../../Engine/Content/EngineMaterials/Substrate/Glints2/dict_0000_0243.uasset" 10358
"/Engine/EngineMaterials/Substrate/Glints2/dict_0000_0245" 10359
"../../../Engine/Content/EngineMaterials/Substrate/Glints2/dict_0000_0240.uasset" 10360
"/Engine/EngineMaterials/Substrate/Glints2/dict_0000_0248" 10361
"/Engine/EngineMaterials/Substrate/Glints2/dict_0000_0242" 10362
"../../../Engine/Content/EngineMaterials/Substrate/Glints2/dict_0000_0239.uasset" 10363
"/Engine/EngineMaterials/Substrate/Glints2/dict_0000_0243" 10364
"/Engine/EngineMaterials/Substrate/Glints2/dict_0000_0244" 10365
"/Engine/EngineMaterials/Substrate/Glints2/dict_0000_0240" 10366
"/Engine/EngineMaterials/Substrate/Glints2/dict_0000_0239" 10367
"../../../Engine/Content/EngineMaterials/Substrate/Glints2/dict_0000_0238.uasset" 10368
"../../../Engine/Content/EngineMaterials/Substrate/Glints2/dict_0000_0241.uasset" 10369
"../../../Engine/Content/EngineMaterials/Substrate/Glints2/dict_0000_0255.uasset" 10370
"../../../Engine/Content/EngineMaterials/Substrate/Glints2/dict_0000_0237.uasset" 10371
"../../../Engine/Content/EngineMaterials/Substrate/Glints2/dict_0000_0234.uasset" 10372
"/Engine/EngineMaterials/Substrate/Glints2/dict_0000_0234" 10373
"../../../Engine/Content/EngineMaterials/Substrate/Glints2/dict_0000_0233.uasset" 10374
"../../../Engine/Content/EngineMaterials/Substrate/Glints2/dict_0001_0057.uasset" 10375
"../../../Engine/Content/EngineMaterials/Substrate/Glints2/dict_0000_0250.uasset" 10376
"/Engine/EngineMaterials/Substrate/Glints2/dict_0000_0241" 10377
"/Engine/EngineMaterials/Substrate/Glints2/dict_0000_0237" 10378
"../../../Engine/Content/EngineMaterials/Substrate/Glints2/dict_0000_0232.uasset" 10379
"../../../Engine/Content/EngineMaterials/Substrate/Glints2/dict_0000_0235.uasset" 10380
"../../../Engine/Content/EngineMaterials/Substrate/Glints2/dict_0000_0228.uasset" 10381
"/Engine/EngineMaterials/Substrate/Glints2/dict_0000_0238" 10382
"../../../Engine/Content/EngineMaterials/Substrate/Glints2/dict_0000_0227.uasset" 10383
"../../../Engine/Content/EngineMaterials/Substrate/Glints2/dict_0000_0231.uasset" 10384
"/Engine/EngineMaterials/Substrate/Glints2/dict_0000_0255" 10385
"../../../Engine/Content/EngineMaterials/Substrate/Glints2/dict_0000_0236.uasset" 10386
"/Engine/EngineMaterials/Substrate/Glints2/dict_0001_0057" 10387
"/Engine/EngineMaterials/Substrate/Glints2/dict_0000_0250" 10388
"/Engine/EngineMaterials/Substrate/Glints2/dict_0000_0227" 10389
"/Engine/EngineMaterials/Substrate/Glints2/dict_0000_0231" 10390
"/Engine/EngineMaterials/Substrate/Glints2/dict_0000_0232" 10391
"/Engine/EngineMaterials/Substrate/Glints2/dict_0000_0235" 10392
"../../../Engine/Content/EngineMaterials/Substrate/Glints2/dict_0000_0229.uasset" 10393
"../../../Engine/Content/EngineMaterials/Substrate/Glints2/dict_0000_0225.uasset" 10394
"/Engine/EngineMaterials/Substrate/Glints2/dict_0000_0233" 10395
"../../../Engine/Content/EngineMaterials/Substrate/Glints2/dict_0000_0226.uasset" 10396
"/Engine/EngineMaterials/Substrate/Glints2/dict_0000_0236" 10397
"/Engine/EngineMaterials/Substrate/Glints2/dict_0000_0228" 10398
"/Engine/EngineMaterials/Substrate/Glints2/dict_0000_0229" 10399
"/Engine/EngineMaterials/Substrate/Glints2/dict_0000_0225" 10400
"/Engine/EngineMaterials/Substrate/Glints2/dict_0000_0226" 10401
"../../../Engine/Content/EngineMaterials/Substrate/Glints2/dict_0000_0223.uasset" 10402
"../../../Engine/Content/EngineMaterials/Substrate/Glints2/dict_0000_0222.uasset" 10403
"../../../Engine/Content/EngineMaterials/Substrate/Glints2/dict_0000_0220.uasset" 10404
"/Engine/EngineMaterials/Substrate/Glints2/dict_0000_0220" 10405
"../../../Engine/Content/EngineMaterials/Substrate/Glints2/dict_0000_0218.uasset" 10406
"../../../Engine/Content/EngineMaterials/Substrate/Glints2/dict_0000_0215.uasset" 10407
"../../../Engine/Content/EngineMaterials/Substrate/Glints2/dict_0000_0221.uasset" 10408
"../../../Engine/Content/EngineMaterials/Substrate/Glints2/dict_0000_0216.uasset" 10409
"../../../Engine/Content/EngineMaterials/Substrate/Glints2/dict_0000_0224.uasset" 10410
"/Engine/EngineMaterials/Substrate/Glints2/dict_0000_0222" 10411
"/Engine/EngineMaterials/Substrate/Glints2/dict_0000_0223" 10412
"../../../Engine/Content/EngineMaterials/Substrate/Glints2/dict_0000_0214.uasset" 10413
"/Engine/EngineMaterials/Substrate/Glints2/dict_0000_0216" 10414
"/Engine/EngineMaterials/Substrate/Glints2/dict_0000_0221" 10415
"/Engine/EngineMaterials/Substrate/Glints2/dict_0000_0218" 10416
"/Engine/EngineMaterials/Substrate/Glints2/dict_0000_0224" 10417
"/Engine/EngineMaterials/Substrate/Glints2/dict_0000_0215" 10418
"/Engine/EngineMaterials/Substrate/Glints2/dict_0000_0214" 10419
"../../../Engine/Content/EngineMaterials/Substrate/Glints2/dict_0000_0219.uasset" 10420
"../../../Engine/Content/EngineMaterials/Substrate/Glints2/dict_0000_0217.uasset" 10421
"../../../Engine/Content/EngineMaterials/Substrate/Glints2/dict_0000_0211.uasset" 10422
"../../../Engine/Content/EngineMaterials/Substrate/Glints2/dict_0000_0210.uasset" 10423
"../../../Engine/Content/EngineMaterials/Substrate/Glints2/dict_0000_0213.uasset" 10424
"../../../Engine/Content/EngineMaterials/Substrate/Glints2/dict_0000_0212.uasset" 10425
"/Engine/EngineMaterials/Substrate/Glints2/dict_0000_0217" 10426
"../../../Engine/Content/EngineMaterials/Substrate/Glints2/dict_0000_0209.uasset" 10427
"../../../Engine/Content/EngineMaterials/Substrate/Glints2/dict_0000_0230.uasset" 10428
"/Engine/EngineMaterials/Substrate/Glints2/dict_0000_0212" 10429
"../../../Engine/Content/EngineMaterials/Substrate/Glints2/dict_0000_0206.uasset" 10430
"/Engine/EngineMaterials/Substrate/Glints2/dict_0000_0213" 10431
"/Engine/EngineMaterials/Substrate/Glints2/dict_0000_0211" 10432
"/Engine/EngineMaterials/Substrate/Glints2/dict_0000_0219" 10433
"/Engine/EngineMaterials/Substrate/Glints2/dict_0000_0210" 10434
"../../../Engine/Content/EngineMaterials/Substrate/Glints2/dict_0000_0203.uasset" 10435
"../../../Engine/Content/EngineMaterials/Substrate/Glints2/dict_0000_0204.uasset" 10436
"/Engine/EngineMaterials/Substrate/Glints2/dict_0000_0206" 10437
"/Engine/EngineMaterials/Substrate/Glints2/dict_0000_0230" 10438
"../../../Engine/Content/EngineMaterials/Substrate/Glints2/dict_0000_0202.uasset" 10439
"../../../Engine/Content/EngineMaterials/Substrate/Glints2/dict_0000_0201.uasset" 10440
"/Engine/EngineMaterials/Substrate/Glints2/dict_0000_0203" 10441
"../../../Engine/Content/EngineMaterials/Substrate/Glints2/dict_0000_0205.uasset" 10442
"../../../Engine/Content/EngineMaterials/Substrate/Glints2/dict_0000_0207.uasset" 10443
"../../../Engine/Content/EngineMaterials/Substrate/Glints2/dict_0000_0208.uasset" 10444
"/Engine/EngineMaterials/Substrate/Glints2/dict_0000_0204" 10445
"/Engine/EngineMaterials/Substrate/Glints2/dict_0000_0209" 10446
"/Engine/EngineMaterials/Substrate/Glints2/dict_0000_0207" 10447
"/Engine/EngineMaterials/Substrate/Glints2/dict_0000_0201" 10448
"/Engine/EngineMaterials/Substrate/Glints2/dict_0000_0202" 10449
"/Engine/EngineMaterials/Substrate/Glints2/dict_0000_0208" 10450
"/Engine/EngineMaterials/Substrate/Glints2/dict_0000_0205" 10451
"../../../Engine/Content/EngineMaterials/Substrate/Glints2/dict_0000_0191.uasset" 10452
"../../../Engine/Content/EngineMaterials/Substrate/Glints2/dict_0000_0197.uasset" 10453
"../../../Engine/Content/EngineMaterials/Substrate/Glints2/dict_0000_0194.uasset" 10454
"../../../Engine/Content/EngineMaterials/Substrate/Glints2/dict_0000_0196.uasset" 10455
"../../../Engine/Content/EngineMaterials/Substrate/Glints2/dict_0000_0192.uasset" 10456
"../../../Engine/Content/EngineMaterials/Substrate/Glints2/dict_0000_0200.uasset" 10457
"../../../Engine/Content/EngineMaterials/Substrate/Glints2/dict_0000_0198.uasset" 10458
"/Engine/EngineMaterials/Substrate/Glints2/dict_0000_0194" 10459
"../../../Engine/Content/EngineMaterials/Substrate/Glints2/dict_0000_0195.uasset" 10460
"/Engine/EngineMaterials/Substrate/Glints2/dict_0000_0197" 10461
"../../../Engine/Content/EngineMaterials/Substrate/Glints2/dict_0000_0193.uasset" 10462
"/Engine/EngineMaterials/Substrate/Glints2/dict_0000_0198" 10463
"/Engine/EngineMaterials/Substrate/Glints2/dict_0000_0196" 10464
"/Engine/EngineMaterials/Substrate/Glints2/dict_0000_0191" 10465
"../../../Engine/Content/EngineMaterials/Substrate/Glints2/dict_0000_0189.uasset" 10466
"../../../Engine/Content/EngineMaterials/Substrate/Glints2/dict_0000_0187.uasset" 10467
"../../../Engine/Content/EngineMaterials/Substrate/Glints2/dict_0000_0188.uasset" 10468
"../../../Engine/Content/EngineMaterials/Substrate/Glints2/dict_0000_0190.uasset" 10469
"/Engine/EngineMaterials/Substrate/Glints2/dict_0000_0192" 10470
"../../../Engine/Content/EngineMaterials/Substrate/Glints2/dict_0000_0183.uasset" 10471
"/Engine/EngineMaterials/Substrate/Glints2/dict_0000_0200" 10472
"../../../Engine/Content/EngineMaterials/Substrate/Glints2/dict_0000_0185.uasset" 10473
"/Engine/EngineMaterials/Substrate/Glints2/dict_0000_0195" 10474
"../../../Engine/Content/EngineMaterials/Substrate/Glints2/dict_0000_0186.uasset" 10475
"/Engine/EngineMaterials/Substrate/Glints2/dict_0000_0187" 10476
"../../../Engine/Content/EngineMaterials/Substrate/Glints2/dict_0000_0184.uasset" 10477
"/Engine/EngineMaterials/Substrate/Glints2/dict_0000_0193" 10478
"/Engine/EngineMaterials/Substrate/Glints2/dict_0000_0188" 10479
"/Engine/EngineMaterials/Substrate/Glints2/dict_0000_0189" 10480
"../../../Engine/Content/EngineMaterials/Substrate/Glints2/dict_0000_0199.uasset" 10481
"/Engine/EngineMaterials/Substrate/Glints2/dict_0000_0183" 10482
"/Engine/EngineMaterials/Substrate/Glints2/dict_0000_0190" 10483
"/Engine/EngineMaterials/Substrate/Glints2/dict_0000_0186" 10484
"/Engine/EngineMaterials/Substrate/Glints2/dict_0000_0185" 10485
"/Engine/EngineMaterials/Substrate/Glints2/dict_0000_0199" 10486
"/Engine/EngineMaterials/Substrate/Glints2/dict_0000_0184" 10487
"../../../Engine/Content/EngineMaterials/Substrate/Glints2/dict_0000_0178.uasset" 10488
"../../../Engine/Content/EngineMaterials/Substrate/Glints2/dict_0000_0180.uasset" 10489
"../../../Engine/Content/EngineMaterials/Substrate/Glints2/dict_0000_0181.uasset" 10490
"../../../Engine/Content/EngineMaterials/Substrate/Glints2/dict_0000_0175.uasset" 10491
"../../../Engine/Content/EngineMaterials/Substrate/Glints2/dict_0000_0179.uasset" 10492
"../../../Engine/Content/EngineMaterials/Substrate/Glints2/dict_0000_0177.uasset" 10493
"../../../Engine/Content/EngineMaterials/Substrate/Glints2/dict_0000_0176.uasset" 10494
"../../../Engine/Content/EngineMaterials/Substrate/Glints2/dict_0000_0174.uasset" 10495
"../../../Engine/Content/EngineMaterials/Substrate/Glints2/dict_0000_0182.uasset" 10496
"/Engine/EngineMaterials/Substrate/Glints2/dict_0000_0174" 10497
"/Engine/EngineMaterials/Substrate/Glints2/dict_0000_0179" 10498
"/Engine/EngineMaterials/Substrate/Glints2/dict_0000_0180" 10499
"/Engine/EngineMaterials/Substrate/Glints2/dict_0000_0181" 10500
"/Engine/EngineMaterials/Substrate/Glints2/dict_0000_0182" 10501
"../../../Engine/Content/EngineMaterials/Substrate/Glints2/dict_0000_0171.uasset" 10502
"/Engine/EngineMaterials/Substrate/Glints2/dict_0000_0175" 10503
"/Engine/EngineMaterials/Substrate/Glints2/dict_0000_0176" 10504
"../../../Engine/Content/EngineMaterials/Substrate/Glints2/dict_0000_0167.uasset" 10505
"../../../Engine/Content/EngineMaterials/Substrate/Glints2/dict_0000_0172.uasset" 10506
"/Engine/EngineMaterials/Substrate/Glints2/dict_0000_0177" 10507
"/Engine/EngineMaterials/Substrate/Glints2/dict_0000_0178" 10508
"/Engine/EngineMaterials/Substrate/Glints2/dict_0000_0167" 10509
"/Engine/EngineMaterials/Substrate/Glints2/dict_0000_0171" 10510
"/Engine/EngineMaterials/Substrate/Glints2/dict_0000_0172" 10511
"../../../Engine/Content/EngineMaterials/Substrate/Glints2/dict_0000_0170.uasset" 10512
"../../../Engine/Content/EngineMaterials/Substrate/Glints2/dict_0000_0169.uasset" 10513
"../../../Engine/Content/EngineMaterials/Substrate/Glints2/dict_0000_0168.uasset" 10514
"../../../Engine/Content/EngineMaterials/Substrate/Glints2/dict_0000_0166.uasset" 10515
"../../../Engine/Content/EngineMaterials/Substrate/Glints2/dict_0000_0164.uasset" 10516
"../../../Engine/Content/EngineMaterials/Substrate/Glints2/dict_0000_0163.uasset" 10517
"../../../Engine/Content/EngineMaterials/Substrate/Glints2/dict_0000_0162.uasset" 10518
"../../../Engine/Content/EngineMaterials/Substrate/Glints2/dict_0000_0165.uasset" 10519
"/Engine/EngineMaterials/Substrate/Glints2/dict_0000_0162" 10520
"../../../Engine/Content/EngineMaterials/Substrate/Glints2/dict_0000_0161.uasset" 10521
"/Engine/EngineMaterials/Substrate/Glints2/dict_0000_0163" 10522
"/Engine/EngineMaterials/Substrate/Glints2/dict_0000_0164" 10523
"../../../Engine/Content/EngineMaterials/Substrate/Glints2/dict_0000_0159.uasset" 10524
"../../../Engine/Content/EngineMaterials/Substrate/Glints2/dict_0000_0158.uasset" 10525
"/Engine/EngineMaterials/Substrate/Glints2/dict_0000_0165" 10526
"../../../Engine/Content/EngineMaterials/Substrate/Glints2/dict_0000_0160.uasset" 10527
"/Engine/EngineMaterials/Substrate/Glints2/dict_0000_0166" 10528
"/Engine/EngineMaterials/Substrate/Glints2/dict_0000_0169" 10529
"/Engine/EngineMaterials/Substrate/Glints2/dict_0000_0168" 10530
"/Engine/EngineMaterials/Substrate/Glints2/dict_0000_0170" 10531
"/Engine/EngineMaterials/Substrate/Glints2/dict_0000_0158" 10532
"../../../Engine/Content/EngineMaterials/Substrate/Glints2/dict_0000_0157.uasset" 10533
"../../../Engine/Content/EngineMaterials/Substrate/Glints2/dict_0000_0154.uasset" 10534
"../../../Engine/Content/EngineMaterials/Substrate/Glints2/dict_0000_0155.uasset" 10535
"/Engine/EngineMaterials/Substrate/Glints2/dict_0000_0159" 10536
"/Engine/EngineMaterials/Substrate/Glints2/dict_0000_0160" 10537
"/Engine/EngineMaterials/Substrate/Glints2/dict_0000_0161" 10538
"/Engine/EngineMaterials/Substrate/Glints2/dict_0000_0155" 10539
"../../../Engine/Content/EngineMaterials/Substrate/Glints2/dict_0000_0156.uasset" 10540
"/Engine/EngineMaterials/Substrate/Glints2/dict_0000_0157" 10541
"../../../Engine/Content/EngineMaterials/Substrate/Glints2/dict_0000_0153.uasset" 10542
"/Engine/EngineMaterials/Substrate/Glints2/dict_0000_0154" 10543
"/Engine/EngineMaterials/Substrate/Glints2/dict_0000_0156" 10544
"../../../Engine/Content/EngineMaterials/Substrate/Glints2/dict_0000_0173.uasset" 10545
"/Engine/EngineMaterials/Substrate/Glints2/dict_0000_0153" 10546
"../../../Engine/Content/EngineMaterials/Substrate/Glints2/dict_0000_0151.uasset" 10547
"/Engine/EngineMaterials/Substrate/Glints2/dict_0000_0173" 10548
"/Engine/EngineMaterials/Substrate/Glints2/dict_0000_0151" 10549
"../../../Engine/Content/EngineMaterials/Substrate/Glints2/dict_0000_0148.uasset" 10550
"../../../Engine/Content/EngineMaterials/Substrate/Glints2/dict_0000_0152.uasset" 10551
"../../../Engine/Content/EngineMaterials/Substrate/Glints2/dict_0000_0146.uasset" 10552
"../../../Engine/Content/EngineMaterials/Substrate/Glints2/dict_0000_0147.uasset" 10553
"../../../Engine/Content/EngineMaterials/Substrate/Glints2/dict_0000_0145.uasset" 10554
"../../../Engine/Content/EngineMaterials/Substrate/Glints2/dict_0000_0150.uasset" 10555
"/Engine/EngineMaterials/Substrate/Glints2/dict_0000_0145" 10556
"/Engine/EngineMaterials/Substrate/Glints2/dict_0000_0146" 10557
"../../../Engine/Content/EngineMaterials/Substrate/Glints2/dict_0000_0144.uasset" 10558
"/Engine/EngineMaterials/Substrate/Glints2/dict_0000_0152" 10559
"../../../Engine/Content/EngineMaterials/Substrate/Glints2/dict_0000_0149.uasset" 10560
"/Engine/EngineMaterials/Substrate/Glints2/dict_0000_0147" 10561
"/Engine/EngineMaterials/Substrate/Glints2/dict_0000_0148" 10562
"/Engine/EngineMaterials/Substrate/Glints2/dict_0000_0150" 10563
"/Engine/EngineMaterials/Substrate/Glints2/dict_0000_0144" 10564
"/Engine/EngineMaterials/Substrate/Glints2/dict_0000_0149" 10565
"../../../Engine/Content/EngineMaterials/Substrate/Glints2/dict_0000_0142.uasset" 10566
"../../../Engine/Content/EngineMaterials/Substrate/Glints2/dict_0000_0138.uasset" 10567
"../../../Engine/Content/EngineMaterials/Substrate/Glints2/dict_0000_0139.uasset" 10568
"../../../Engine/Content/EngineMaterials/Substrate/Glints2/dict_0000_0141.uasset" 10569
"../../../Engine/Content/EngineMaterials/Substrate/Glints2/dict_0000_0135.uasset" 10570
"../../../Engine/Content/EngineMaterials/Substrate/Glints2/dict_0000_0137.uasset" 10571
"../../../Engine/Content/EngineMaterials/Substrate/Glints2/dict_0000_0140.uasset" 10572
"/Engine/EngineMaterials/Substrate/Glints2/dict_0000_0142" 10573
"../../../Engine/Content/EngineMaterials/Substrate/Glints2/dict_0000_0136.uasset" 10574
"/Engine/EngineMaterials/Substrate/Glints2/dict_0000_0135" 10575
"/Engine/EngineMaterials/Substrate/Glints2/dict_0000_0139" 10576
"/Engine/EngineMaterials/Substrate/Glints2/dict_0000_0137" 10577
"/Engine/EngineMaterials/Substrate/Glints2/dict_0000_0138" 10578
"/Engine/EngineMaterials/Substrate/Glints2/dict_0000_0141" 10579
"/Engine/EngineMaterials/Substrate/Glints2/dict_0000_0136" 10580
"../../../Engine/Content/EngineMaterials/Substrate/Glints2/dict_0000_0133.uasset" 10581
"/Engine/EngineMaterials/Substrate/Glints2/dict_0000_0140" 10582
"../../../Engine/Content/EngineMaterials/Substrate/Glints2/dict_0000_0131.uasset" 10583
"/Engine/EngineMaterials/Substrate/Glints2/dict_0000_0131" 10584
"../../../Engine/Content/EngineMaterials/Substrate/Glints2/dict_0000_0130.uasset" 10585
"/Engine/EngineMaterials/Substrate/Glints2/dict_0000_0133" 10586
"/Engine/EngineMaterials/Substrate/Glints2/dict_0000_0130" 10587
"../../../Engine/Content/EngineMaterials/Substrate/Glints2/dict_0000_0128.uasset" 10588
"../../../Engine/Content/EngineMaterials/Substrate/Glints2/dict_0000_0132.uasset" 10589
"/Engine/EngineMaterials/Substrate/Glints2/dict_0000_0132" 10590
"../../../Engine/Content/EngineMaterials/Substrate/Glints2/dict_0000_0134.uasset" 10591
"/Engine/EngineMaterials/Substrate/Glints2/dict_0000_0128" 10592
"/Engine/EngineMaterials/Substrate/Glints2/dict_0000_0134" 10593
"../../../Engine/Content/EngineMaterials/Substrate/Glints2/dict_0000_0124.uasset" 10594
"../../../Engine/Content/EngineMaterials/Substrate/Glints2/dict_0000_0126.uasset" 10595
"../../../Engine/Content/EngineMaterials/Substrate/Glints2/dict_0000_0121.uasset" 10596
"../../../Engine/Content/EngineMaterials/Substrate/Glints2/dict_0000_0120.uasset" 10597
"/Engine/EngineMaterials/Substrate/Glints2/dict_0000_0124" 10598
"../../../Engine/Content/EngineMaterials/Substrate/Glints2/dict_0000_0122.uasset" 10599
"/Engine/EngineMaterials/Substrate/Glints2/dict_0000_0121" 10600
"/Engine/EngineMaterials/Substrate/Glints2/dict_0000_0126" 10601
"/Engine/EngineMaterials/Substrate/Glints2/dict_0000_0120" 10602
"/Engine/EngineMaterials/Substrate/Glints2/dict_0000_0122" 10603
"../../../Engine/Content/EngineMaterials/Substrate/Glints2/dict_0000_0127.uasset" 10604
"../../../Engine/Content/EngineMaterials/Substrate/Glints2/dict_0000_0117.uasset" 10605
"../../../Engine/Content/EngineMaterials/Substrate/Glints2/dict_0000_0119.uasset" 10606
"../../../Engine/Content/EngineMaterials/Substrate/Glints2/dict_0000_0116.uasset" 10607
"../../../Engine/Content/EngineMaterials/Substrate/Glints2/dict_0000_0125.uasset" 10608
"../../../Engine/Content/EngineMaterials/Substrate/Glints2/dict_0000_0115.uasset" 10609
"/Engine/EngineMaterials/Substrate/Glints2/dict_0000_0116" 10610
"/Engine/EngineMaterials/Substrate/Glints2/dict_0000_0117" 10611
"/Engine/EngineMaterials/Substrate/Glints2/dict_0000_0125" 10612
"../../../Engine/Content/EngineMaterials/Substrate/Glints2/dict_0000_0118.uasset" 10613
"/Engine/EngineMaterials/Substrate/Glints2/dict_0000_0127" 10614
"../../../Engine/Content/EngineMaterials/Substrate/Glints2/dict_0000_0129.uasset" 10615
"/Engine/EngineMaterials/Substrate/Glints2/dict_0000_0119" 10616
"/Engine/EngineMaterials/Substrate/Glints2/dict_0000_0115" 10617
"../../../Engine/Content/EngineMaterials/Substrate/Glints2/dict_0000_0123.uasset" 10618
"/Engine/EngineMaterials/Substrate/Glints2/dict_0000_0118" 10619
"/Engine/EngineMaterials/Substrate/Glints2/dict_0000_0123" 10620
"/Engine/EngineMaterials/Substrate/Glints2/dict_0000_0129" 10621
"../../../Engine/Content/EngineMaterials/Substrate/Glints2/dict_0000_0112.uasset" 10622
"../../../Engine/Content/EngineMaterials/Substrate/Glints2/dict_0000_0113.uasset" 10623
"../../../Engine/Content/EngineMaterials/Substrate/Glints2/dict_0000_0114.uasset" 10624
"../../../Engine/Content/EngineMaterials/Substrate/Glints2/dict_0000_0109.uasset" 10625
"/Engine/EngineMaterials/Substrate/Glints2/dict_0000_0112" 10626
"/Engine/EngineMaterials/Substrate/Glints2/dict_0000_0114" 10627
"../../../Engine/Content/EngineMaterials/Substrate/Glints2/dict_0000_0103.uasset" 10628
"../../../Engine/Content/EngineMaterials/Substrate/Glints2/dict_0000_0104.uasset" 10629
"../../../Engine/Content/EngineMaterials/Substrate/Glints2/dict_0000_0111.uasset" 10630
"/Engine/EngineMaterials/Substrate/Glints2/dict_0000_0109" 10631
"/Engine/EngineMaterials/Substrate/Glints2/dict_0000_0113" 10632
"/Engine/EngineMaterials/Substrate/Glints2/dict_0000_0103" 10633
"../../../Engine/Content/EngineMaterials/Substrate/Glints2/dict_0000_0105.uasset" 10634
"../../../Engine/Content/EngineMaterials/Substrate/Glints2/dict_0000_0110.uasset" 10635
"/Engine/EngineMaterials/Substrate/Glints2/dict_0000_0104" 10636
"/Engine/EngineMaterials/Substrate/Glints2/dict_0000_0111" 10637
"/Engine/EngineMaterials/Substrate/Glints2/dict_0000_0110" 10638
"/Engine/EngineMaterials/Substrate/Glints2/dict_0000_0105" 10639
"../../../Engine/Content/EngineMaterials/Substrate/Glints2/dict_0000_0143.uasset" 10640
"/Engine/EngineMaterials/Substrate/Glints2/dict_0000_0143" 10641
"../../../Engine/Content/EngineMaterials/Substrate/Glints2/dict_0000_0108.uasset" 10642
"/Engine/EngineMaterials/Substrate/Glints2/dict_0000_0108" 10643
"../../../Engine/Content/EngineMaterials/Substrate/Glints2/dict_0000_0106.uasset" 10644
"../../../Engine/Content/EngineMaterials/Substrate/Glints2/dict_0000_0100.uasset" 10645
"../../../Engine/Content/EngineMaterials/Substrate/Glints2/dict_0000_0097.uasset" 10646
"../../../Engine/Content/EngineMaterials/Substrate/Glints2/dict_0000_0102.uasset" 10647
"../../../Engine/Content/EngineMaterials/Substrate/Glints2/dict_0000_0101.uasset" 10648
"../../../Engine/Content/EngineMaterials/Substrate/Glints2/dict_0000_0107.uasset" 10649
"../../../Engine/Content/EngineMaterials/Substrate/Glints2/dict_0000_0098.uasset" 10650
"/Engine/EngineMaterials/Substrate/Glints2/dict_0000_0102" 10651
"/Engine/EngineMaterials/Substrate/Glints2/dict_0000_0106" 10652
"/Engine/EngineMaterials/Substrate/Glints2/dict_0000_0098" 10653
"/Engine/EngineMaterials/Substrate/Glints2/dict_0000_0107" 10654
"/Engine/EngineMaterials/Substrate/Glints2/dict_0000_0100" 10655
"../../../Engine/Content/EngineMaterials/Substrate/Glints2/dict_0000_0099.uasset" 10656
"../../../Engine/Content/EngineMaterials/Substrate/Glints2/dict_0000_0092.uasset" 10657
"/Engine/EngineMaterials/Substrate/Glints2/dict_0000_0097" 10658
"/Engine/EngineMaterials/Substrate/Glints2/dict_0000_0101" 10659
"../../../Engine/Content/EngineMaterials/Substrate/Glints2/dict_0000_0089.uasset" 10660
"/Engine/EngineMaterials/Substrate/Glints2/dict_0000_0099" 10661
"/Engine/EngineMaterials/Substrate/Glints2/dict_0000_0089" 10662
"/Engine/EngineMaterials/Substrate/Glints2/dict_0000_0092" 10663
"../../../Engine/Content/EngineMaterials/Substrate/Glints2/dict_0000_0088.uasset" 10664
"/Engine/EngineMaterials/Substrate/Glints2/dict_0000_0088" 10665
"../../../Engine/Content/EngineMaterials/Substrate/Glints2/dict_0000_0091.uasset" 10666
"../../../Engine/Content/EngineMaterials/Substrate/Glints2/dict_0000_0094.uasset" 10667
"/Engine/EngineMaterials/Substrate/Glints2/dict_0000_0094" 10668
"/Engine/EngineMaterials/Substrate/Glints2/dict_0000_0091" 10669
"../../../Engine/Content/EngineMaterials/Substrate/Glints2/dict_0000_0086.uasset" 10670
"../../../Engine/Content/EngineMaterials/Substrate/Glints2/dict_0000_0085.uasset" 10671
"../../../Engine/Content/EngineMaterials/Substrate/Glints2/dict_0000_0090.uasset" 10672
"../../../Engine/Content/EngineMaterials/Substrate/Glints2/dict_0000_0093.uasset" 10673
"/Engine/EngineMaterials/Substrate/Glints2/dict_0000_0093" 10674
"../../../Engine/Content/EngineMaterials/Substrate/Glints2/dict_0000_0087.uasset" 10675
"../../../Engine/Content/EngineMaterials/Substrate/Glints2/dict_0000_0082.uasset" 10676
"../../../Engine/Content/EngineMaterials/Substrate/Glints2/dict_0000_0084.uasset" 10677
"/Engine/EngineMaterials/Substrate/Glints2/dict_0000_0086" 10678
"/Engine/EngineMaterials/Substrate/Glints2/dict_0000_0085" 10679
"/Engine/EngineMaterials/Substrate/Glints2/dict_0000_0090" 10680
"/Engine/EngineMaterials/Substrate/Glints2/dict_0000_0082" 10681
"../../../Engine/Content/EngineMaterials/Substrate/Glints2/dict_0000_0081.uasset" 10682
"/Engine/EngineMaterials/Substrate/Glints2/dict_0000_0087" 10683
"/Engine/EngineMaterials/Substrate/Glints2/dict_0000_0084" 10684
"/Engine/EngineMaterials/Substrate/Glints2/dict_0000_0081" 10685
"../../../Engine/Content/EngineMaterials/Substrate/Glints2/dict_0000_0095.uasset" 10686
"../../../Engine/Content/EngineMaterials/Substrate/Glints2/dict_0000_0083.uasset" 10687
"../../../Engine/Content/EngineMaterials/Substrate/Glints2/dict_0000_0075.uasset" 10688
"../../../Engine/Content/EngineMaterials/Substrate/Glints2/dict_0000_0076.uasset" 10689
"../../../Engine/Content/EngineMaterials/Substrate/Glints2/dict_0000_0080.uasset" 10690
"../../../Engine/Content/EngineMaterials/Substrate/Glints2/dict_0000_0078.uasset" 10691
"../../../Engine/Content/EngineMaterials/Substrate/Glints2/dict_0000_0079.uasset" 10692
"../../../Engine/Content/EngineMaterials/Substrate/Glints2/dict_0000_0077.uasset" 10693
"/Engine/EngineMaterials/Substrate/Glints2/dict_0000_0095" 10694
"/Engine/EngineMaterials/Substrate/Glints2/dict_0000_0080" 10695
"/Engine/EngineMaterials/Substrate/Glints2/dict_0000_0078" 10696
"../../../Engine/Content/EngineMaterials/Substrate/Glints2/dict_0000_0069.uasset" 10697
"/Engine/EngineMaterials/Substrate/Glints2/dict_0000_0075" 10698
"../../../Engine/Content/EngineMaterials/Substrate/Glints2/dict_0000_0070.uasset" 10699
"../../../Engine/Content/EngineMaterials/Substrate/Glints2/dict_0000_0068.uasset" 10700
"/Engine/EngineMaterials/Substrate/Glints2/dict_0000_0076" 10701
"/Engine/EngineMaterials/Substrate/Glints2/dict_0000_0083" 10702
"/Engine/EngineMaterials/Substrate/Glints2/dict_0000_0077" 10703
"../../../Engine/Content/EngineMaterials/Substrate/Glints2/dict_0000_0071.uasset" 10704
"/Engine/EngineMaterials/Substrate/Glints2/dict_0000_0068" 10705
"/Engine/EngineMaterials/Substrate/Glints2/dict_0000_0069" 10706
"/Engine/EngineMaterials/Substrate/Glints2/dict_0000_0070" 10707
"/Engine/EngineMaterials/Substrate/Glints2/dict_0000_0079" 10708
"/Engine/EngineMaterials/Substrate/Glints2/dict_0000_0071" 10709
"../../../Engine/Content/EngineMaterials/Substrate/Glints2/dict_0000_0065.uasset" 10710
"../../../Engine/Content/EngineMaterials/Substrate/Glints2/dict_0000_0064.uasset" 10711
"/Engine/EngineMaterials/Substrate/Glints2/dict_0000_0064" 10712
"/Engine/EngineMaterials/Substrate/Glints2/dict_0000_0065" 10713
"../../../Engine/Content/EngineMaterials/Substrate/Glints2/dict_0000_0074.uasset" 10714
"../../../Engine/Content/EngineMaterials/Substrate/Glints2/dict_0000_0063.uasset" 10715
"../../../Engine/Content/EngineMaterials/Substrate/Glints2/dict_0000_0066.uasset" 10716
"/Engine/EngineMaterials/Substrate/Glints2/dict_0000_0066" 10717
"/Engine/EngineMaterials/Substrate/Glints2/dict_0000_0063" 10718
"/Engine/EngineMaterials/Substrate/Glints2/dict_0000_0074" 10719
"../../../Engine/Content/EngineMaterials/Substrate/Glints2/dict_0000_0072.uasset" 10720
"../../../Engine/Content/EngineMaterials/Substrate/Glints2/dict_0000_0067.uasset" 10721
"../../../Engine/Content/EngineMaterials/Substrate/Glints2/dict_0000_0061.uasset" 10722
"../../../Engine/Content/EngineMaterials/Substrate/Glints2/dict_0000_0060.uasset" 10723
"../../../Engine/Content/EngineMaterials/Substrate/Glints2/dict_0000_0062.uasset" 10724
"../../../Engine/Content/EngineMaterials/Substrate/Glints2/dict_0000_0058.uasset" 10725
"/Engine/EngineMaterials/Substrate/Glints2/dict_0000_0067" 10726
"/Engine/EngineMaterials/Substrate/Glints2/dict_0000_0062" 10727
"../../../Engine/Content/EngineMaterials/Substrate/Glints2/dict_0000_0055.uasset" 10728
"/Engine/EngineMaterials/Substrate/Glints2/dict_0000_0061" 10729
"../../../Engine/Content/EngineMaterials/Substrate/Glints2/dict_0000_0057.uasset" 10730
"/Engine/EngineMaterials/Substrate/Glints2/dict_0000_0058" 10731
"/Engine/EngineMaterials/Substrate/Glints2/dict_0000_0060" 10732
"/Engine/EngineMaterials/Substrate/Glints2/dict_0000_0072" 10733
"/Engine/EngineMaterials/Substrate/Glints2/dict_0000_0057" 10734
"../../../Engine/Content/EngineMaterials/Substrate/Glints2/dict_0000_0053.uasset" 10735
"/Engine/EngineMaterials/Substrate/Glints2/dict_0000_0055" 10736
"../../../Engine/Content/EngineMaterials/Substrate/Glints2/dict_0000_0052.uasset" 10737
"/Engine/EngineMaterials/Substrate/Glints2/dict_0000_0053" 10738
"../../../Engine/Content/EngineMaterials/Substrate/Glints2/dict_0000_0096.uasset" 10739
"../../../Engine/Content/EngineMaterials/Substrate/Glints2/dict_0000_0056.uasset" 10740
"/Engine/EngineMaterials/Substrate/Glints2/dict_0000_0052" 10741
"/Engine/EngineMaterials/Substrate/Glints2/dict_0000_0096" 10742
"../../../Engine/Content/EngineMaterials/Substrate/Glints2/dict_0000_0054.uasset" 10743
"/Engine/EngineMaterials/Substrate/Glints2/dict_0000_0056" 10744
"/Engine/EngineMaterials/Substrate/Glints2/dict_0000_0054" 10745
"../../../Engine/Content/EngineMaterials/Substrate/Glints2/dict_0000_0051.uasset" 10746
"../../../Engine/Content/EngineMaterials/Substrate/Glints2/dict_0000_0059.uasset" 10747
"../../../Engine/Content/EngineMaterials/Substrate/Glints2/dict_0000_0073.uasset" 10748
"../../../Engine/Content/EngineMaterials/Substrate/Glints2/dict_0000_0050.uasset" 10749
"../../../Engine/Content/EngineMaterials/Substrate/Glints2/dict_0000_0049.uasset" 10750
"../../../Engine/Content/EngineMaterials/Substrate/Glints2/dict_0000_0048.uasset" 10751
"/Engine/EngineMaterials/Substrate/Glints2/dict_0000_0073" 10752
"/Engine/EngineMaterials/Substrate/Glints2/dict_0000_0048" 10753
"../../../Engine/Content/EngineMaterials/Substrate/Glints2/dict_0000_0046.uasset" 10754
"/Engine/EngineMaterials/Substrate/Glints2/dict_0000_0049" 10755
"../../../Engine/Content/EngineMaterials/Substrate/Glints2/dict_0000_0044.uasset" 10756
"../../../Engine/Content/EngineMaterials/Substrate/Glints2/dict_0000_0045.uasset" 10757
"../../../Engine/Content/EngineMaterials/Substrate/Glints2/dict_0000_0040.uasset" 10758
"../../../Engine/Content/EngineMaterials/Substrate/Glints2/dict_0000_0043.uasset" 10759
"../../../Engine/Content/EngineMaterials/Substrate/Glints2/dict_0000_0039.uasset" 10760
"/Engine/EngineMaterials/Substrate/Glints2/dict_0000_0050" 10761
"/Engine/EngineMaterials/Substrate/Glints2/dict_0000_0059" 10762
"../../../Engine/Content/EngineMaterials/Substrate/Glints2/dict_0000_0042.uasset" 10763
"/Engine/EngineMaterials/Substrate/Glints2/dict_0000_0051" 10764
"/Engine/EngineMaterials/Substrate/Glints2/dict_0000_0046" 10765
"../../../Engine/Content/EngineMaterials/Substrate/Glints2/dict_0000_0038.uasset" 10766
"/Engine/EngineMaterials/Substrate/Glints2/dict_0000_0042" 10767
"../../../Engine/Content/EngineMaterials/Substrate/Glints2/dict_0000_0037.uasset" 10768
"/Engine/EngineMaterials/Substrate/Glints2/dict_0000_0043" 10769
"/Engine/EngineMaterials/Substrate/Glints2/dict_0000_0044" 10770
"/Engine/EngineMaterials/Substrate/Glints2/dict_0000_0045" 10771
"/Engine/EngineMaterials/Substrate/Glints2/dict_0000_0039" 10772
"/Engine/EngineMaterials/Substrate/Glints2/dict_0000_0040" 10773
"/Engine/EngineMaterials/Substrate/Glints2/dict_0000_0037" 10774
"../../../Engine/Content/EngineMaterials/Substrate/Glints2/dict_0000_0032.uasset" 10775
"../../../Engine/Content/EngineMaterials/Substrate/Glints2/dict_0000_0034.uasset" 10776
"/Engine/EngineMaterials/Substrate/Glints2/dict_0000_0038" 10777
"/Engine/EngineMaterials/Substrate/Glints2/dict_0000_0032" 10778
"/Engine/EngineMaterials/Substrate/Glints2/dict_0000_0034" 10779
"../../../Engine/Content/EngineMaterials/Substrate/Glints2/dict_0000_0030.uasset" 10780
"../../../Engine/Content/EngineMaterials/Substrate/Glints2/dict_0000_0035.uasset" 10781
"../../../Engine/Content/EngineMaterials/Substrate/Glints2/dict_0000_0033.uasset" 10782
"/Engine/EngineMaterials/Substrate/Glints2/dict_0000_0030" 10783
"/Engine/EngineMaterials/Substrate/Glints2/dict_0000_0035" 10784
"/Engine/EngineMaterials/Substrate/Glints2/dict_0000_0033" 10785
"../../../Engine/Content/EngineMaterials/Substrate/Glints2/dict_0000_0041.uasset" 10786
"../../../Engine/Content/EngineMaterials/Substrate/Glints2/dict_0000_0028.uasset" 10787
"../../../Engine/Content/EngineMaterials/Substrate/Glints2/dict_0000_0031.uasset" 10788
"../../../Engine/Content/EngineMaterials/Substrate/Glints2/dict_0000_0027.uasset" 10789
"../../../Engine/Content/EngineMaterials/Substrate/Glints2/dict_0000_0029.uasset" 10790
"../../../Engine/Content/EngineMaterials/Substrate/Glints2/dict_0000_0024.uasset" 10791
"/Engine/EngineMaterials/Substrate/Glints2/dict_0000_0029" 10792
"../../../Engine/Content/EngineMaterials/Substrate/Glints2/dict_0000_0026.uasset" 10793
"/Engine/EngineMaterials/Substrate/Glints2/dict_0000_0041" 10794
"../../../Engine/Content/EngineMaterials/Substrate/Glints2/dict_0000_0025.uasset" 10795
"/Engine/EngineMaterials/Substrate/Glints2/dict_0000_0027" 10796
"/Engine/EngineMaterials/Substrate/Glints2/dict_0000_0031" 10797
"/Engine/EngineMaterials/Substrate/Glints2/dict_0000_0028" 10798
"/Engine/EngineMaterials/Substrate/Glints2/dict_0000_0024" 10799
"/Engine/EngineMaterials/Substrate/Glints2/dict_0000_0026" 10800
"/Engine/EngineMaterials/Substrate/Glints2/dict_0000_0025" 10801
"../../../Engine/Content/EngineMaterials/Substrate/Glints2/dict_0000_0021.uasset" 10802
"../../../Engine/Content/EngineMaterials/Substrate/Glints2/dict_0000_0022.uasset" 10803
"../../../Engine/Content/EngineMaterials/Substrate/Glints2/dict_0000_0019.uasset" 10804
"../../../Engine/Content/EngineMaterials/Substrate/Glints2/dict_0000_0018.uasset" 10805
"../../../Engine/Content/EngineMaterials/Substrate/Glints2/dict_0000_0017.uasset" 10806
"../../../Engine/Content/EngineMaterials/Substrate/Glints2/dict_0000_0020.uasset" 10807
"/Engine/EngineMaterials/Substrate/Glints2/dict_0000_0022" 10808
"/Engine/EngineMaterials/Substrate/Glints2/dict_0000_0017" 10809
"/Engine/EngineMaterials/Substrate/Glints2/dict_0000_0018" 10810
"/Engine/EngineMaterials/Substrate/Glints2/dict_0000_0019" 10811
"../../../Engine/Content/EngineMaterials/Substrate/Glints2/dict_0000_0016.uasset" 10812
"../../../Engine/Content/EngineMaterials/Substrate/Glints2/dict_0000_0013.uasset" 10813
"../../../Engine/Content/EngineMaterials/Substrate/Glints2/dict_0000_0012.uasset" 10814
"../../../Engine/Content/EngineMaterials/Substrate/Glints2/dict_0000_0014.uasset" 10815
"/Engine/EngineMaterials/Substrate/Glints2/dict_0000_0021" 10816
"/Engine/EngineMaterials/Substrate/Glints2/dict_0000_0016" 10817
"/Engine/EngineMaterials/Substrate/Glints2/dict_0000_0020" 10818
"/Engine/EngineMaterials/Substrate/Glints2/dict_0000_0012" 10819
"/Engine/EngineMaterials/Substrate/Glints2/dict_0000_0013" 10820
"/Engine/EngineMaterials/Substrate/Glints2/dict_0000_0014" 10821
"../../../Engine/Content/EngineMaterials/Substrate/Glints2/dict_0000_0015.uasset" 10822
"../../../Engine/Content/EngineMaterials/Substrate/Glints2/dict_0000_0011.uasset" 10823
"../../../Engine/Content/EngineMaterials/Substrate/Glints2/dict_0000_0036.uasset" 10824
"../../../Engine/Content/EngineMaterials/Substrate/Glints2/dict_0000_0047.uasset" 10825
"../../../Engine/Content/EngineMaterials/Substrate/Glints2/dict_0000_0009.uasset" 10826
"../../../Engine/Content/EngineMaterials/Substrate/Glints2/dict_0000_0007.uasset" 10827
"../../../Engine/Content/EngineMaterials/Substrate/Glints2/dict_0000_0008.uasset" 10828
"../../../Engine/Content/EngineMaterials/Substrate/Glints2/dict_0000_0005.uasset" 10829
"../../../Engine/Content/EngineMaterials/Substrate/Volume/SubstrateSimpleVolumeLUT2D.uasset" 10830
"../../../Engine/Content/EngineMaterials/Substrate/Volume/SubstrateSimpleVolumeLUT3D.uasset" 10831
"../../../Engine/Content/EngineMaterials/Substrate/Glints2/dict_0000_0010.uasset" 10832
"../../../Engine/Content/EngineMaterials/Substrate/Volume/SubstrateSimpleVolumeEnvLUT2D.uasset" 10833
"../../../Engine/Content/EngineMaterials/Substrate/Glints2/dict_0000_0006.uasset" 10834
"../../../Engine/Content/EngineMaterials/Substrate/Volume/SubstrateSimpleVolumeEnvLUT3D.uasset" 10835
"../../../Engine/Content/EngineMaterials/Substrate/Glints2/dict_0000_0001.uasset" 10836
"../../../Engine/Content/EngineMaterials/Substrate/Glints2/dict_0000_0004.uasset" 10837
"../../../Engine/Content/EngineMaterials/Substrate/Glints2/dict_0000_0002.uasset" 10838
"../../../Engine/Content/EngineMaterials/Substrate/Glints2/dict_0000_0000.uasset" 10839
"../../../Engine/Content/EngineMaterials/DefaultCalibrationGrayscale.uasset" 10840
"../../../Engine/Content/EngineMaterials/PPM_DefaultCalibrationColor.uasset" 10841
"../../../Engine/Content/Functions/MaterialLayerFunctions/MatLayerBlend_OverrideOpacity.uasset" 10842
"../../../Engine/Content/EngineMaterials/Substrate/Glints2/AGlintTex2dArray2.uasset" 10843
"../../../Engine/Plugins/Interchange/Assets/Content/Functions/MX_Surface.uasset" 10844
"../../../Engine/Content/EngineMaterials/PPM_DefaultCalibrationGrayscale.uasset" 10845
"../../../Engine/Content/EngineMaterials/DefaultCalibrationColor.uasset" 10846
"../../../Engine/Plugins/Interchange/Assets/Content/Functions/MX_Displacement.uasset" 10847
"../../../Engine/Content/Functions/Engine_MaterialFunctions03/Procedurals/HeightToNormalSmooth.uasset" 10848
"../../../Engine/Plugins/NNE/NNEDenoiser/Content/NNEDIM_ColorAlbedoNormal_Default.uasset" 10849
"/InterchangeAssets/Functions/MX_Surface" 10850
"../../../Engine/Plugins/NNE/NNEDenoiser/Content/NNEDIM_HighQuality_Alpha.uasset" 10851
"/Engine/EngineMaterials/Substrate/Glints2/dict_0000_0002" 10852
"/Engine/EngineMaterials/Substrate/Volume/SubstrateSimpleVolumeLUT3D" 10853
"/Engine/EngineMaterials/Substrate/Glints2/dict_0000_0009" 10854
"/Engine/EngineMaterials/Substrate/Glints2/dict_0000_0036" 10855
"/Engine/EngineMaterials/Substrate/Glints2/dict_0000_0007" 10856
"/Engine/EngineMaterials/Substrate/Glints2/dict_0000_0010" 10857
"/Engine/EngineMaterials/Substrate/Glints2/dict_0000_0047" 10858
"/Engine/EngineMaterials/DefaultCalibrationColor" 10859
"/Engine/EngineMaterials/Substrate/Glints2/dict_0000_0011" 10860
"/Engine/EngineMaterials/Substrate/Glints2/dict_0000_0004" 10861
"/Engine/EngineMaterials/Substrate/Glints2/dict_0000_0008" 10862
"/Engine/EngineMaterials/Substrate/Glints2/dict_0000_0000" 10863
"../../../Engine/Plugins/NNE/NNEDenoiser/Content/NNEDIM_ColorAlbedoNormal_Alpha.uasset" 10864
"/Engine/EngineMaterials/Substrate/Glints2/dict_0000_0005" 10865
"/Engine/EngineMaterials/Substrate/Volume/SubstrateSimpleVolumeEnvLUT3D" 10866
"/Engine/EngineMaterials/PPM_DefaultCalibrationGrayscale" 10867
"/Engine/EngineMaterials/PPM_DefaultCalibrationColor" 10868
"/InterchangeAssets/Functions/MX_Displacement" 10869
"../../../Engine/Content/EngineMaterials/Substrate/Glints2/dict_0000_0003.uasset" 10870
"/Engine/EngineMaterials/Substrate/Glints2/dict_0000_0001" 10871
"/Engine/EngineMaterials/Substrate/Glints2/dict_0000_0015" 10872
"../../../Engine/Content/EngineMaterials/Substrate/Glints2/dict_0000_0023.uasset" 10873
"/Engine/EngineMaterials/Substrate/Glints2/dict_0000_0006" 10874
"/NNEDenoiser/NNEDIM_HighQuality_Alpha" 10875
"/NNEDenoiser/NNEDIM_ColorAlbedoNormal_Default" 10876
"../../../Engine/Plugins/NNE/NNEDenoiser/Content/NNEDOM_Output_Alpha.uasset" 10877
"/NNEDenoiser/NNEDIM_ColorAlbedoNormal_Alpha" 10878
"/Engine/EngineMaterials/Substrate/Glints2/AGlintTex2dArray2" 10879
"../../../Engine/Plugins/NNE/NNEDenoiser/Content/NNEDTIM_ColorAlbedoNormal_Default.uasset" 10880
"../../../Engine/Plugins/NNE/NNEDenoiser/Content/NNEDOM_Output_Default.uasset" 10881
"../../../Engine/Plugins/NNE/NNEDenoiser/Content/NNEDIM_HighQuality_Default.uasset" 10882
"../../../Engine/Plugins/NNE/NNEDenoiser/Content/NNEDTOM_Output_Default.uasset" 10883
"../../../Engine/Plugins/NNE/NNEDenoiser/Content/NNEDT_Oidn2-3_Balanced_Alpha.uasset" 10884
"../../../Engine/Plugins/NNE/NNEDenoiser/Content/NNEDT_Oidn2-3_Balanced.uasset" 10885
"../../../Engine/Plugins/NNE/NNEDenoiser/Content/NNEDTIM_ColorAlbedoNormal_Alpha.uasset" 10886
"../../../Engine/Plugins/NNE/NNEDenoiser/Content/NNEDTOM_Output_Alpha.uasset" 10887
"../../../Engine/Plugins/NNE/NNEDenoiser/Content/NNED_Oidn2-3_Balanced.uasset" 10888
"../../../Engine/Plugins/NNE/NNEDenoiser/Content/NNED_Oidn2-3_Fast_Alpha.uasset" 10889
"../../../Engine/Plugins/NNE/NNEDenoiser/Content/NNED_Oidn2-3_Fast.uasset" 10890
"../../../Engine/Plugins/NNE/NNEDenoiser/Content/NNED_Oidn2-3_HighQuality.uasset" 10891
"../../../Engine/Plugins/NNE/NNEDenoiser/Content/NNED_Oidn2-3_Balanced_Alpha.uasset" 10892
"../../../Engine/Plugins/NNE/NNEDenoiser/Content/NNED_Oidn2-3_HighQuality_Alpha.uasset" 10893
"../../../Engine/Plugins/FX/Niagara/Content/ParameterDefinitions/DecalRenderer.uasset" 10894
"../../../Engine/Content/EditorResources/BSPVertex.uasset" 10895
"/NNEDenoiser/NNED_Oidn2-3_HighQuality" 10896
"../../../Engine/Content/EngineMaterials/DefaultBloomKernel.uasset" 10897
"/NNEDenoiser/NNED_Oidn2-3_Fast_Alpha" 10898
"../../../Engine/Plugins/NNE/NNEDenoiser/Content/NNE_oidn2-3-0_rt_hdr_alb_nrm_small__dyn__fp16_opset11_DenoiseAlpha.uasset" 10899
"/NNEDenoiser/NNED_Oidn2-3_Fast" 10900
"/NNEDenoiser/NNED_Oidn2-3_Balanced_Alpha" 10901
"/NNEDenoiser/NNED_Oidn2-3_Balanced" 10902
"../../../Engine/Plugins/NNE/NNEDenoiser/Content/NNE_oidn2-3-0_rt_hdr_alb_nrm_small__dyn__fp16_opset11_ForwardAlpha.uasset" 10903
"/NNEDenoiser/NNEDT_Oidn2-3_Balanced_Alpha" 10904
"/NNEDenoiser/NNEDT_Oidn2-3_Balanced" 10905
"../../../Engine/Content/EngineDebugMaterials/DebugEditorMaterial.uasset" 10906
"/NNEDenoiser/NNEDTOM_Output_Default" 10907
"../../../Engine/Plugins/NNE/NNEDenoiser/Content/NNE_oidn2-3-0_rt_hdr_alb_nrm__dyn__fp16_opset11_DenoiseAlpha.uasset" 10908
"../../../Engine/Content/EngineMaterials/FastBlueNoise_scalar_128x128x64.uasset" 10909
"/NNEDenoiser/NNEDTOM_Output_Alpha" 10910
"/NNEDenoiser/NNEDTIM_ColorAlbedoNormal_Default" 10911
"../../../Engine/Plugins/NNE/NNEDenoiser/Content/NNE_oidn2-3-0_rt_hdr_calb_cnrm_large__dyn__fp16_opset11_DenoiseAlpha.uasset" 10912
"../../../Engine/Plugins/NNE/NNEDenoiser/Content/NNE_oidn2-3-0_rt_hdr_alb_nrm__dyn__fp16_opset11_ForwardAlpha.uasset" 10913
"../../../Engine/Content/EngineMaterials/FastBlueNoise_vec2_128x128x64.uasset" 10914
"/NNEDenoiser/NNEDTIM_ColorAlbedoNormal_Alpha" 10915
"/NNEDenoiser/NNEDOM_Output_Default" 10916
"../../../Engine/Plugins/NNE/NNEDenoiser/Content/NNE_oidn2-3-0_rt_hdr_calb_cnrm_large__dyn__fp16_opset11_ForwardAlpha.uasset" 10917
"../../../Engine/Content/EngineResources/Development/ZenLogo_64.uasset" 10918
"../../../Engine/Content/EngineResources/FilmGrains/Marcie_Grain_v3_128_M2_000.uasset" 10919
"../../../Engine/Content/EngineMaterials/FastBlueNoise_scalar_128x128x8.uasset" 10920
"../../../Engine/Content/EngineMaterials/SMAAAreaTex.uasset" 10921
"../../../Engine/Content/EngineMaterials/EnergyConservation/SheenLegacy_Energy.uasset" 10922
"/NNEDenoiser/NNEDOM_Output_Alpha" 10923
"/NNEDenoiser/NNEDIM_HighQuality_Default" 10924
"/Engine/EngineMaterials/SMAAAreaTex" 10925
"../../../Engine/Content/EngineSounds/Master.uasset" 10926
"/Engine/EngineMaterials/EnergyConservation/SheenLegacy_Energy" 10927
"/Engine/EngineMaterials/FastBlueNoise_vec2_128x128x64" 10928
"/Engine/EngineResources/Development/ZenLogo_64" 10929
"/Engine/EngineResources/FilmGrains/Marcie_Grain_v3_128_M2_000" 10930
"/Engine/EngineMaterials/DefaultBloomKernel" 10931
"/Engine/EditorResources/BSPVertex" 10932
"/NNEDenoiser/NNE_oidn2-3-0_rt_hdr_calb_cnrm_large__dyn__fp16_opset11_ForwardAlpha" 10933
"../../../Engine/Content/EngineMaterials/SMAASearchTex.uasset" 10934
"../../../Engine/Plugins/Interchange/Runtime/Content/Pipelines/DefaultAssetsPipeline.uasset" 10935
"../../../Engine/Plugins/Interchange/Runtime/Content/Pipelines/DefaultGLTFAssetsPipeline.uasset" 10936
"../../../Engine/Plugins/Interchange/Runtime/Content/Pipelines/DefaultGLTFPipeline.uasset" 10937
"../../../Engine/Plugins/Interchange/Runtime/Content/Pipelines/DefaultTexturePipeline.uasset" 10938
"../../../Engine/Plugins/Interchange/Runtime/Content/Pipelines/DefaultAudioPipeline.uasset" 10939
"../../../Engine/Plugins/Interchange/Runtime/Content/Pipelines/DefaultMaterialXPipeline.uasset" 10940
"../../../Engine/Plugins/Interchange/Runtime/Content/Pipelines/DefaultSceneLevelPipeline.uasset" 10941
"../../../Engine/Plugins/Interchange/Runtime/Content/Pipelines/DefaultGLTFSceneAssetsPipeline.uasset" 10942
"../../../Engine/Plugins/Interchange/Runtime/Content/Pipelines/DefaultMaterialPipeline.uasset" 10943
"../../../Engine/Plugins/Interchange/Assets/Content/Functions/MX_SurfaceUnlit.uasset" 10944
"../../../Engine/Plugins/Interchange/Assets/Content/Functions/MX_UsdPreviewSurface.uasset" 10945
"../../../Engine/Plugins/Interchange/Runtime/Content/Pipelines/DefaultSceneAssetsPipeline.uasset" 10946
"/NNEDenoiser/NNE_oidn2-3-0_rt_hdr_calb_cnrm_large__dyn__fp16_opset11_DenoiseAlpha" 10947
"/NNEDenoiser/NNE_oidn2-3-0_rt_hdr_alb_nrm__dyn__fp16_opset11_ForwardAlpha" 10948
"/NNEDenoiser/NNE_oidn2-3-0_rt_hdr_alb_nrm__dyn__fp16_opset11_DenoiseAlpha" 10949
"/NNEDenoiser/NNE_oidn2-3-0_rt_hdr_alb_nrm_small__dyn__fp16_opset11_ForwardAlpha" 10950
"/NNEDenoiser/NNE_oidn2-3-0_rt_hdr_alb_nrm_small__dyn__fp16_opset11_DenoiseAlpha" 10951
"C:/Users/Ali imran/Documents/GitHub/SpaceRatTestBP/Intermediate/ORTOptimizerPass_Optimized5FF53F0D4BB16C97598D99851AE6D07D.onnx" 10952
"C:/Users/Ali imran/Documents/GitHub/SpaceRatTestBP/Intermediate/ORTOptimizerPass_Optimized7FF9E9E64A66528B675B6DA560F26C27.onnx" 10953
"C:/Users/Ali imran/Documents/GitHub/SpaceRatTestBP/Intermediate/ORTOptimizerPass_OptimizedC06E5CF74F88B3423D92F499CE381B22.onnx" 10954
"C:/Users/Ali imran/Documents/GitHub/SpaceRatTestBP/Intermediate/ORTOptimizerPass_Optimized073E51AC455FDEB9B76738B27C62B356.onnx" 10955
"C:/Users/Ali imran/Documents/GitHub/SpaceRatTestBP/Intermediate/ORTOptimizerPass_Optimized9C28F9A346F0BDFF2DC29889B92A480C.onnx" 10956
"C:/Users/Ali imran/Documents/GitHub/SpaceRatTestBP/Intermediate/ORTOptimizerPass_OptimizedA5759BCC44153C77FCA04EB12649BC3E.onnx" 10957
"C:/Users/Ali imran/Documents/GitHub/SpaceRatTestBP/Intermediate/ORTOptimizerPass_Optimized263457664A0FA8039C8EB99DB78B5D5A.onnx" 10958
"C:/Users/Ali imran/Documents/GitHub/SpaceRatTestBP/Intermediate/ORTOptimizerPass_Optimized138A1C8D4E82DC004CFE66BAD7F0FD02.onnx" 10959
"C:/Users/Ali imran/Documents/GitHub/SpaceRatTestBP/Intermediate/ORTOptimizerPass_OptimizedE26C33EB451B404B6A0E93A57910AE54.onnx" 10960
"C:/Users/Ali imran/Documents/GitHub/SpaceRatTestBP/Intermediate/ORTOptimizerPass_OptimizedD388C4F54FDB9D239DAE1883A2C51D6E.onnx" 10961
"C:/Users/Ali imran/Documents/GitHub/SpaceRatTestBP/Intermediate/ORTOptimizerPass_OptimizedFD6487424B503D65C7900C9BD54BCDF0.onnx" 10962
"C:/Users/Ali imran/Documents/GitHub/SpaceRatTestBP/Intermediate/ORTOptimizerPass_OptimizedA16230954F7A2FBEFC9CF0940887F89C.onnx" 10963
"/Engine/EngineMaterials/FastBlueNoise_scalar_128x128x8" 10964
"/NNEDenoiser/NNED_Oidn2-3_HighQuality_Alpha" 10965
"/Engine/EngineMaterials/FastBlueNoise_scalar_128x128x64" 10966
"/Engine/EngineDebugMaterials/DebugEditorMaterial" 10967
"/InterchangeAssets/Functions/MX_UsdPreviewSurface" 10968
"/InterchangeAssets/Functions/MX_SurfaceUnlit" 10969
"../../../Engine/Plugins/Interchange/Assets/Content/Substrate/MX_SimpleVolume.uasset" 10970
"../../../Engine/Plugins/Interchange/Assets/Content/Functions/MX_OrenNayarBSDF.uasset" 10971
"/Interchange/Pipelines/DefaultGLTFSceneAssetsPipeline" 10972
"../../../Engine/Plugins/Interchange/Assets/Content/Functions/MX_BurleyDiffuseBSDF.uasset" 10973
"../../../Engine/Plugins/Interchange/Assets/Content/Functions/MX_TranslucentBSDF.uasset" 10974
"../../../Engine/Plugins/Interchange/Assets/Content/Functions/MX_ConductorBSDF.uasset" 10975
"../../../Engine/Plugins/Interchange/Assets/Content/Functions/MX_DielectricBSDF.uasset" 10976
"../../../Engine/Plugins/Interchange/Assets/Content/Functions/MX_SubsurfaceBSDF.uasset" 10977
"../../../Engine/Plugins/Interchange/Assets/Content/Functions/MX_SheenBSDF.uasset" 10978
"../../../Engine/Plugins/Interchange/Assets/Content/Functions/MX_ChiangHairBSDF.uasset" 10979
"../../../Engine/Plugins/Interchange/Assets/Content/Functions/MX_GeneralizedSchlickBSDF.uasset" 10980
"../../../Engine/Plugins/Interchange/Assets/Content/Functions/MX_UniformEDF.uasset" 10981
"../../../Engine/Plugins/Interchange/Assets/Content/Functions/MX_ConicalEDF.uasset" 10982
"../../../Engine/Plugins/Interchange/Assets/Content/Functions/MX_MeasuredEDF.uasset" 10983
"../../../Engine/Plugins/Interchange/Assets/Content/Functions/MX_AbsorptionVDF.uasset" 10984
"../../../Engine/Plugins/Animation/ControlRig/Content/Controls/ControlRigGizmoMaterial.uasset" 10985
"/Interchange/Pipelines/DefaultSceneLevelPipeline" 10986
"/Interchange/Pipelines/DefaultSceneAssetsPipeline" 10987
"/Interchange/Pipelines/DefaultAudioPipeline" 10988
"/Interchange/Pipelines/DefaultTexturePipeline" 10989
"/Interchange/Pipelines/DefaultMaterialPipeline" 10990
"/Interchange/Pipelines/DefaultGLTFPipeline" 10991
"/Interchange/Pipelines/DefaultGLTFAssetsPipeline" 10992
"/Interchange/Pipelines/DefaultMaterialXPipeline" 10993
"../../../Engine/Plugins/Interchange/Assets/Content/Functions/MX_AnisotropicVDF.uasset" 10994
"/Interchange/Pipelines/DefaultAssetsPipeline" 10995
"/Engine/EngineSounds/Master" 10996
"/Engine/EngineMaterials/SMAASearchTex" 10997
"/ControlRig/Controls/ControlRigGizmoMaterial" 10998
"/InterchangeAssets/Functions/MX_AnisotropicVDF" 10999
"/InterchangeAssets/Functions/MX_AbsorptionVDF" 11000
"/InterchangeAssets/Functions/MX_MeasuredEDF" 11001
"/InterchangeAssets/Functions/MX_ConicalEDF" 11002
"/InterchangeAssets/Functions/MX_UniformEDF" 11003
"/InterchangeAssets/Functions/MX_ChiangHairBSDF" 11004
"/InterchangeAssets/Functions/MX_SheenBSDF" 11005
"/InterchangeAssets/Functions/MX_SubsurfaceBSDF" 11006
"/InterchangeAssets/Functions/MX_GeneralizedSchlickBSDF" 11007
"/InterchangeAssets/Functions/MX_ConductorBSDF" 11008
"/InterchangeAssets/Functions/MX_DielectricBSDF" 11009
"/InterchangeAssets/Functions/MX_TranslucentBSDF" 11010
"/InterchangeAssets/Functions/MX_BurleyDiffuseBSDF" 11011
"/InterchangeAssets/Functions/MX_OrenNayarBSDF" 11012
"/InterchangeAssets/Substrate/MX_SimpleVolume" 11013
"C:/Users/Ali imran/Documents/GitHub/SpaceRatTestBP/Saved/Cooked/Windows/SpaceRatTestBP/Metadata/CookedSettings.txt" 11014
